rgi_id,glac_name,termlat,termlon,cenlat,cenlon,slope_deg,area_km2,zmin_m,zmax_m
RGI2000-v7.0-G-14-35758,CN5Q222A0063,30.621213192333947,80.24473230593448,30.618474,80.24646713693667,21.343992,0.119572231919633,5637.6143,5898.0835
RGI2000-v7.0-G-14-35761,CN5Q222A0060,30.59890236208507,80.26349166445094,30.6016705,80.26289175747864,27.099257,0.140321026759146,5681.5195,6071.9683
RGI2000-v7.0-G-14-35763,,30.57098529599656,80.24184858182505,30.5722825,80.24267975035099,39.85856,0.067898306933266,5748.016,6002.459
RGI2000-v7.0-G-14-35764,,30.594388363163205,80.2337218785618,30.593393,80.22817301434573,24.527098,0.277606463525517,5570.029,6013.682
RGI2000-v7.0-G-14-35766,,30.557130693861485,80.28019598160142,30.5627205,80.28245092267264,20.497486,0.814992454854922,5186.6914,5797.283
RGI2000-v7.0-G-14-35768,CN5Q222A0056,30.58237709921002,80.32224198585665,30.571163,80.3195463606045,20.583334,2.130009268060908,5323.6846,6204.642
RGI2000-v7.0-G-14-35769,CN5Q222A0056,30.572235058069317,80.32803759043918,30.568846999999998,80.33015827139423,21.054323,0.175711241260772,5487.0303,5785.2188
RGI2000-v7.0-G-14-35770,CN5Q222A0040,30.567305548119688,80.3361131065052,30.5663515,80.33510584102132,31.736568,0.072076781669568,5662.3936,5850.72
RGI2000-v7.0-G-14-35771,,30.582384607620657,80.34452426219084,30.580258,80.34386270356372,27.300047,0.079741164097756,5623.1514,5944.9604
RGI2000-v7.0-G-14-35772,CN5Q222A0052,30.57119538862085,80.35953760589095,30.566187,80.35821015903095,22.82957,0.325933196031292,5563.9517,5926.248
RGI2000-v7.0-G-14-35773,CN5Q222A0051,30.565449764728022,80.36372163144343,30.564659,80.36302586203718,26.631428,0.052292112795393,5619.2188,5768.77
RGI2000-v7.0-G-14-35774,,30.563034704132498,80.3618810265548,30.561881,80.36171904815915,26.117607,0.03659113083132,5845.513,5938.778
RGI2000-v7.0-G-14-35776,CN5Q222A0047,30.58020338123453,80.38614949654803,30.579031999999998,80.38515881666666,21.152216,0.07510965900796,5703.276,5855.214
RGI2000-v7.0-G-14-35779,CN5Q222A0049,30.60351817250052,80.37972420037448,30.6006995,80.38113841773855,25.746513,0.175273907274694,5753.924,5986.0747
RGI2000-v7.0-G-14-35780,CN5Q222A0046,30.596806933394223,80.40418574922714,30.593708499999998,80.4008750028045,32.40797,0.201327191158854,5503.275,5931.269
RGI2000-v7.0-G-14-35787,CN5Q222A0055,30.6004571107208,80.33166830483347,30.598406,80.33253366643758,25.664207,0.082096823249142,5634.3535,5856.0796
RGI2000-v7.0-G-14-35789,,30.597885140186918,80.3104539360469,30.594982,80.31081928988763,25.723612,0.140426476323952,5473.031,5719.6533
RGI2000-v7.0-G-14-35790,,30.600661937814994,80.30529656712669,30.598858999999997,80.30533619664754,35.407326,0.051999577021637,5392.328,5659.965
RGI2000-v7.0-G-14-35791,,30.587222353453136,80.30825650346178,30.5866245,80.30892206626592,22.776169,0.021469191416758,5592.781,5658.8057
RGI2000-v7.0-G-14-35792,,30.548978943473735,80.44796007628791,30.5482395,80.44843920742183,33.93196,0.019830655784277,5680.0527,5808.816
RGI2000-v7.0-G-14-35793,,30.55066929733028,80.4528208355463,30.5496325,80.45295119886364,40.320435,0.022557084868752,5573.841,5759.5054
RGI2000-v7.0-G-14-35794,CN5Q222A0032,30.550841221796937,80.47045534485933,30.542962000000003,80.45848771953166,25.026947,1.264223538296424,5301.9,6098.7534
RGI2000-v7.0-G-14-35795,CN5Q222A0032,30.54726269026668,80.4701693524181,30.540908,80.46822730987961,26.316296,0.52454882304731,5353.3433,6046.6387
RGI2000-v7.0-G-14-35797,,30.52669665351096,80.45500526304723,30.526035,80.45672208025466,45.006886,0.026256963678388,5597.1963,5885.9165
RGI2000-v7.0-G-14-35800,,30.51208406068798,80.50489531502465,30.5066615,80.50034994270834,27.931484,0.36604226517368,5269.91,6010.6826
RGI2000-v7.0-G-14-35801,,30.5104971780832,80.50809347903258,30.5052005,80.50609334839208,23.731825,0.570568491794129,5317.925,5969.0415
RGI2000-v7.0-G-14-35803,CN5Q222A0023,30.48781161963445,80.5270471613561,30.48541,80.52850137882096,24.779726,0.11011866816737,5527.4077,5754.4644
RGI2000-v7.0-G-14-35804,,30.494371159682494,80.53123404318629,30.493459,80.53279070331158,35.501602,0.035101785948823,5548.7554,5781.6123
RGI2000-v7.0-G-14-35805,CN5Q222A0022,30.50013170687851,80.53988456051457,30.493381,80.54038446691176,22.889215,0.564928461699773,5390.6055,5959.465
RGI2000-v7.0-G-14-35806,,30.487982421330646,80.54887257039911,30.488712,80.54814259541902,32.185062,0.020577363961564,5830.9805,5971.3574
RGI2000-v7.0-G-14-35807,,30.497554,80.548423,30.494981,80.55039525622206,41.683304,0.096212969818672,5538.857,6074.5522
RGI2000-v7.0-G-14-35810,,30.469858715522644,80.565087444316,30.467633499999998,80.56791114543714,23.676731,0.187659771526555,5308.4194,5572.3525
RGI2000-v7.0-G-14-35811,CN5Q222A0020,30.477851221836318,80.56838560993232,30.471747999999998,80.57745491279604,20.43527,1.462738391700146,5212.0625,5997.1914
RGI2000-v7.0-G-14-35812,,30.464607560903342,80.59104841848504,30.463478000000002,80.58043518406835,28.95632,0.202835896758052,5276.4443,5894.035
RGI2000-v7.0-G-14-35813,CN5Q222A0018,30.474246229566827,80.59008733178501,30.472054999999997,80.58844666820083,21.8585,0.407383719288428,5270.6206,5558.2236
RGI2000-v7.0-G-14-35814,CN5Q222A0017,30.47403156097641,80.60189267225255,30.472924499999998,80.60157940065082,31.307884,0.03310863144518,5389.906,5524.3096
RGI2000-v7.0-G-14-35815,CN5Q222A0017,30.478965555221688,80.61003344390899,30.475637499999998,80.60789782695858,22.180513,0.181012291336068,5373.458,5699.427
RGI2000-v7.0-G-14-35821,CN5Q222A0014,30.467871271332907,80.6626996165321,30.4650665,80.66547385761767,22.099525,0.350848144307436,5491.624,5822.561
RGI2000-v7.0-G-14-35822,CN5Q222A0014,30.470473018187768,80.66520442767244,30.4689015,80.67175911070166,24.350504,0.161139454910002,5514.9473,5901.3286
RGI2000-v7.0-G-14-35823,CN5Q222A0013,30.485059760648046,80.65172021088605,30.484439000000002,80.65661868834842,23.626318,0.145781676469792,5597.0244,5946.61
RGI2000-v7.0-G-14-35825,CN5O173A0091,30.50068082082678,80.64109081556406,30.4998615,80.6400144284897,20.671127,0.033607334526713,5622.1836,5714.0205
RGI2000-v7.0-G-14-35826,,30.497874162763786,80.63027572261086,30.4976535,80.63177806563098,22.891085,0.076976179384216,5532.4746,5645.3564
RGI2000-v7.0-G-14-35827,,30.49297435673507,80.64141457670446,30.492162,80.640592370056,39.003887,0.04392232206693,5813.0684,5960.686
RGI2000-v7.0-G-14-35828,,30.513484879056183,80.64533364707965,30.5128765,80.64435732788436,38.82704,0.043782259384985,5689.9,5845.9404
RGI2000-v7.0-G-14-35831,CN5Q222A0002,30.53648675940489,80.61322984097112,30.531489999999998,80.60876264644315,20.786037,0.40708494021089,5534.7383,6041.9463
RGI2000-v7.0-G-14-35832,CN5Q222A0006,30.544719404833828,80.59838807747649,30.5392,80.60043228937008,21.003954,0.41633791916736,5493.139,5975.1826
RGI2000-v7.0-G-14-35833,CN5Q222A0004,30.55753203457697,80.60785036320921,30.555356,80.60875698078158,31.092207,0.153628778925636,5635.671,5958.7197
RGI2000-v7.0-G-14-35834,CN5Q222A0003,30.55457636142606,80.61704914579057,30.553343499999997,80.616077243369,28.979534,0.071115104448695,5735.7085,5940.8506
RGI2000-v7.0-G-14-35835,,30.537255273022957,80.63126611487608,30.5369305,80.63062676377734,27.204363,0.036954902826521,5769.1367,5906.806
RGI2000-v7.0-G-14-35836,,30.43993110903105,80.65681540546856,30.441181,80.65771631074308,45.12383,0.039558953391779,5775.693,6109.6543
RGI2000-v7.0-G-14-35840,CN5Z342B0024,30.507818172756036,81.33296754405649,30.5053225,81.33441236026817,30.996923,0.143210471404337,5742.9087,6089.042
RGI2000-v7.0-G-14-35841,CN5Z342B0023,30.50852551940611,81.33998352814939,30.502771,81.34589011023753,30.622011,0.846333088252786,5651.738,6301.948
RGI2000-v7.0-G-14-35842,CN5Z342B0022,30.512537186291276,81.35058794414071,30.509688500000003,81.35089591590909,27.857563,0.264269488794025,5748.7866,6083.8057
RGI2000-v7.0-G-14-35843,,30.50041859996657,81.37207160255934,30.498487,81.37057992119253,34.092793,0.084524973856494,5828.238,6131.9473
RGI2000-v7.0-G-14-35844,,30.5042953154536,81.37490403482067,30.4977865,81.38129412258293,20.100199,1.160501628336079,5671.1763,6286.1787
RGI2000-v7.0-G-14-35845,CN5Z342B0018,30.50045175571187,81.39460053002759,30.498243000000002,81.39030640825032,22.711502,0.237676547411288,5656.82,5987.7793
RGI2000-v7.0-G-14-35846,CN5Z342B0017,30.49726297639502,81.3963931285683,30.495860999999998,81.39414105694445,33.98388,0.07906915644513,5711.7983,5995.1094
RGI2000-v7.0-G-14-35847,,30.486764413326004,81.3926691741527,30.485962999999998,81.39270394304859,36.653137,0.019171905872025,5906.376,6044.155
RGI2000-v7.0-G-14-35848,CN5Z342B0014,30.481610652057796,81.39159076511693,30.480076,81.38833868936949,31.508272,0.222403672622399,5872.439,6258.172
RGI2000-v7.0-G-14-35849,CN5Z342B0013,30.476559815826665,81.40063860207295,30.473819,81.3962214558903,21.308945,0.511148179054078,5738.5454,6108.0063
RGI2000-v7.0-G-14-35850,CN5Z342B0012,30.46619598740786,81.40330516347859,30.467281999999997,81.40051391486588,23.816895,0.315360755622394,5759.875,6256.1045
RGI2000-v7.0-G-14-35851,,30.462144474609424,81.38900811538339,30.463433000000002,81.3901330528943,38.925003,0.048899356595702,6183.308,6321.4434
RGI2000-v7.0-G-14-35852,,30.460768845798867,81.38546055521319,30.4614285,81.38264129586693,42.46178,0.074378722195574,6138.742,6401.4165
RGI2000-v7.0-G-14-35854,CN5Z342B0019,30.510550122794157,81.3858584448,30.509104999999998,81.38307965171134,25.786503,0.209736989983229,5748.4316,6028.769
RGI2000-v7.0-G-14-35855,CN5Z342B0004,30.506390950167397,81.44969290029377,30.50325,81.44894238269848,20.82064,0.188249519596947,5785.844,6010.3286
RGI2000-v7.0-G-14-35856,CN5Z342B0003,30.49925803158769,81.45936177235657,30.4950355,81.46086589342224,20.056654,0.593427360988581,5615.6255,5971.676
RGI2000-v7.0-G-14-35858,CN5Z342B0002,30.478818243656303,81.4811800708091,30.4783005,81.47955454531251,25.413559,0.066847638004137,5581.921,5747.75
RGI2000-v7.0-G-14-35860,CN5Z342A0022,30.439836847031618,81.47995296029714,30.440412000000002,81.47812556598183,27.32026,0.084160956473128,5842.6294,6046.563
RGI2000-v7.0-G-14-35861,CN5Z342A0020,30.424294621557543,81.47700761583604,30.422750999999998,81.4773701750328,36.140945,0.109783398988517,5614.5312,5905.7876
RGI2000-v7.0-G-14-35864,,30.447437731852148,81.44063346543034,30.4464695,81.44021592213886,35.50976,0.021244913782331,5884.166,5995.121
RGI2000-v7.0-G-14-35866,,30.466560719545104,81.43252651696042,30.465014,81.43195882593682,24.024181,0.050561234606819,5852.2324,5956.0415
RGI2000-v7.0-G-14-35867,,30.465912027074108,81.42856577573987,30.464450499999998,81.42883014330187,32.479996,0.036105973709576,5774.9873,5949.554
RGI2000-v7.0-G-14-35869,CN5Z342B0011,30.455859739512416,81.41026504085323,30.451133,81.40710608209393,29.82457,1.07256495747234,5560.9062,6204.7983
RGI2000-v7.0-G-14-35870,,30.406457586138337,81.80330196994683,30.4051575,81.80289985688214,30.493044,0.063678325239769,5631.681,5787.4385
RGI2000-v7.0-G-14-35871,CN5Z342A0018,30.38757714610323,81.8165612510034,30.384903,81.81668327309457,30.524889,0.153749621589318,5543.3613,5914.528
RGI2000-v7.0-G-14-35872,,30.38274966346699,81.81068762898089,30.382545999999998,81.81203759060847,28.639553,0.035611790948174,5707.916,5815.3765
RGI2000-v7.0-G-14-35873,CN5Z342A0017,30.38231333461208,81.82323543863767,30.378565000000002,81.82388894694162,23.209108,0.27774252185171,5595.6553,5899.3584
RGI2000-v7.0-G-14-35874,,30.37962292892993,81.8297690807084,30.3775285,81.82907936893818,42.54811,0.049228027090669,5512.146,5923.9604
RGI2000-v7.0-G-14-35875,CN5Z342A0016,30.38036689009643,81.83099021554776,30.3769925,81.83484521302178,25.006435,0.633727315589555,5502.694,5936.5923
RGI2000-v7.0-G-14-35876,,30.371230713192187,81.83746804688683,30.3695425,81.83585287075377,27.924995,0.107306011299354,5700.77,5899.966
RGI2000-v7.0-G-14-35882,,30.369055844562823,81.85853380195884,30.368128,81.85372009928102,24.906631,0.427813994372722,5647.8154,6023.0137
RGI2000-v7.0-G-14-35883,,30.366270434479542,81.86804543559664,30.364288000000002,81.87303988934426,23.454277,0.38452221776281,5604.5205,5946.878
RGI2000-v7.0-G-14-35885,,30.387637504611636,81.87986575004706,30.387010500000002,81.878636,30.142763,0.034072091384073,5768.021,5900.318
RGI2000-v7.0-G-14-35886,,30.399349506417554,81.88302773796273,30.3981645,81.88102833112583,22.78965,0.078728512795556,5872.147,6023.447
RGI2000-v7.0-G-14-35888,CN5Z342A0010,30.38717992815889,81.91045462979066,30.3835655,81.91169848739787,25.45864,0.302112331948147,5635.2686,5992.51
RGI2000-v7.0-G-14-35889,,30.40394102075777,81.91569554977333,30.405258500000002,81.91123642248576,30.9709,0.068542993441287,5889.449,6049.312
RGI2000-v7.0-G-14-35890,,30.385410641902393,81.94797220173596,30.3834085,81.94809704677863,35.10761,0.119206568277093,5762.336,6046.8057
RGI2000-v7.0-G-14-35893,CN5Z342A0008,30.367373103318595,81.93708345894362,30.363275,81.94845287030537,24.654125,1.28627478494823,5460.8267,6132.678
RGI2000-v7.0-G-14-35896,CN5Z342A0005,30.37663929375996,81.97574870977766,30.368383,81.96953458407239,22.70922,1.790284255749169,5399.619,6124.83
RGI2000-v7.0-G-14-35898,,30.35533382662246,81.99729450405945,30.3521925,82.00255896768383,39.30204,0.232520630441314,5412.585,5979.6426
RGI2000-v7.0-G-14-35902,CN5Z342A0014,30.397778644367158,81.85041383858197,30.3959045,81.84853390433405,22.07083,0.169395129358334,5717.0967,5896.9536
RGI2000-v7.0-G-14-35903,,30.40924400639418,81.84457542388385,30.4076565,81.84415241533071,24.469397,0.060869457115889,5798.122,5962.2954
RGI2000-v7.0-G-14-35904,CN5Z342A0001,30.542236040558993,81.98793169295459,30.540784000000002,81.98977965059325,31.997416,0.096027248051699,5670.3823,5909.542
RGI2000-v7.0-G-14-35905,CN5Z342A0001,30.544060088161338,81.99244123750239,30.542158999999998,81.99356102038223,31.811256,0.126892951130781,5679.1665,5941.078
RGI2000-v7.0-G-14-35906,,30.543039893993512,81.99791356484769,30.5421115,81.99663220447964,30.692236,0.026038606010347,5779.1636,5922.8857
RGI2000-v7.0-G-14-35907,CN5Z341E0174,30.730758795413816,82.27548829824023,30.729489,82.27470548694762,31.154451,0.044897107504826,5769.9077,5944.7188
RGI2000-v7.0-G-14-35908,,30.905679923552444,81.61012731261374,30.904483499999998,81.60896014188555,33.84389,0.11848588643405,5610.604,5798.7183
RGI2000-v7.0-G-14-35909,CN5Z342F0003,30.92155693894539,81.59354665941396,30.9208455,81.59309994589336,38.30045,0.032566196888079,5695.3364,5853.848
RGI2000-v7.0-G-14-35910,CN5Z342E0030,31.024636369819863,81.55895026049642,31.0235365,81.55927418874302,35.645805,0.064027508879192,5736.605,5934.772
RGI2000-v7.0-G-14-35911,CN5Z342E0005,31.0286344860828,81.51709617871381,31.027323000000003,81.51658713436385,31.38774,0.048309966795008,5559.7295,5764.3066
RGI2000-v7.0-G-14-35912,CN5Z342E0006,31.03493127384542,81.51213582270681,31.034170500000002,81.5110430240142,32.566654,0.067056863090236,5629.9116,5823.5503
RGI2000-v7.0-G-14-35915,CN5Z342E0004,31.03831957457383,81.49045536202443,31.0362975,81.49247102218379,24.705868,0.147675171972544,5642.2744,5919.9683
RGI2000-v7.0-G-14-35916,CN5Z342E0003,31.029628978080627,81.49079392221557,31.029255499999998,81.4845535096879,20.95849,0.187325333092138,5578.5356,5908.6104
RGI2000-v7.0-G-14-35918,CN5Z342D0101,31.01453737737733,81.47001528786403,31.011348499999997,81.4736142096151,21.792196,0.478084608184742,5515.0337,5885.3936
RGI2000-v7.0-G-14-35920,CN5Z342D0096,31.065675434579777,81.48931047472995,31.065060000000003,81.4854694281579,20.891378,0.267482588300264,5708.5737,6020.858
RGI2000-v7.0-G-14-35921,CN5Z342D0095,31.069033933481286,81.4812574945476,31.0673625,81.48247333367487,41.41298,0.074390788066368,5607.0586,5932.844
RGI2000-v7.0-G-14-35922,CN5Z342D0093,31.07589179651359,81.49422678842758,31.074236499999998,81.49549757184579,27.8466,0.052370369963406,5586.751,5778.576
RGI2000-v7.0-G-14-35923,CN5Z342E0010,31.071771583008058,81.50121689426803,31.070245,81.49936051700485,24.264343,0.108385621666487,5713.717,5895.736
RGI2000-v7.0-G-14-35924,CN5Z342D0091,31.07856065834613,81.50348018907958,31.0782885,81.51027278411959,22.287733,0.383820496431234,5616.649,5875.1167
RGI2000-v7.0-G-14-35925,CN5Z342E0011,31.075922065849294,81.52063970084589,31.0750235,81.51920311107071,25.30127,0.029171527390383,5707.127,5830.4766
RGI2000-v7.0-G-14-35926,CN5Z342E0012,31.091395898685395,81.52316030649067,31.090608500000002,81.52016743698347,21.444565,0.189014444117112,5658.6064,5929.98
RGI2000-v7.0-G-14-35928,,31.092877653105017,81.50591297644495,31.0895495,81.50889699917292,31.255234,0.415432175265367,5597.256,6052.2363
RGI2000-v7.0-G-14-35929,,31.08913158986948,81.50338299999997,31.087860499999998,81.50242495794859,25.670452,0.042077354795514,5737.113,5872.0093
RGI2000-v7.0-G-14-35930,CN5Q153A0013,31.109443813103237,81.51878848404398,31.1058015,81.52008980940593,27.661385,0.359616908765903,5580.0273,6012.257
RGI2000-v7.0-G-14-35931,CN5Z342E0021,31.102891811334036,81.53471067913762,31.102529500000003,81.53361923687892,28.270243,0.034140911863035,5742.127,5850.708
RGI2000-v7.0-G-14-35932,CN5Z342E0019,31.089606298565233,81.54539571789789,31.089239499999998,81.54553225277586,23.6246,0.042297664835205,5728.025,5794.607
RGI2000-v7.0-G-14-35933,CN5Z341E0213,31.131811192400566,81.52196226931761,31.1304725,81.5207740895613,28.892408,0.064171316539205,5716.736,5890.0576
RGI2000-v7.0-G-14-35934,CN5Q153A0010,31.151117921229442,81.51905485053913,31.1503555,81.51915106675948,30.157797,0.034117597234881,5793.1924,5921.2246
RGI2000-v7.0-G-14-35935,CN5Q153A0009,31.16052285425564,81.52149080745502,31.159249,81.52117127598015,31.922497,0.136563710218642,5809.5757,6007.7656
RGI2000-v7.0-G-14-35936,CN5Q153A0002,31.164320213137078,81.55943267735826,31.1635745,81.55920777202314,32.502544,0.030548351192113,5794.0825,5902.686
RGI2000-v7.0-G-14-35937,,31.165334464370176,81.57155413638348,31.164606,81.5695062793422,29.06664,0.046583665723414,5772.3516,5924.689
RGI2000-v7.0-G-14-35938,CN5Q153A0005,31.185569996819048,81.55352193519504,31.1850435,81.55274724300146,26.595682,0.033688470413463,5988.1084,6081.6885
RGI2000-v7.0-G-14-35939,,31.179119584310467,81.47533518216302,31.1785845,81.4762880550554,27.077967,0.021349902124628,5819.938,5899.222
RGI2000-v7.0-G-14-35940,CN5Q153A0031,31.181631874545932,81.4695516829847,31.1776385,81.47138935403727,27.953384,0.253292202852183,5579.8726,6058.5063
RGI2000-v7.0-G-14-35941,CN5Q153A0031,31.17866822769021,81.46646889722857,31.173967,81.46093973846261,20.038761,0.68681520461239,5631.065,6033.367
RGI2000-v7.0-G-14-35942,CN5Q153A0033,31.17446997527233,81.4444701970129,31.170647,81.44733952705627,21.683287,0.535225702269079,5646.829,5994.3735
RGI2000-v7.0-G-14-35943,CN5Q153A0033,31.170002180333224,81.44027139380101,31.167928500000002,81.43857588926025,25.804855,0.135525069414817,5759.0083,6023.9453
RGI2000-v7.0-G-14-35945,CN5Q153A0040,31.187899565678528,81.41286097255283,31.1865475,81.413683132042,28.417257,0.065353649276356,5794.203,5989.75
RGI2000-v7.0-G-14-35946,CN5Z342D0042,31.18556317855589,81.4091835436945,31.184798,81.40972081818182,30.195513,0.055669218208922,5786.937,5927.5522
RGI2000-v7.0-G-14-35947,CN5Q153A0039,31.19890317439281,81.41975962631199,31.194492500000003,81.42396925059161,25.116648,0.710950977885242,5618.4062,6063.52
RGI2000-v7.0-G-14-35948,CN5Q153A0038,31.201884070090177,81.43118662664011,31.1989435,81.43103938992171,26.601877,0.203496102941414,5709.851,6017.219
RGI2000-v7.0-G-14-35949,CN5Q153A0037,31.210017429991936,81.436960852022,31.2083535,81.43613442840734,32.057384,0.1139859172917,5813.563,6028.027
RGI2000-v7.0-G-14-35950,CN5Q153A0036,31.217337232822654,81.44978925363456,31.215896,81.44777093677183,32.653027,0.102209769243591,5757.3926,6012.6274
RGI2000-v7.0-G-14-35951,,31.230466402527345,81.4544312264272,31.229905000000002,81.45511859710246,33.416924,0.015097829036275,5899.6567,5979.458
RGI2000-v7.0-G-14-35952,CN5Q153A0035,31.232322225993837,81.4611824152973,31.231364,81.46005294070585,35.52426,0.033134118936517,5804.821,5976.294
RGI2000-v7.0-G-14-35953,CN5Q153A0045,31.2646510237124,81.45855627713156,31.263086,81.45656754297926,20.999702,0.11076052291466,5903.359,6063.277
RGI2000-v7.0-G-14-35954,CN5Q153A0046,31.261325297952325,81.44430527104029,31.260246000000002,81.44423736803519,32.904823,0.051940176923155,5875.332,6036.77
RGI2000-v7.0-G-14-35956,CN5Q153A0047,31.264568098014962,81.43051572463149,31.2592785,81.42885730124223,22.893826,0.493872975837677,5728.774,6167.515
RGI2000-v7.0-G-14-35957,CN5Q153A0050,31.25515522699018,81.41486895541311,31.2542495,81.4153647631291,37.427322,0.035400829268877,5807.7793,5987.945
RGI2000-v7.0-G-14-35958,CN5Q153A0044,31.249778069432338,81.41313277939088,31.249086,81.41202625779627,26.411041,0.031500583301281,5950.3354,6044.416
RGI2000-v7.0-G-14-35959,CN5Q153A0051,31.237649088434598,81.40512710492249,31.235393000000002,81.40718275677162,32.16995,0.118064302554579,5708.628,6063.2046
RGI2000-v7.0-G-14-35960,CN5Q153A0043,31.234448150197252,81.41199438063977,31.2334175,81.41017674179432,25.031067,0.06661944550299,5937.1147,6065.287
RGI2000-v7.0-G-14-35961,CN5Q153A0042,31.228305921204047,81.41536906064006,31.227256,81.41516600360717,31.03447,0.078842644891904,5792.5625,5945.1147
RGI2000-v7.0-G-14-35962,CN5Q153A0053,31.234776705132163,81.39815184818349,31.229362000000002,81.39334543577459,22.682064,0.545254484925784,5659.924,6193.21
RGI2000-v7.0-G-14-35963,CN5Q153A0054,31.24307734894123,81.38102436814324,31.239833500000003,81.38401915138729,31.90093,0.433147619163357,5685.0874,6200.5137
RGI2000-v7.0-G-14-35964,CN5Q153A0041,31.21204889536859,81.3969818070826,31.2111845,81.3950745372845,26.791113,0.036252557043128,5911.912,6025.4863
RGI2000-v7.0-G-14-35965,,31.185464000001307,81.45348489412562,31.184488,81.4528043769727,32.246265,0.029184977864779,5881.667,6011.019
RGI2000-v7.0-G-14-35966,,31.189083951727543,81.45766470395868,31.186372,81.45750450604471,29.746513,0.15429087875127,5671.5654,6030.7607
RGI2000-v7.0-G-14-35967,CN5Q153A0028,31.14708945485364,81.44023260442995,31.145180500000002,81.44007680235478,29.96245,0.114288506179651,5662.096,5891.067
RGI2000-v7.0-G-14-35968,CN5Q153A0030,31.145413004058724,81.42948364260232,31.1433475,81.429359875,31.628435,0.115833701638089,5639.667,5935.397
RGI2000-v7.0-G-14-35969,CN5Q153A0026,31.135377741574715,81.43634555598341,31.1342875,81.43565449890829,36.181953,0.083705024583241,5736.0264,5950.6045
RGI2000-v7.0-G-14-35970,CN5Q153A0023,31.124830076930444,81.44903158183342,31.123467499999997,81.44697115873828,30.882305,0.079955241777567,5747.8555,5906.5283
RGI2000-v7.0-G-14-35971,CN5Q153A0021,31.122395987561724,81.46285929070534,31.121816000000003,81.46315818098313,27.192131,0.025818354842366,5761.302,5855.832
RGI2000-v7.0-G-14-35972,CN5Q153A0020,31.120183305418955,81.46962395103311,31.1185065,81.46596472230023,22.136232,0.135489402410704,5696.6665,5914.187
RGI2000-v7.0-G-14-35973,CN5Q153A0017,31.124746826679328,81.48121991388697,31.123326499999997,81.47968513347419,32.77171,0.058873689236167,5714.8296,5927.122
RGI2000-v7.0-G-14-35974,CN5Q153A0018,31.132426523428272,81.48225634016349,31.1315935,81.48108666558441,28.662733,0.084482444466403,5776.285,5917.1357
RGI2000-v7.0-G-14-35976,CN5Q153A0016,31.120597190762425,81.49034117320289,31.1175915,81.49236191784452,36.704876,0.267101576304972,5561.8135,6048.7505
RGI2000-v7.0-G-14-35977,CN5Z342D0083,31.109764654528995,81.4475541014496,31.108347,81.44581253958333,31.981987,0.079342168256441,5722.2505,5978.309
RGI2000-v7.0-G-14-35978,CN5Z342D0067,31.109542344742007,81.437511923586,31.104122,81.43737112658228,23.589935,0.808490086544797,5539.959,6025.5493
RGI2000-v7.0-G-14-35979,,31.106639791933578,81.4295106678969,31.1055375,81.4290059423077,22.769852,0.028590178899467,5815.5303,5893.9653
RGI2000-v7.0-G-14-35980,,31.111602852148184,81.42333300056508,31.1081945,81.42718146460507,26.290758,0.317534807613512,5573.09,6046.835
RGI2000-v7.0-G-14-35981,CN5Z342D0069,31.101557959632085,81.4172190700152,31.098786500000003,81.42413761973948,28.438679,0.61778948462101,5543.394,6068.525
RGI2000-v7.0-G-14-35982,CN5Z342D0075,31.090035465731432,81.41685023802467,31.0890525,81.41543142738955,20.695044,0.07994837594267,5828.0327,6000.3335
RGI2000-v7.0-G-14-35983,CN5Z342D0074,31.08570345459402,81.41633258627789,31.0845465,81.41540752862812,30.30397,0.053902457768751,5773.455,5986.47
RGI2000-v7.0-G-14-35984,CN5Z342D0073,31.08013052488048,81.42277828066486,31.077398000000002,81.41970979984643,28.634562,0.192473520202306,5631.2373,6048.875
RGI2000-v7.0-G-14-35985,CN5Z342D0071,31.071790805841694,81.40695711166066,31.069238499999997,81.40803277516747,32.830345,0.127622229423741,5598.717,6049.486
RGI2000-v7.0-G-14-35986,CN5Z342D0072,31.06391340172697,81.41401384584019,31.0623865,81.41131961781609,31.586908,0.128226414446521,5661.1333,5912.9497
RGI2000-v7.0-G-14-35987,CN5Z342D0077,31.07816737179242,81.43679172661312,31.0766345,81.43763371949761,30.384224,0.063288266038933,5730.4746,5940.4653
RGI2000-v7.0-G-14-35988,CN5Z342D0080,31.079262315330695,81.44270401807134,31.0776875,81.44161966533181,30.098501,0.064815759736805,5726.7466,5940.3105
RGI2000-v7.0-G-14-35989,CN5Z342D0081,31.086201389581312,81.44241120381407,31.084672,81.44106846340495,35.337772,0.119368393405756,5644.7544,5985.0864
RGI2000-v7.0-G-14-35990,CN5Z342D0063,31.111007586242835,81.3892962053195,31.110214,81.38933565650592,35.8451,0.048338822214963,5642.138,5777.173
RGI2000-v7.0-G-14-35991,CN5Z342D0062,31.10383803913398,81.38310046408128,31.103279999999998,81.38257906449314,38.4762,0.019672524310909,5736.755,5878.836
RGI2000-v7.0-G-14-35992,CN5Z342D0049,31.121505161341368,81.37777007956144,31.119388,81.37588820228066,27.415346,0.088665447324289,5790.904,6074.6006
RGI2000-v7.0-G-14-35993,CN5Z342D0050,31.125117615190234,81.36791344071067,31.120635999999998,81.37101802730193,24.395407,0.333724270512262,5616.3203,6085.9424
RGI2000-v7.0-G-14-35994,CN5Z342D0048,31.12902953014619,81.3790484153077,31.122087,81.38280303946433,23.619772,0.856769149660327,5504.5645,6054.7764
RGI2000-v7.0-G-14-35995,CN5Z342D0064,31.12836877577172,81.39396570894988,31.126046000000002,81.39083441835443,25.67579,0.194634882749823,5688.7456,6029.8486
RGI2000-v7.0-G-14-35996,CN5Z342D0045,31.140758438450625,81.39642280539086,31.1401645,81.39586370171035,37.892487,0.045134245739569,5876.228,6034.8105
RGI2000-v7.0-G-14-35997,CN5Z342D0045,31.14243870646285,81.39920581630301,31.1416425,81.39925634461991,37.135437,0.024254039420472,5670.9097,5781.917
RGI2000-v7.0-G-14-35998,CN5Z342D0065,31.13452328243629,81.4125973422741,31.1333315,81.41329433854557,23.440102,0.050653032520346,5737.9033,5854.681
RGI2000-v7.0-G-14-35999,,31.094571194440285,81.36225652273141,31.0935205,81.36146791317121,40.361713,0.033160422830198,5700.826,5926.204
RGI2000-v7.0-G-14-36000,CN5Z342D0052,31.08357943989952,81.35826003338198,31.0830385,81.36104758639706,30.077682,0.07316403030007,5578.8013,5847.92
RGI2000-v7.0-G-14-36001,,31.080793266330826,81.35310194898842,31.0803285,81.35409416657778,27.911873,0.014682081959788,5545.271,5612.136
RGI2000-v7.0-G-14-36002,CN5Z342D0054,31.078994997011357,81.34864406172926,31.077744000000003,81.34647510483175,26.356117,0.116400521537554,5545.9917,5765.2188
RGI2000-v7.0-G-14-36003,CN5Z342D0061,31.07449313389225,81.35083553200957,31.074533,81.34779545081967,36.279396,0.064898925099044,5694.793,5949.2734
RGI2000-v7.0-G-14-36004,,31.077855999999997,81.339821,31.07733,81.34109650638352,29.070198,0.021777074123212,5650.5986,5769.871
RGI2000-v7.0-G-14-36005,CN5Z342D0055,31.082861703960702,81.33043936279306,31.072710999999998,81.33070039134616,20.61503,2.395239335442465,5240.675,6114.7227
RGI2000-v7.0-G-14-36006,CN5Z342D0058,31.058224377319018,81.3323191065959,31.060201,81.32801749452062,30.969007,0.374141182631121,5727.528,6105.7344
RGI2000-v7.0-G-14-36008,CN5Z342D0057,31.058102295143886,81.31824930572759,31.063264500000002,81.3157093713694,37.6508,0.707945803691225,5654.452,6448.569
RGI2000-v7.0-G-14-36009,CN5Z342D0056,31.08695507266737,81.3168748152543,31.079056,81.31670437916667,20.553284,0.880506787765052,5324.7437,5847.442
RGI2000-v7.0-G-14-36010,CN5Z342D0059,31.035232937713317,81.34037252974994,31.0343135,81.34141788506815,39.50184,0.04391000572805,5671.1655,5903.0757
RGI2000-v7.0-G-14-36014,,31.08349018859577,81.24221284436975,31.086106,81.2405655235955,23.932058,0.176789818290986,5858.241,6010.1733
RGI2000-v7.0-G-14-36016,CN5Z342D0011,31.081272826334235,81.21748003384477,31.085012,81.22359991418836,36.24983,0.389637415929828,5852.121,6216.4707
RGI2000-v7.0-G-14-36017,CN5Z342D0009,31.093391944688975,81.201443726539,31.086502,81.21219652264546,27.846283,1.722171921632014,5402.292,6145.2866
RGI2000-v7.0-G-14-36018,CN5Z342D0008,31.097450811122826,81.20965661172492,31.096424499999998,81.21158274077868,35.12512,0.133814642227129,5737.647,6092.14
RGI2000-v7.0-G-14-36021,CN5Z342D0006,31.111195141490686,81.22155752161443,31.107711000000002,81.2275472098958,24.992493,0.548143725016786,5624.9717,6049.2095
RGI2000-v7.0-G-14-36022,,31.116817934230333,81.22385537730072,31.1164105,81.22552037310194,31.673977,0.021343772224691,5837.3384,5958.836
RGI2000-v7.0-G-14-36024,CN5Z342D0022,31.115429391331794,81.25210745311833,31.115952,81.2496456834687,25.66341,0.081826815769176,5784.532,5961.191
RGI2000-v7.0-G-14-36025,CN5Z342D0025,31.11920295782783,81.25124677506386,31.118837999999997,81.25029660413196,27.445768,0.036367837069705,5801.616,5890.228
RGI2000-v7.0-G-14-36026,CN5Z342D0024,31.116145427333134,81.25808939979083,31.1156155,81.25678223682004,33.291897,0.04220967679865,5711.847,5873.077
RGI2000-v7.0-G-14-36029,CN5Q153A0091,31.145460057428537,81.24538449827722,31.145702,81.24887049505494,31.231659,0.085044642043017,5797.748,6084.2593
RGI2000-v7.0-G-14-36031,CN5Q153A0089,31.15582289662385,81.26001739451154,31.155639,81.26117656397469,31.090364,0.031612144217659,5889.4775,6020.2075
RGI2000-v7.0-G-14-36032,CN5Q153A0088,31.16077033999837,81.25916889419086,31.1589885,81.26146945990217,33.05759,0.14847653532985,5680.711,5965.277
RGI2000-v7.0-G-14-36034,CN5Q153A0087,31.166375119993106,81.26669190513658,31.165134000000002,81.26946156573035,35.573505,0.108934549808148,5685.219,5985.2656
RGI2000-v7.0-G-14-36035,CN5Z342D0032,31.17844213806147,81.27589358340416,31.1766075,81.27368571273826,22.631706,0.208365774043741,5780.08,6041.65
RGI2000-v7.0-G-14-36036,CN5Q153A0085,31.185305532861772,81.29304873766995,31.184652,81.29019688533674,34.717327,0.036446414746234,5736.201,5866.5005
RGI2000-v7.0-G-14-36037,CN5Z342D0033,31.1805566525031,81.29676376687324,31.1799185,81.29844796640913,25.447697,0.055469551542331,5658.3716,5796.4863
RGI2000-v7.0-G-14-36038,CN5Q153A0083,31.175543748334878,81.30450953709023,31.174571999999998,81.30468283162219,33.25903,0.04317051543988,5676.1143,5829.592
RGI2000-v7.0-G-14-36039,,31.159581821741448,81.30818217636283,31.15894,81.30877581569949,36.277676,0.034655617728971,5750.0117,5854.894
RGI2000-v7.0-G-14-36040,CN5Z342D0034,31.160396719920477,81.31167170876338,31.15975,81.31193909051724,31.273762,0.022877044479619,5772.441,5885.3906
RGI2000-v7.0-G-14-36041,CN5Z342D0041,31.16017402009602,81.32093582391128,31.1579545,81.31849391970198,30.76384,0.159391607506324,5664.352,5967.6475
RGI2000-v7.0-G-14-36042,CN5Z342D0035,31.144857110379245,81.31031514057113,31.1440835,81.31016114720933,36.124603,0.038153626085843,5681.541,5844.4014
RGI2000-v7.0-G-14-36043,CN5Z342D0036,31.146093616045377,81.3061076339819,31.1451325,81.30558937063319,32.164772,0.048751398582545,5721.7334,5883.6465
RGI2000-v7.0-G-14-36044,CN5Z342D0038,31.135168974200756,81.31632221520726,31.134393,81.31782571609178,32.803764,0.024140724547119,5773.1353,5920.649
RGI2000-v7.0-G-14-36045,,31.136209427807525,81.32101882104045,31.135205,81.3224549529674,42.63509,0.058136831329473,5719.6616,5915.02
RGI2000-v7.0-G-14-36046,CN5Z342D0039,31.129903307328217,81.32118324540946,31.129405,81.31991464371572,33.97773,0.017255666928675,5774.905,5888.864
RGI2000-v7.0-G-14-36047,,31.137640737483594,81.27589657858712,31.137053,81.27507355335068,32.282757,0.03831243175529,5633.9937,5768.369
RGI2000-v7.0-G-14-36048,CN5Z342D0029,31.136101746730404,81.27290789646216,31.135528,81.27278600604231,35.78255,0.02605662229134,5887.704,6014.5317
RGI2000-v7.0-G-14-36050,CN5Z342D0027,31.13909317397719,81.2573859098457,31.138658,81.25675913842583,37.81112,0.026213652644612,5775.759,5917.459
RGI2000-v7.0-G-14-36051,CN5Z342D0026,31.13355525595675,81.25846819859738,31.135416,81.25413124556962,26.856453,0.235015768342078,5780.6016,6189.07
RGI2000-v7.0-G-14-36052,,31.147974761953787,81.2581022702541,31.147607999999998,81.26077756708861,24.255514,0.086018113208785,5858.0776,6077.9014
RGI2000-v7.0-G-14-36053,CN5Z342D0030,31.152009900020406,81.26979219512188,31.150864,81.26494467593514,20.926678,0.313363354594678,5708.4526,6042.2715
RGI2000-v7.0-G-14-36054,CN5Q153A0093,31.17877429193311,81.23205002824004,31.1776665,81.23273291354411,32.243454,0.054455210890012,5701.8745,5864.2754
RGI2000-v7.0-G-14-36055,CN5Q153A0094,31.1772697839395,81.2242668712444,31.1756625,81.2262092940676,37.31938,0.159040093262336,5647.271,5979.3535
RGI2000-v7.0-G-14-36056,CN5Q221C0082,31.17647029015108,81.21414911509987,31.1756615,81.21679528047974,32.247585,0.042045572117889,5829.8677,5955.9604
RGI2000-v7.0-G-14-36057,CN5Q221C0085,31.161176151580918,81.20582002017545,31.1605665,81.20831269047619,31.141045,0.058925693161014,5710.6123,5950.639
RGI2000-v7.0-G-14-36058,,31.15901246088983,81.2031148815626,31.158274499999997,81.2038806875,43.370483,0.013297192740677,5798.988,5942.643
RGI2000-v7.0-G-14-36059,CN5Q221C0087,31.14939076164855,81.20028347415038,31.149974,81.2049614118541,33.687645,0.336803712734305,5646.9595,6001.5713
RGI2000-v7.0-G-14-36060,CN5Z342D0002,31.14834924557389,81.21942208281152,31.146717000000002,81.21662157824429,32.72376,0.311790042225229,5659.3066,6051.859
RGI2000-v7.0-G-14-36061,CN5Q221C0089,31.1401363936499,81.2095549737253,31.139386000000002,81.21077824236829,34.770382,0.028462485898734,5689.0005,5862.57
RGI2000-v7.0-G-14-36062,CN5Q221C0090,31.13677946662558,81.19780827502994,31.132058,81.20161556487747,24.937288,0.582246907560859,5500.5605,5949.876
RGI2000-v7.0-G-14-36064,CN5Q221C0091,31.137995625193295,81.18194715132438,31.1360335,81.18531356078947,28.306578,0.246629204448593,5638.418,5993.8066
RGI2000-v7.0-G-14-36065,CN5Q221C0093,31.12646416552541,81.16881425478871,31.1248795,81.16988548409091,37.59725,0.073641313211911,5599.302,5885.6133
RGI2000-v7.0-G-14-36066,CN5Q221C0094,31.11463985881579,81.17336736340489,31.1159275,81.18151473476401,21.476776,1.207884855896644,5473.683,5931.121
RGI2000-v7.0-G-14-36067,,31.079695175811036,81.19905076309765,31.077866999999998,81.20178888615663,36.803764,0.158513106065567,5556.5005,5925.9443
RGI2000-v7.0-G-14-36068,,31.058336996880854,81.22382705155262,31.057648999999998,81.22313892206478,29.03056,0.015352047118196,5717.713,5790.5024
RGI2000-v7.0-G-14-36071,,31.145036274490767,81.13052015291134,31.1444395,81.13199387434554,39.48032,0.020219169449391,5764.5986,5940.2637
RGI2000-v7.0-G-14-36072,CN5Q221C0081,31.15121884904248,81.1315572162761,31.148001999999998,81.13445249669604,34.42082,0.208150361415877,5493.194,5966.53
RGI2000-v7.0-G-14-36073,CN5Q221C0080,31.159527026171144,81.13852778908988,31.159335,81.13973724512155,36.611073,0.045154803472437,5682.615,5824.582
RGI2000-v7.0-G-14-36074,CN5Q221C0079,31.164090101516756,81.14634904060884,31.161899,81.14786251211453,32.39901,0.188157876448585,5608.2446,5944.3823
RGI2000-v7.0-G-14-36075,CN5Q221C0078,31.166731738867796,81.1486907005706,31.1650435,81.1532924965928,22.8979,0.22751056788127,5659.401,6003.1284
RGI2000-v7.0-G-14-36076,CN5Q221C0077,31.17453025936249,81.15703264299655,31.169249999999998,81.15674107142857,20.615606,0.477224149811315,5542.3193,5891.9414
RGI2000-v7.0-G-14-36077,CN5Q153A0096,31.184810888586554,81.16547309866466,31.182679,81.16482870902847,30.266752,0.113926335325413,5596.7554,5881.576
RGI2000-v7.0-G-14-36078,CN5Q153A0095,31.1848749795487,81.17745888203285,31.1836535,81.17725083366454,27.513498,0.022872139520728,5740.087,5838.4453
RGI2000-v7.0-G-14-36079,CN5Q153A0097,31.200621459754867,81.16114042774079,31.199394499999997,81.15999616070258,30.916716,0.078314635100537,5704.0767,5928.0244
RGI2000-v7.0-G-14-36080,CN5Q221C0061,31.20387077029819,81.15234345715089,31.200682,81.15402321779197,30.661257,0.152383759457428,5563.844,6035.4917
RGI2000-v7.0-G-14-36081,CN5Q221C0060,31.208446319784393,81.15497540696543,31.2069615,81.15761207356492,37.947178,0.101758732770768,5655.121,6004.252
RGI2000-v7.0-G-14-36082,CN5Q221C0059,31.218831146781167,81.1584026891376,31.214633499999998,81.16035548659656,22.419718,0.315765909398702,5595.9,5981.772
RGI2000-v7.0-G-14-36083,CN5Q153A0100,31.218741960641925,81.17036802333955,31.216862,81.16902772735587,24.970861,0.184477890652996,5649.2856,5919.6353
RGI2000-v7.0-G-14-36084,CN5Q153A0099,31.22253692137182,81.1762355662879,31.2213865,81.17575471588367,41.17153,0.051088878314702,5718.877,5961.5757
RGI2000-v7.0-G-14-36085,CN5Q221C0053,31.236383357353997,81.1595367877711,31.234503500000002,81.16005691195136,38.651085,0.035015746356466,5606.9478,5918.4224
RGI2000-v7.0-G-14-36086,,31.24292276108441,81.17173244697605,31.241471500000003,81.17233324539819,41.347187,0.04029560339476,5611.3325,5894.5986
RGI2000-v7.0-G-14-36087,,31.228010305664565,81.14719358668322,31.2273525,81.14730177680525,50.216343,0.02241170969857,5754.87,5923.359
RGI2000-v7.0-G-14-36088,,31.228342838440398,81.14315802343461,31.227769000000002,81.14324007995374,40.347755,0.016181405156192,5811.16,5939.9956
RGI2000-v7.0-G-14-36089,CN5Q221C0054,31.229544916217243,81.13680348486835,31.2257015,81.13751788931717,22.644533,0.323877423964139,5622.5117,5969.191
RGI2000-v7.0-G-14-36090,CN5Q221C0056,31.220970298752437,81.1342990307115,31.2195215,81.13571072882151,30.68335,0.060650643029799,5689.286,5882.6064
RGI2000-v7.0-G-14-36091,,31.216802085207092,81.12856067732842,31.2155865,81.12890302160613,40.937885,0.036105375040773,5592.2544,5824.5425
RGI2000-v7.0-G-14-36092,CN5Q221C0058,31.217419668598417,81.12399461973735,31.2164715,81.12377934540822,36.19662,0.018146023846151,5785.888,5913.4526
RGI2000-v7.0-G-14-36093,CN5Q221C0055,31.23363884328687,81.12838184753755,31.231397,81.12898076307653,35.244175,0.127105609930379,5596.202,5965.313
RGI2000-v7.0-G-14-36094,,31.254977818021096,81.12242395726291,31.25363,81.12287119842556,42.337284,0.055902430811382,5643.437,5926.6416
RGI2000-v7.0-G-14-36095,CN5Q221C0051,31.255278948538486,81.12032142289898,31.254133,81.11900970257422,39.213432,0.043611729751548,5647.139,5897.4785
RGI2000-v7.0-G-14-36098,CN5Q221C0045,31.260343186818325,81.0752502286477,31.2576325,81.08674811801242,20.410393,1.106324212708042,5628.21,6182.3027
RGI2000-v7.0-G-14-36099,CN5Q221C0044,31.272869900301483,81.07212958938516,31.270117499999998,81.0734213608088,34.046623,0.15914169573033,5607.899,6029.721
RGI2000-v7.0-G-14-36100,,31.237906684575623,81.07450457271376,31.237133,81.07413518476729,42.75171,0.024673087651294,5802.4253,5962.1157
RGI2000-v7.0-G-14-36101,CN5Q221C0049,31.22624493396847,81.06508712012433,31.2246145,81.06773871099246,20.909937,0.094517246861414,5723.6836,5903.047
RGI2000-v7.0-G-14-36102,CN5Q221C0047,31.23093261297357,81.08615011347023,31.2277555,81.08665949809927,28.263716,0.580060022033102,5577.901,5948.3003
RGI2000-v7.0-G-14-36103,CN5Q221C0046,31.240957838119886,81.09194212420262,31.238705500000002,81.09710530119226,24.919012,0.450402514067295,5646.1416,6015.2485
RGI2000-v7.0-G-14-36104,CN5Q221C0039,31.26597741640529,81.12042478329974,31.2652445,81.12108344095114,35.219414,0.039961334001704,5804.612,5937.294
RGI2000-v7.0-G-14-36105,CN5Q221C0038,31.276638328977878,81.11767231583484,31.275767000000002,81.11820160470086,33.76664,0.045514282212301,5845.3,6013.0264
RGI2000-v7.0-G-14-36106,CN5Q153A0106,31.280750674168978,81.12130482823082,31.2786295,81.12242025442353,29.347836,0.152010416811907,5636.9937,5936.1685
RGI2000-v7.0-G-14-36107,CN5Q221C0052,31.27285168919192,81.13600898620061,31.2716245,81.13695238957223,26.942223,0.056177190655397,5778.2407,5939.404
RGI2000-v7.0-G-14-36108,CN5Q153A0102,31.275184731418946,81.14056796190317,31.273666,81.14045976643128,37.481003,0.057069354584999,5668.2954,5904.2163
RGI2000-v7.0-G-14-36109,CN5Q153A0105,31.288702330150812,81.14523899593183,31.287771,81.14741072131147,34.10111,0.052296106298111,5770.323,5931.9165
RGI2000-v7.0-G-14-36110,CN5Q153A0108,31.30742451498271,81.0700920158555,31.3067135,81.06908255447362,34.566505,0.039152862637219,5684.7817,5808.5366
RGI2000-v7.0-G-14-36111,CN5Q153A0110,31.311461263543414,81.06053739132703,31.310012,81.06040117194092,33.58409,0.075740449107329,5630.368,5858.5684
RGI2000-v7.0-G-14-36112,CN5Q221C0020,31.320267833658825,81.02759952429287,31.3178285,81.02563961443661,29.061733,0.191368418340004,5663.005,5924.9644
RGI2000-v7.0-G-14-36113,CN5Q221C0022,31.31895402302566,81.00862605077637,31.318550000000002,81.00798848849531,27.408878,0.023196297729339,5704.246,5782.868
RGI2000-v7.0-G-14-36114,CN5Q221C0023,31.303056629926047,81.02222242748063,31.3008795,81.02133457810271,32.390335,0.200995682490586,5647.207,5971.8047
RGI2000-v7.0-G-14-36115,CN5Q221C0037,31.285977983506356,81.03251102804765,31.2828405,81.03677545197387,21.11514,0.462956111026066,5611.0503,5896.019
RGI2000-v7.0-G-14-36116,CN5Q221C0035,31.276150743547078,81.02916807539759,31.27621,81.03081953506788,31.454062,0.032181188059579,5647.755,5820.4453
RGI2000-v7.0-G-14-36117,CN5Q221C0036,31.260503431515307,81.03280031692618,31.2592325,81.03035136734694,36.750687,0.098725696928569,5619.9097,5955.3276
RGI2000-v7.0-G-14-36118,CN5Q221C0025,31.28520777147334,80.9995718603774,31.2835225,80.99963175720094,33.956505,0.050772947933027,5594.1694,5817.209
RGI2000-v7.0-G-14-36119,CN5Q221C0025,31.284093543762356,80.99670185320616,31.2822725,80.99565550664936,33.974655,0.090062465270015,5699.1245,6027.4907
RGI2000-v7.0-G-14-36120,CN5Q221C0027,31.28256431037118,80.98584424456749,31.280383999999998,80.98939655286344,34.223648,0.284887870057317,5626.2236,6039.2812
RGI2000-v7.0-G-14-36121,CN5Q221C0026,31.290088932234724,80.99213261209111,31.288569000000003,80.99188664625551,39.915314,0.080397718927762,5655.692,5948.935
RGI2000-v7.0-G-14-36122,CN5Q221C0030,31.229714674789083,80.99618630538806,31.2296705,80.99774675581395,35.773304,0.115257518097365,5777.2754,6013.624
RGI2000-v7.0-G-14-36123,CN5Q221C0031,31.21978844257091,81.0039573324331,31.2161345,81.00195144388961,32.65917,0.345756628148972,5547.2163,6046.8105
RGI2000-v7.0-G-14-36124,,31.22057175065246,81.00802026802603,31.2173275,81.00673632569297,39.40917,0.207579011442906,5464.2153,6043.4385
RGI2000-v7.0-G-14-36125,,31.21491512530536,81.01016476717382,31.215075499999998,81.00837433651226,36.621143,0.053293899063917,5832.605,6045.114
RGI2000-v7.0-G-14-36126,CN5Q221C0033,31.20574982215352,81.01412526726905,31.2041285,81.0093854670759,29.34775,0.113695460131162,5576.963,6001.341
RGI2000-v7.0-G-14-36127,CN5Q221C0032,31.204293222450083,81.00320957370327,31.202733000000002,81.00606661255654,36.905605,0.145198422292468,5620.153,6020.1577
RGI2000-v7.0-G-14-36128,,31.179084597705547,81.05308545378128,31.177883,81.05194867142856,35.04957,0.034827003483169,5708.712,5921.689
RGI2000-v7.0-G-14-36129,CN5Q221C0070,31.17993925180121,81.05973424452456,31.179174,81.06127567405176,42.641613,0.061934018958481,5642.409,5901.7686
RGI2000-v7.0-G-14-36130,CN5Q221C0069,31.18485288816886,81.06323824614363,31.182136999999997,81.06476710384615,35.78474,0.139893548536379,5496.4336,5920.6733
RGI2000-v7.0-G-14-36131,CN5Q221C0068,31.17818700005533,81.0739657538906,31.1761855,81.07106561797067,38.747753,0.175504053961292,5449.3364,5888.206
RGI2000-v7.0-G-14-36133,CN5Q221C0071,31.169887886841625,81.05225904679322,31.171616,81.0597655374582,23.136688,0.723303048966481,5509.3594,5915.133
RGI2000-v7.0-G-14-36134,,31.177915745070088,81.08363448241981,31.1758485,81.08475964379133,31.507446,0.051064768553265,5475.642,5777.6274
RGI2000-v7.0-G-14-36135,,31.18851535194992,81.09678789232356,31.185443499999998,81.09625065859031,30.660383,0.106435925333468,5546.9517,5953.742
RGI2000-v7.0-G-14-36136,,31.189514386376818,81.09855924206283,31.185898,81.10058262861386,26.35422,0.40904964716052,5520.9985,5953.925
RGI2000-v7.0-G-14-36137,CN5Q221C0065,31.196531000287,81.1106613895803,31.189422,81.11356297409475,23.105856,1.440301107625081,5407.487,5967.4736
RGI2000-v7.0-G-14-36138,,31.197332704335242,81.12309728897185,31.196511,81.12217206272862,42.49814,0.017669305144507,5787.6,5982.4404
RGI2000-v7.0-G-14-36139,,31.188485920941243,81.12785634711555,31.1876365,81.12535699339207,32.33427,0.041331773620902,5667.186,5910.955
RGI2000-v7.0-G-14-36140,,31.189205943590526,81.13097354879456,31.1876565,81.13096746465163,30.623917,0.053393117673812,5589.121,5778.977
RGI2000-v7.0-G-14-36141,CN5Q221C0063,31.194578343741995,81.13774765117664,31.19104,81.13916804043195,29.702808,0.231939388725217,5539.432,5930.565
RGI2000-v7.0-G-14-36142,CN5Q221C0062,31.197379494820257,81.14878928586691,31.194754500000002,81.14820102878451,28.478521,0.190587438487579,5534.7065,5860.516
RGI2000-v7.0-G-14-36143,CN5Q221C0075,31.175672603506317,81.1096639389172,31.174602999999998,81.11002317074767,38.762684,0.038684681926244,5743.7197,5888.054
RGI2000-v7.0-G-14-36144,CN5Q221C0074,31.160042061890415,81.10735303624737,31.157474,81.10511393080516,29.452263,0.161179629026337,5506.725,5884.5503
RGI2000-v7.0-G-14-36145,CN5Q221C0073,31.161245002501914,81.09830033210685,31.158817499999998,81.09872116400022,41.578316,0.166330889278518,5640.679,6002.16
RGI2000-v7.0-G-14-36146,CN5Q221C0067,31.196724196669162,81.08539087752571,31.195138,81.08715160666526,38.92826,0.068570159849277,5595.925,5915.086
RGI2000-v7.0-G-14-36147,CN5Q153A0092,31.19424372348758,81.24439254150607,31.193155,81.2431388908297,29.15165,0.082542386623397,5777.8516,5986.8345
RGI2000-v7.0-G-14-36148,CN5Q153A0080,31.304614374770107,81.29899728436828,31.303861,81.29823769321283,27.156149,0.038834367234319,5803.252,5896.5356
RGI2000-v7.0-G-14-36149,CN5Q153A0081,31.311607032272775,81.29296772667676,31.3093735,81.29059245769264,26.604137,0.252165610737277,5764.292,6039.675
RGI2000-v7.0-G-14-36150,CN5Q153A0079,31.32908169311936,81.2844924227355,31.328463,81.28615779054056,30.161642,0.05208979175466,5766.7456,5893.2354
RGI2000-v7.0-G-14-36151,CN5Q153A0069,31.33713013146554,81.28906909035442,31.335894000000003,81.2892323053471,26.237677,0.065300713391438,5909.78,6040.5703
RGI2000-v7.0-G-14-36152,CN5Q153A0068,31.345715217213197,81.30374728649464,31.344104,81.30239677470058,31.464249,0.172678862908894,5786.0776,6035.203
RGI2000-v7.0-G-14-36153,CN5Q153A0067,31.355177542687922,81.31213878594194,31.354334,81.31164093390083,30.08828,0.022833351592478,5992.513,6105.137
RGI2000-v7.0-G-14-36154,CN5Q153A0070,31.37312508610772,81.29487814679497,31.3724905,81.29484358712173,24.398977,0.018389987190657,5829.833,5899.1475
RGI2000-v7.0-G-14-36155,CN5Q153A0071,31.370305800824514,81.2869676441512,31.36914,81.28658879379562,34.54249,0.033579472203289,5821.533,5980.4463
RGI2000-v7.0-G-14-36156,CN5Q153A0072,31.384955330965862,81.2793261421664,31.384078,81.27895037094544,33.054726,0.031502244600258,5871.8164,5996.5854
RGI2000-v7.0-G-14-36157,CN5Q153A0074,31.394068529630793,81.27705393144343,31.3929495,81.2756303640625,24.698915,0.05685948934409,5825.5703,5953.9277
RGI2000-v7.0-G-14-36158,,31.40750784643359,81.27237491130994,31.407237000000002,81.27270130928534,30.532461,0.013702248427077,6014.6113,6079.4575
RGI2000-v7.0-G-14-36159,CN5Q153A0063,31.370671198996018,81.35119191671626,31.369690499999997,81.34997308405516,28.61207,0.055375926554307,5885.28,6016.0684
RGI2000-v7.0-G-14-36160,CN5Q153A0064,31.325580006225906,81.3243147430669,31.324534999999997,81.32508552848101,25.424831,0.073608547264813,5693.003,5815.143
RGI2000-v7.0-G-14-36161,CN5Q153A0064,31.326428124502012,81.32050819636,31.325190499999998,81.3196507885906,28.470194,0.080805060703292,5739.45,5979.876
RGI2000-v7.0-G-14-36162,CN5Q153A0065,31.325925594404396,81.31089217384402,31.3243275,81.31104620305908,23.399765,0.097696860174502,5762.117,5918.2515
RGI2000-v7.0-G-14-36163,CN5Q153A0062,31.3181096307267,81.3339537392186,31.316865,81.33286752832666,29.233938,0.12369792707687,5658.0073,5909.9233
RGI2000-v7.0-G-14-36164,CN5Q153A0056,31.28301000000038,81.37335074118916,31.280141,81.37292201435068,32.399918,0.180053986353674,5816.839,6162.487
RGI2000-v7.0-G-14-36165,CN5Q153A0055,31.27144460618301,81.38038670068129,31.2703095,81.37850143306011,31.099771,0.096383414656309,5858.9355,6024.8296
RGI2000-v7.0-G-14-36166,CN5Q153A0058,31.266505073970634,81.36459155879636,31.266022999999997,81.36383465740624,31.080084,0.018348805693431,5892.1436,5986.184
RGI2000-v7.0-G-14-36167,,31.26738841781822,81.3628765516012,31.266916000000002,81.36210506292906,33.174957,0.013812076474678,5895.8555,5991.3145
RGI2000-v7.0-G-14-36168,,31.276212996071806,81.45746363641393,31.275427999999998,81.45707435931621,27.7711,0.032963633057576,5948.004,6057.7876
RGI2000-v7.0-G-14-36169,CN5Z341E0199,31.046477553049044,81.65649449844196,31.045723000000002,81.65589796469052,34.11997,0.039414075850298,5780.1807,5900.15
RGI2000-v7.0-G-14-36171,CN5Z341E0197,31.036189157380598,81.67420169695565,31.03333,81.67442996157415,24.16334,0.243070383511906,5565.601,5860.549
RGI2000-v7.0-G-14-36172,CN5Q155B0005,31.37075813291924,81.00457261378044,31.37023,81.00581350982533,38.57079,0.053468790724279,5709.0376,5860.544
RGI2000-v7.0-G-14-36173,CN5Q155B0006,31.367556475616134,80.99348335828869,31.365935,80.9929315057143,31.910791,0.138607366876108,5629.246,5867.0376
RGI2000-v7.0-G-14-36174,CN5Q155B0007,31.369680127598265,80.98762681222438,31.368513,80.98751109633592,36.233788,0.037905023170692,5671.312,5854.087
RGI2000-v7.0-G-14-36175,CN5Q155B0008,31.36734979536731,80.98041465214273,31.366582,80.98026011645962,28.832966,0.028500289177598,5635.5796,5729.5215
RGI2000-v7.0-G-14-36176,CN5Q155B0009,31.365998906901808,80.97113261800968,31.3635605,80.97088600539675,27.492533,0.121171349662689,5614.6553,5883.939
RGI2000-v7.0-G-14-36177,CN5Q221C0015,31.349407467148414,80.97346424841676,31.3487955,80.97226079713116,35.67056,0.026123906173038,5723.2993,5844.456
RGI2000-v7.0-G-14-36178,CN5Q155B0011,31.355432212551246,80.95221472888531,31.354879500000003,80.9519121280116,33.228058,0.017695057976174,5685.822,5797.787
RGI2000-v7.0-G-14-36179,CN5Q221C0013,31.34056737713287,80.9535554453455,31.339773,80.95335878186273,30.716421,0.028165715442879,5595.9604,5719.7993
RGI2000-v7.0-G-14-36180,,31.333095322217183,80.94659800934498,31.3322745,80.94501723887588,27.321194,0.048925474073912,5630.465,5757.2446
RGI2000-v7.0-G-14-36181,CN5Q155B0016,31.35125341173229,80.92081665870182,31.348968,80.9216749978022,22.356867,0.104113654070646,5643.8813,5854.4004
RGI2000-v7.0-G-14-36182,CN5Q155B0013,31.35457740177859,80.9266767849882,31.353541999999997,80.92672957798165,32.081177,0.057423498314456,5554.5737,5707.4644
RGI2000-v7.0-G-14-36183,CN5Q155B0015,31.366777157308917,80.92092609780136,31.365922,80.91847325776189,33.282974,0.058822954663721,5638.9854,5801.0996
RGI2000-v7.0-G-14-36184,CN5Q155B0018,31.353288930861268,80.90247550258871,31.3524665,80.90175696594005,36.25091,0.029766924892487,5549.2725,5719.744
RGI2000-v7.0-G-14-36185,CN5Q155B0019,31.3580192434919,80.89161638294435,31.357263500000002,80.8911383185307,29.150658,0.030739010521441,5694.4424,5797.9785
RGI2000-v7.0-G-14-36186,CN5Q155B0021,31.34651883595438,80.88760365783867,31.345563,80.88840989239483,32.096382,0.048550483618967,5674.268,5829.107
RGI2000-v7.0-G-14-36187,CN5Q221C0012,31.337140345754396,80.89338617769857,31.336189,80.89317461218678,35.457893,0.032468748308799,5666.516,5793.1743
RGI2000-v7.0-G-14-36188,CN5Q155B0017,31.345380522898964,80.9094043376549,31.343829999999997,80.91001418209964,26.252678,0.131986636061526,5609.8726,5827.6562
RGI2000-v7.0-G-14-36189,,31.343753734117747,80.91485492626462,31.3428555,80.91516390714285,27.231838,0.025096830550372,5748.43,5846.964
RGI2000-v7.0-G-14-36190,CN5Q154A0157,31.401972775019804,80.92997257809334,31.401431000000002,80.92918113953488,34.222015,0.017089412425403,5751.1167,5861.819
RGI2000-v7.0-G-14-36191,CN5Q153A0113,31.433498349594764,80.93508867499571,31.4324085,80.93481632150655,34.96794,0.028927586935475,5718.2734,5874.7095
RGI2000-v7.0-G-14-36192,,31.442339000000004,80.920944,31.442002000000002,80.9217546388889,31.14912,0.010326156259854,5710.877,5775.4253
RGI2000-v7.0-G-14-36193,,31.43969714163861,80.91647538944497,31.439149,80.9173474470788,27.100784,0.013534583166943,5691.1226,5752.897
RGI2000-v7.0-G-14-36194,CN5Q154A0156,31.431830072171266,80.90601685459433,31.430475,80.90534290594059,25.681683,0.050078492116584,5657.9316,5792.915
RGI2000-v7.0-G-14-36195,CN5Q154A0155,31.427444056517217,80.8959517335078,31.4260135,80.89475577202643,27.687777,0.074576976173739,5633.6274,5811.4985
RGI2000-v7.0-G-14-36196,,31.425399588124584,80.8850373042731,31.425082500000002,80.88525566921878,34.455338,0.014726449430223,5696.931,5782.0312
RGI2000-v7.0-G-14-36197,CN5Q153A0114,31.459110124484532,80.913156654209,31.458271000000003,80.91259215865192,36.302628,0.057768892349524,5760.364,5909.7744
RGI2000-v7.0-G-14-36207,,31.49959761745229,80.83159273797348,31.4993165,80.83041831135321,33.06043,0.037743503801142,5712.304,5884.551
RGI2000-v7.0-G-14-36208,CN5Q154A0154,31.49107168564366,80.8289879794213,31.488909,80.82722688888407,29.904018,0.155855602687578,5644.791,5899.222
RGI2000-v7.0-G-14-36209,CN5Q154A0149,31.486641868859525,80.81752567260287,31.485678999999998,80.81882153956045,26.578709,0.080025860554269,5697.7983,5853.6274
RGI2000-v7.0-G-14-36210,CN5Q154A0153,31.479602978970988,80.83424942413302,31.4778795,80.83291403193832,28.931658,0.124150151894112,5648.8813,5876.7153
RGI2000-v7.0-G-14-36211,,31.46788139861115,80.84098212629758,31.467487,80.84048722018349,33.51714,0.028141271526127,5817.5083,5921.2334
RGI2000-v7.0-G-14-36212,CN5Q154A0152,31.469686998566758,80.84359989126013,31.468254,80.84325424949083,35.065723,0.032367304467824,5635.139,5874.7944
RGI2000-v7.0-G-14-36213,,31.468600447358458,80.85321006293638,31.468346,80.85169930450401,28.396006,0.043593442068401,5682.986,5826.8335
RGI2000-v7.0-G-14-36214,CN5Q154A0151,31.47388922460276,80.8587650233743,31.473043,80.85861660170093,32.71045,0.020610589115875,5601.71,5723.53
RGI2000-v7.0-G-14-36219,CN5Q154A0136,31.489461432275853,80.75821785351636,31.486734,80.75655472000949,35.639244,0.24865308605675,5705.5923,6124.0024
RGI2000-v7.0-G-14-36220,CN5Q154A0145,31.481291103387374,80.76205696364242,31.4799845,80.76174702388785,37.015015,0.055230093380628,5744.4165,5985.0854
RGI2000-v7.0-G-14-36221,CN5Q154A0137,31.47320711570603,80.75336346855043,31.4722795,80.75413875962485,35.269585,0.045348646497282,5831.1226,5974.8086
RGI2000-v7.0-G-14-36222,CN5Q154A0138,31.46503817689932,80.74704308280903,31.4639495,80.7475250876488,39.075565,0.048231348811188,5749.207,5928.285
RGI2000-v7.0-G-14-36223,CN5Q154A0144,31.480424218794305,80.77119461185801,31.478746,80.77572277278176,33.608078,0.098180207173421,5632.5215,5980.097
RGI2000-v7.0-G-14-36224,,31.479365745571343,80.77951464535704,31.477710000000002,80.77875195478123,38.568233,0.044183774621663,5756.5405,6035.2114
RGI2000-v7.0-G-14-36442,CN5Q155B0042,31.486386107798907,80.1999006397031,31.485025,80.19966968546638,25.161627,0.035686859041437,5710.375,5832.395
RGI2000-v7.0-G-14-36443,CN5Q155B0041,31.487239469599096,80.21076312036512,31.485049500000002,80.20900304615611,30.26319,0.088401461936071,5667.895,5926.96
RGI2000-v7.0-G-14-36444,,31.484496585510072,80.21502837183249,31.483119,80.21482150911791,25.788794,0.037971267927188,5733.2183,5882.8076
RGI2000-v7.0-G-14-36445,,31.482644148749127,80.21566027966325,31.481572999999997,80.2165995978022,24.412823,0.051169166112445,5827.014,5948.4077
RGI2000-v7.0-G-14-36446,CN5Q155B0039,31.483228810683826,80.22271944461336,31.479653,80.22307908333335,21.350935,0.198046129516715,5696.1636,6015.903
RGI2000-v7.0-G-14-36447,CN5Q155B0039,31.484023373144193,80.22351684228153,31.4799115,80.2279836664161,23.80406,0.271528047766843,5687.041,6215.9287
RGI2000-v7.0-G-14-36448,,31.491723489507848,80.23080103041703,31.49064,80.2309162967033,33.423935,0.072302544991572,5776.9346,5955.6807
RGI2000-v7.0-G-14-36449,,31.495962334254582,80.2337030834275,31.489292499999998,80.23556994883094,21.537376,0.647405898060583,5661.219,6234.6523
RGI2000-v7.0-G-14-36450,CN5Q155B0037,31.496703838141162,80.24315056597669,31.493704,80.24281752204526,24.59831,0.151031093651448,5752.7603,6024.879
RGI2000-v7.0-G-14-36452,CN5Q155B0034,31.485992784999105,80.27048812220053,31.480065,80.26168394428669,20.910868,1.265567770483411,5561.4067,6204.962
RGI2000-v7.0-G-14-36453,CN5Q155B0033,31.483423575571067,80.27720456772782,31.4799785,80.27381704308368,29.306751,0.239086753185322,5638.6226,6156.5034
RGI2000-v7.0-G-14-36454,,31.483579716478577,80.27921456658663,31.4794685,80.27937358530218,26.99102,0.485181609020919,5613.8887,6152.955
RGI2000-v7.0-G-14-36455,CN5Q155B0032,31.478301004920617,80.28450436341879,31.476567000000003,80.28348667885422,27.627277,0.174957457426162,5780.5537,6034.3423
RGI2000-v7.0-G-14-37453,,31.448153,80.978442,31.447225500000002,80.98022237721125,32.28737,0.03091824965308,5636.465,5752.31
RGI2000-v7.0-G-14-37454,CN5Q155B0026,31.29782014615987,80.802660388153,31.2956135,80.80349246089278,30.541492,0.067974745572514,5677.762,5955.127
RGI2000-v7.0-G-14-37455,,31.322702824411397,80.76505760749369,31.321751,80.76531016591929,33.153004,0.021232733809495,5694.1406,5798.9233
RGI2000-v7.0-G-14-37456,CN5Q155B0029,31.33039788048071,80.75379666268677,31.3289245,80.75397103856072,30.239782,0.107035948013433,5594.8047,5851.3174
RGI2000-v7.0-G-14-37458,CN5Q221C0007,31.252579410558344,80.83319538456054,31.2512175,80.83168574195945,24.43675,0.062547025193408,5695.1787,5872.0986
RGI2000-v7.0-G-14-37459,CN5Q221C0008,31.263770796883268,80.8354689019753,31.262430000000002,80.83357557586041,34.06923,0.048788377005326,5597.004,5906.9536
RGI2000-v7.0-G-15-01290,,30.4430177728437,80.00649006875022,30.4421925,80.00801333983298,40.748642,0.059911045884823,5531.3247,5813.9346
RGI2000-v7.0-G-15-01291,,30.43117797701612,80.0105534682683,30.439474,80.02943640283019,29.920977,2.598696377048261,5208.8374,6275.3555
RGI2000-v7.0-G-15-01292,,30.439027481907853,80.04392649759343,30.441323,80.04137248296837,41.931244,0.186232217163037,5572.02,6228.7954
RGI2000-v7.0-G-15-01293,,30.442635795748046,80.04421819448919,30.443665000000003,80.04299300460829,50.27501,0.026542344936852,5641.46,5957.735
RGI2000-v7.0-G-15-01294,,30.461146296615564,80.0890000936897,30.44113,80.06713712649827,20.879232,3.209614579198328,4111.367,5918.463
RGI2000-v7.0-G-15-01295,,30.431175254613535,80.08837736450333,30.4315915,80.0845997885851,34.334,0.135572534576713,5417.3223,5823.385
RGI2000-v7.0-G-15-01296,,30.44266498311645,80.09377322312417,30.439446,80.09226236240283,40.238647,0.22012848308839,4840.844,5568.9395
RGI2000-v7.0-G-15-01297,,30.42415588999642,80.08247202455165,30.423611,80.07191181203623,35.693207,0.560625823051047,5018.7104,6040.0312
RGI2000-v7.0-G-15-01299,,30.393924648484802,80.05159073392306,30.394685000000003,80.0520314908186,45.550858,0.037933599342,5373.66,5557.493
RGI2000-v7.0-G-15-01300,,30.388831193922925,80.03990722475234,30.3904025,80.03615886423015,46.306957,0.079056819274575,5313.8037,5855.1333
RGI2000-v7.0-G-15-01301,,30.37530889974012,80.0393939182986,30.3829035,80.033283313321,38.854244,0.920184008883681,4686.987,6156.362
RGI2000-v7.0-G-15-01302,,30.38015977735408,80.02922547728326,30.382835,80.02717167749245,38.86247,0.135261143439272,5357.2944,5842.1475
RGI2000-v7.0-G-15-01303,,30.35652623450201,80.02598361732788,30.358175,80.02739173778005,21.343107,0.13353769594538,5170.388,5389.101
RGI2000-v7.0-G-15-01304,,30.355656753872818,80.02115939950265,30.358686,80.02046852412357,29.480043,0.141115535042923,5163.5957,5515.461
RGI2000-v7.0-G-15-01305,,30.34524505691937,80.02208972787795,30.3563875,80.01496450303252,40.073532,2.330258967203577,4529.617,7242.2183
RGI2000-v7.0-G-15-01306,,30.34612220654087,80.0111780324969,30.348491000000003,80.00744945587113,32.042107,0.184966364060222,4894.655,5313.116
RGI2000-v7.0-G-15-01307,,30.34242822382953,80.01207517132556,30.342603500000003,80.00882497351161,31.093615,0.118771938801966,4785.612,5116.8735
RGI2000-v7.0-G-15-01308,,30.332495747218456,80.01086580763443,30.332532999999998,80.00759881143097,20.934343,0.254846610022254,5014.707,5266.913
RGI2000-v7.0-G-15-01309,,30.323855169910317,80.00743888626597,30.3249395,80.00253864559386,26.475918,0.235726683035378,5167.2354,5629.432
RGI2000-v7.0-G-15-01440,,30.218971714194616,80.02495730287079,30.217516,80.0272869009434,28.054644,0.115984516028253,4447.3145,4705.24
RGI2000-v7.0-G-15-01441,,30.213353907670637,80.03794743940585,30.211585499999998,80.03382407420091,25.21467,0.248428132618627,4665.4727,4980.2383
RGI2000-v7.0-G-15-01442,,30.224145164245854,80.03866501475171,30.221579499999997,80.03578376297577,27.923525,0.188523502825964,4666.4844,5101.3604
RGI2000-v7.0-G-15-01443,,30.223313560041348,80.04252995736574,30.220788499999998,80.04112256027727,28.059103,0.146375045886877,4512.2637,4796.897
RGI2000-v7.0-G-15-01444,,30.228993649471775,80.0425710248236,30.229451,80.03412303646599,24.633184,0.671110656493818,4624.416,5092.312
RGI2000-v7.0-G-15-01445,,30.226773978057825,80.0226422076163,30.228828,80.02554710834156,30.909803,0.167704054194811,4605.5376,5055.795
RGI2000-v7.0-G-15-01446,,30.23596265889787,80.0128839001748,30.2342085,80.02089805140693,36.932465,0.270484478944334,4318.4873,5479.9043
RGI2000-v7.0-G-15-01447,,30.25821665755017,80.01664461140557,30.248207,80.01817626678253,24.083836,1.52575899541258,4465.055,5522.2666
RGI2000-v7.0-G-15-01448,,30.27096602227263,80.02038590688652,30.2593995,80.03102821328629,25.235735,7.736976092133678,3989.718,6575.4004
RGI2000-v7.0-G-15-01449,,30.283633553926677,80.0235498075163,30.2840335,80.02934375000001,34.145638,0.409926339110086,4606.0874,5676.5996
RGI2000-v7.0-G-15-01450,,30.288261709886243,80.0239272310974,30.2891645,80.02633281034481,36.0865,0.057466726541818,4664.7676,4955.9136
RGI2000-v7.0-G-15-01451,,30.272406785355713,80.00535453564929,30.2937935,80.01213309641025,23.084555,11.404681702618948,3678.513,6568.247
RGI2000-v7.0-G-15-01452,,30.29699507914606,80.04123569451362,30.295274,80.04031027329269,45.63095,0.07772177669054,5788.8003,6203.3267
RGI2000-v7.0-G-15-01453,,30.309107387319816,80.04762760211285,30.30566,80.0419830287181,23.931025,1.245429205950344,4926.636,5679.446
RGI2000-v7.0-G-15-01454,,30.337355440420264,80.07468937693794,30.309341,80.06045726699585,27.58376,5.90778062289015,4199.8433,6847.61
RGI2000-v7.0-G-15-01455,,30.32564657891088,80.0782679544274,30.308897,80.0762578880971,23.094486,2.077591822117173,4722.5493,6128.628
RGI2000-v7.0-G-15-01456,,30.303296097301217,80.1006984509732,30.305970000000002,80.09347218659337,44.72693,0.365353495932249,5034.5283,6065.8335
RGI2000-v7.0-G-15-01457,,30.307928591069185,80.10446528672476,30.310251,80.10064855542987,43.202705,0.138332308865544,5146.6626,5774.0737
RGI2000-v7.0-G-15-01458,,30.320736555433623,80.10195568658438,30.3169525,80.10026916652264,41.297905,0.202434035896104,5256.579,5953.697
RGI2000-v7.0-G-15-01459,,30.327854688387223,80.08479904259738,30.317005,80.09147134543673,30.684128,1.12477901951761,4606.093,6193.2603
RGI2000-v7.0-G-15-01460,,30.32724794332988,80.10999868493214,30.325010499999998,80.10658081114934,28.230179,0.151821396329162,4630.8145,5003.0103
RGI2000-v7.0-G-15-01461,,30.321699338686667,80.11572955695343,30.3182615,80.11257088352272,28.186144,0.546246537722555,4585.781,5153.209
RGI2000-v7.0-G-15-01462,,30.297981016334667,80.0957681049136,30.290754,80.08064401771996,27.5792,1.405172327820132,5105.937,6618.198
RGI2000-v7.0-G-15-01463,,30.283685855750445,80.0875296014653,30.285259,80.08329013609966,44.63878,0.248738900238109,5366.3687,5932.765
RGI2000-v7.0-G-15-01464,,30.278297719601536,80.0785580351358,30.280888,80.07440097608762,47.919426,0.23031941617255,5552.8438,6246.2476
RGI2000-v7.0-G-15-01465,,30.275891613406138,80.07541329059454,30.278122,80.07311686615105,46.532898,0.180628770429346,5681.846,6483.7676
RGI2000-v7.0-G-15-01466,,30.267087559718888,80.07334888176689,30.271088,80.06546041492695,29.692213,1.6434597270989,5665.702,6798.2515
RGI2000-v7.0-G-15-01467,,30.251132822153824,80.0733035276145,30.256796,80.06756003472938,20.16535,0.729123537894191,5506.2095,5960.9214
RGI2000-v7.0-G-15-01468,,30.255690991656245,80.08236672041582,30.256097500000003,80.07857565901583,30.758842,0.389144531048879,5050.7144,5598.326
RGI2000-v7.0-G-15-01470,,30.248557662698104,80.07551485219219,30.245337,80.07388097340788,39.40241,0.168854124774324,5352.347,5840.1455
RGI2000-v7.0-G-15-01471,,30.218646121346577,80.05506518943447,30.240571000000003,80.05552265237108,22.938076,3.967708769120879,3857.9607,6036.293
RGI2000-v7.0-G-15-01472,,30.230563966251438,80.05829891573174,30.2284345,80.07697209605772,29.963081,2.163886341765088,4118.5625,5522.7544
RGI2000-v7.0-G-15-01473,,30.220236838525217,80.07158797815568,30.216768000000002,80.08213742049551,26.816422,0.719926027961546,4530.6113,5197.1113
RGI2000-v7.0-G-15-01474,,30.215221950733948,80.07207277447527,30.212124,80.07597596594337,20.664026,0.261603910892263,4597.2285,4911.527
RGI2000-v7.0-G-15-01475,,30.207549557096748,80.0784788564434,30.2061155,80.08071186372408,22.307344,0.042709810400091,4940.4634,5018.9873
RGI2000-v7.0-G-15-01476,,30.199220562327504,80.0757575950141,30.197737500000002,80.07792943276067,22.67835,0.156879750357701,4701.823,4883.141
RGI2000-v7.0-G-15-01477,,30.19608663891892,80.08304012695272,30.197020000000002,80.08266809945215,23.350113,0.026494364107963,4790.851,4884.028
RGI2000-v7.0-G-15-01478,,30.20399959827695,80.09532830957157,30.2152395,80.0903711637362,32.59813,0.736470663736143,4063.9058,5942.1416
RGI2000-v7.0-G-15-01479,,30.21913863786663,80.10781531287736,30.2229475,80.09939912966101,45.042797,0.329333299000421,4762.5483,5966.7627
RGI2000-v7.0-G-15-01480,,30.223880618001026,80.10536616517618,30.2249315,80.10523045469432,54.04276,0.036711171317508,5355.9326,5663.9795
RGI2000-v7.0-G-15-01481,,30.20269344440304,80.10982918212545,30.2164115,80.11633628473132,32.922203,1.374068932050929,3563.545,5968.493
RGI2000-v7.0-G-15-01482,,30.217216980758735,80.13104283762897,30.216791,80.12843580608919,22.03391,0.113260003606567,4730.0283,4920.869
RGI2000-v7.0-G-15-01483,,30.223611692398645,80.130709974666,30.222129,80.1272264468567,26.981298,0.189467926700645,4686.1494,4969.135
RGI2000-v7.0-G-15-01484,,30.225704708559615,80.12903941111243,30.2262045,80.12506470647861,31.421402,0.089969973126359,4860.6763,5177.9565
RGI2000-v7.0-G-15-01486,,30.225744967614375,80.13467894363912,30.2259855,80.13243554344787,24.878214,0.087211513945668,4602.79,4836.987
RGI2000-v7.0-G-15-01487,,30.236263821145666,80.1608687069157,30.2351985,80.15471656640693,27.806171,0.319745134794513,4617.889,5070.9204
RGI2000-v7.0-G-15-01488,,30.23213200950207,80.16396155936918,30.231284000000002,80.15894439405866,20.18273,0.114830169828858,4487.8477,4738.877
RGI2000-v7.0-G-15-01489,,30.238115013310633,80.16447424974834,30.240150999999997,80.16305080034354,36.153404,0.075819160557575,4585.6226,4868.5225
RGI2000-v7.0-G-15-01490,,30.247101323547678,80.16282881207128,30.245534,80.16302564177657,36.65544,0.035402419769305,4562.662,4809.884
RGI2000-v7.0-G-15-01491,,30.246251207177846,80.16671306451674,30.2445075,80.16678386009045,37.379513,0.05372130868466,4695.5254,4937.523
RGI2000-v7.0-G-15-01492,,30.247478514611124,80.17037923754698,30.2461335,80.17123604533812,28.261797,0.049215482179636,4695.717,4863.012
RGI2000-v7.0-G-15-01493,,30.247682671798987,80.17230375756775,30.2457425,80.17404578692258,27.034418,0.062775652514539,4669.913,4854.599
RGI2000-v7.0-G-15-01494,,30.252443681916763,80.17676892792528,30.2482885,80.17863626984536,32.428864,0.207335123678575,4560.5596,5091.767
RGI2000-v7.0-G-15-01495,,30.243685421043196,80.15373281653223,30.241063,80.15148987171402,37.149876,0.125065058763576,4848.1963,5289.075
RGI2000-v7.0-G-15-01496,,30.25055381080252,80.15231117975306,30.2469235,80.1496370243207,29.332232,0.271235151914184,4453.007,4952.9365
RGI2000-v7.0-G-15-01497,,30.258023648470655,80.1402598211404,30.2523975,80.13874508440989,28.262758,2.098679977756426,4529.228,5649.7705
RGI2000-v7.0-G-15-01498,,30.274054584104782,80.12429340043495,30.270703,80.12450047263138,33.411057,0.180408964960347,5284.6045,5667.2314
RGI2000-v7.0-G-15-01499,,30.280577675301583,80.13027368038895,30.2741245,80.12840085761462,31.189865,0.436704212712149,4751.1226,5650.7046
RGI2000-v7.0-G-15-01500,,30.277188399801098,80.13741377954275,30.2745015,80.13816705445578,21.698227,0.22261038880899,4942.9565,5166.3213
RGI2000-v7.0-G-15-01501,,30.203585272803586,80.1316434731796,30.201869000000002,80.13330157661152,25.453054,0.177600679284307,4474.6997,4729.5117
RGI2000-v7.0-G-15-01502,,30.200283506943855,80.14011962248574,30.1985465,80.13831589389048,33.366455,0.09043516646185,4513.644,4781.5967
RGI2000-v7.0-G-15-01503,,30.199259000642726,80.14943299562945,30.197553499999998,80.14877549343097,43.315872,0.056599958825463,4295.2056,4621.3354
RGI2000-v7.0-G-15-01505,,30.180010479604867,80.16220294233011,30.177155,80.16181907127176,23.523249,0.19363887683237,4634.669,4909.7583
RGI2000-v7.0-G-15-01506,,30.182721703003423,80.16587992488297,30.1800865,80.16687696076096,26.655458,0.121626793362983,4604.732,4915.192
RGI2000-v7.0-G-15-01507,,30.185484845108324,80.1716463823117,30.1829955,80.17191315476322,28.059439,0.112441055261886,4629.404,4931.0527
RGI2000-v7.0-G-15-01509,,30.182198127911153,80.18286401660374,30.1796675,80.18103334228188,20.028448,0.194429072240903,4542.556,4740.954
RGI2000-v7.0-G-15-01510,,30.260810081662292,80.3099760669752,30.262403499999998,80.31142332976445,20.845522,0.088910144650838,4304.01,4530.027
RGI2000-v7.0-G-15-01511,,30.26747432875481,80.3233764087898,30.265897,80.32233275833333,24.02784,0.090999472682361,4886.0947,5057.2754
RGI2000-v7.0-G-15-01512,,30.26370704554197,80.32834334485942,30.262646,80.3282104412409,26.736404,0.032002095910955,4934.2476,5062.9077
RGI2000-v7.0-G-15-01513,,30.276363755291683,80.31606018531046,30.273764,80.31571380738062,28.444023,0.098453252650319,4787.056,5071.1533
RGI2000-v7.0-G-15-01514,,30.276432175245745,80.31152704977443,30.275332,80.31129950706733,33.768772,0.035374878490913,5004.8604,5213.7476
RGI2000-v7.0-G-15-01515,,30.282563655442964,80.30740078278491,30.282045,80.30699504065265,23.16506,0.019653997778195,4835.085,4916.1177
RGI2000-v7.0-G-15-01516,,30.284085709428258,80.29890284597928,30.281219999999998,80.30075642023826,23.945435,0.185000811041212,4603.193,4879.345
RGI2000-v7.0-G-15-01517,,30.288746062877145,80.34262924271073,30.2886065,80.34617011467978,30.762056,0.663745063862717,5054.3174,5592.6807
RGI2000-v7.0-G-15-01518,,30.296836886927437,80.33946684868698,30.2954625,80.34462212920461,31.751652,0.204901690723389,5050.0884,5532.518
RGI2000-v7.0-G-15-01519,,30.309384218854575,80.34620805049477,30.3067095,80.34495318164431,29.000313,0.112368043436929,4870.8315,5183.0527
RGI2000-v7.0-G-15-01520,,30.31266867902069,80.34401329180751,30.311886,80.34242481263158,25.250477,0.057575739687649,4954.6333,5147.9844
RGI2000-v7.0-G-15-01521,,30.31521870056424,80.33461657971228,30.3120175,80.33830550464182,28.915253,0.181843008413902,4735.811,5265.9624
RGI2000-v7.0-G-15-01522,,30.31999326307768,80.33917153011876,30.318044,80.33968628992052,27.298618,0.131551106500801,4624.496,4823.2886
RGI2000-v7.0-G-15-01523,,30.349052441344504,80.34258091745481,30.348024000000002,80.34469419734748,46.97396,0.060149058879216,4504.9487,4860.943
RGI2000-v7.0-G-15-01525,,30.369783973909705,80.34649070907476,30.372657,80.3493388428589,34.69023,0.157971037817506,4814.5825,5234.833
RGI2000-v7.0-G-15-01526,,30.37829347893983,80.32987650922257,30.384541,80.33164397348486,39.14896,0.359939518635853,4750.512,5785.9126
RGI2000-v7.0-G-15-01527,,30.38229538175181,80.32645333846904,30.384677500000002,80.32679347912205,32.1312,0.045253558127146,5057.242,5355.4
RGI2000-v7.0-G-15-01528,,30.394618031897384,80.32193944072648,30.397831,80.3258403248337,28.065664,0.248743339165035,5549.913,6034.4414
RGI2000-v7.0-G-15-01529,,30.39506325381084,80.31034106022955,30.396054499999998,80.31235753966675,33.291904,0.180359959724461,4815.172,5514.4014
RGI2000-v7.0-G-15-01530,,30.41109980320514,80.34044002120739,30.412163,80.3405041346243,28.621128,0.081306932657414,5498.622,5646.256
RGI2000-v7.0-G-15-01531,,30.417338950841618,80.34428443825497,30.416377,80.34464594635926,36.68661,0.034432116342999,5546.41,5715.068
RGI2000-v7.0-G-15-01535,,30.456789402466264,80.33030368523441,30.457439,80.32996398008927,25.80542,0.020391071321938,5575.198,5666.461
RGI2000-v7.0-G-15-01536,,30.466014534975713,80.33383272096906,30.4634085,80.3329181454864,32.56959,0.101812432824614,4842.7695,5209.7407
RGI2000-v7.0-G-15-01537,,30.458427034956824,80.31894885279638,30.457394,80.3204947400835,44.126442,0.0460244869697,5448.459,5757.017
RGI2000-v7.0-G-15-01538,,30.45065029331802,80.32668539016443,30.450333,80.32493538156865,22.553743,0.07970019616194,5340.209,5480.742
RGI2000-v7.0-G-15-01539,,30.448686232371863,80.31545427127476,30.4468835,80.32159480789474,25.603222,0.275615305969772,5193.831,5691.3145
RGI2000-v7.0-G-15-01540,,30.43865559084866,80.32750686231218,30.440163499999997,80.32511381850362,24.82026,0.089914658143021,5309.7773,5523.7397
RGI2000-v7.0-G-15-01542,,30.45878227344197,80.27957499321272,30.45728,80.27441777636476,24.803148,0.26228549122518,5098.674,5621.465
RGI2000-v7.0-G-15-01543,,30.46293233303321,80.26586944531559,30.461547,80.26526726067073,46.88461,0.04463619654499,5561.488,5923.5938
RGI2000-v7.0-G-15-01544,,30.467322434171894,80.26847209622511,30.4662295,80.26289977921392,22.447262,0.241274106795276,5211.217,5491.055
RGI2000-v7.0-G-15-01545,,30.471291732822294,80.26177079624227,30.470516,80.25431905769231,20.159836,0.317379797576398,5412.6978,5944.7754
RGI2000-v7.0-G-15-01547,,30.468151939886457,80.24474719202642,30.4686055,80.24734031743674,39.902687,0.124517774434044,5701.486,5944.726
RGI2000-v7.0-G-15-01548,,30.471717792378886,80.23346900705532,30.4749555,80.24431915096812,34.710884,0.827539312463493,5053.7695,6270.469
RGI2000-v7.0-G-15-01549,,30.47672009858452,80.22145796226008,30.485982,80.23722023268863,29.06449,1.892273775921425,4935.248,6268.5654
RGI2000-v7.0-G-15-01550,,30.489739213103377,80.23828345973858,30.490419000000003,80.2396682946509,47.219593,0.036028834477442,5706.668,5990.899
RGI2000-v7.0-G-15-01551,,30.48950540151954,80.22552872639247,30.490613,80.2254904729534,35.93988,0.034981005094334,5730.005,5933.4976
RGI2000-v7.0-G-15-01552,,30.501580574068555,80.23192222095354,30.500439,80.23136982214601,48.511284,0.019637173768963,5570.1963,5841.0723
RGI2000-v7.0-G-15-01553,,30.508017991907973,80.22982127756777,30.503383,80.22845687822198,39.110104,0.215660767660326,5197.232,5954.7573
RGI2000-v7.0-G-15-01554,,30.507178000000003,80.223386,30.5055565,80.22455737219343,40.706333,0.039956815915483,5352.0835,5632.571
RGI2000-v7.0-G-15-01555,,30.511431924014772,80.19109381355568,30.5000095,80.21620988827752,28.008524,1.893775856962529,4299.784,5952.905
RGI2000-v7.0-G-15-01556,,30.505667817150833,80.23719462291736,30.503579000000002,80.23640440448852,28.316399,0.154814948308902,5069.187,5411.313
RGI2000-v7.0-G-15-01557,,30.528107237774353,80.23907150899647,30.507427999999997,80.24410546698923,23.794455,3.909758812964901,4644.276,6163.285
RGI2000-v7.0-G-15-01558,,30.518551932834562,80.25588762537731,30.5166865,80.25429445961377,34.220676,0.0872112230269,5293.2744,5659.4556
RGI2000-v7.0-G-15-01559,,30.528319566500365,80.25618263219145,30.5120635,80.27026340176715,23.502274,3.352944710064302,4777.592,6101.8257
RGI2000-v7.0-G-15-01560,,30.518945495275027,80.27320166986854,30.516949,80.27655478369564,26.29073,0.34670356149614,5203.7983,5574.6445
RGI2000-v7.0-G-15-01562,,30.513073167182448,80.29101692688276,30.509646,80.28273250796178,21.982445,0.4471247480233,5229.9307,5673.019
RGI2000-v7.0-G-15-01563,,30.512388785822004,80.2981574584272,30.5047165,80.28852626724138,22.506323,1.234872025806787,5088.5977,6066.778
RGI2000-v7.0-G-15-01564,,30.504266537702243,80.29624873493414,30.4990605,80.29751074315863,20.128279,0.448698431263298,5339.0347,5836.2065
RGI2000-v7.0-G-15-01565,,30.50974376936046,80.3067922149936,30.501948,80.30309505731523,21.048351,0.708300518396222,4999.3896,5704.967
RGI2000-v7.0-G-15-01566,,30.500980617732083,80.32058745602197,30.495008,80.30920201829267,21.222546,1.357829617441362,4793.6133,5904.6606
RGI2000-v7.0-G-15-01567,,30.48903634476608,80.3071842528267,30.4872275,80.30725162807252,47.429028,0.069574787071417,5668.2046,6112.54
RGI2000-v7.0-G-15-01568,,30.486964193453147,80.30426502375495,30.4859215,80.30436809495549,44.103767,0.027598478151942,5898.7354,6087.662
RGI2000-v7.0-G-15-01569,,30.492957696963902,80.32467276694423,30.4883905,80.31854785698852,31.731428,0.615011922430848,4748.0195,6027.389
RGI2000-v7.0-G-15-01570,,30.47502242996404,80.29285926080044,30.473799999999997,80.29319708086551,34.089176,0.072561898871386,5391.021,5595.546
RGI2000-v7.0-G-15-01572,,30.481600777650833,80.26306962229282,30.480275,80.2606236317734,29.593872,0.102116357587473,5519.2637,5913.706
RGI2000-v7.0-G-15-01574,,30.528112238122926,80.28156066426219,30.525652,80.28197925965368,20.655907,0.07060449097812,5293.4536,5447.5127
RGI2000-v7.0-G-15-01575,,30.522066482853745,80.29722385839541,30.521198,80.29719953316116,28.184452,0.016179748237343,5317.935,5391.7925
RGI2000-v7.0-G-15-01576,,30.53647112624585,80.27168503414356,30.535618499999998,80.27065489175257,20.472807,0.026438703387616,5562.9424,5646.405
RGI2000-v7.0-G-15-01577,,30.54304172813636,80.27364559522941,30.5439815,80.27177954975738,27.970299,0.048472433825731,5318.556,5461.021
RGI2000-v7.0-G-15-01578,,30.550392587335615,80.27203981068185,30.547034500000002,80.26918000088465,24.988592,0.422463096766559,5225.1826,5675.3345
RGI2000-v7.0-G-15-01579,,30.539249839952042,80.25687550305538,30.540108,80.26187368665984,21.759306,0.411949248336283,5138.9604,5546.3354
RGI2000-v7.0-G-15-01580,,30.548002871602236,80.28100617032493,30.5563985,80.26431927509319,21.077114,1.442527034181864,5065.744,5888.543
RGI2000-v7.0-G-15-01581,,30.555326616097112,80.24105651732702,30.5580955,80.24837325162488,20.904865,0.682934894013977,5276.884,5988.084
RGI2000-v7.0-G-15-01582,,30.563040980177355,80.23951899369754,30.5662315,80.2448052504271,33.10228,0.396663239168404,5340.7373,6011.4746
RGI2000-v7.0-G-15-01583,,30.569590294700294,80.2339130870785,30.5740805,80.23279517847223,21.489758,0.276943855350396,5443.302,5868.9404
RGI2000-v7.0-G-15-01584,,30.55661621113149,80.22616271168681,30.573273,80.21437741880342,20.607159,2.160302246390141,4914.575,6113.4316
RGI2000-v7.0-G-15-01585,,30.573543017764813,80.20479229734192,30.575493,80.20521371525297,35.710476,0.047486555295726,5818.5415,5964.649
RGI2000-v7.0-G-15-01586,,30.56593349237294,80.1816271118714,30.571780500000003,80.19429751704547,24.095778,2.77191683274844,4868.359,6068.4517
RGI2000-v7.0-G-15-01587,,30.553557176806724,80.1966873474469,30.5550565,80.20016729466357,30.394972,0.155925496148874,5355.7627,5810.785
RGI2000-v7.0-G-15-01588,,30.545551823776872,80.20176321914107,30.547116000000003,80.20389765655764,25.325949,0.123945897919524,5058.663,5308.4766
RGI2000-v7.0-G-15-01589,,30.549533356534596,80.21324904495492,30.5512625,80.21161409713375,34.17561,0.074124511590957,5321.716,5601.594
RGI2000-v7.0-G-15-01590,,30.54793125481579,80.21638111772545,30.5479975,80.21447685456369,40.207172,0.036094389984769,5125.2617,5352.7905
RGI2000-v7.0-G-15-01591,,30.556609143328142,80.22316685666533,30.557477,80.21917235247976,23.384554,0.538622934869698,5046.7144,5665.2344
RGI2000-v7.0-G-15-01592,,30.521260356797377,80.22019920745808,30.518456999999998,80.2207130462122,38.293995,0.108920635137042,4973.8994,5483.8765
RGI2000-v7.0-G-15-01593,,30.509290115247,80.16076997282214,30.506286000000003,80.15351833333334,32.6738,0.148249875897091,4754.272,5801.341
RGI2000-v7.0-G-15-01594,,30.50304656038707,80.14528283238901,30.5027285,80.14692685526316,41.19536,0.028746044577053,5612.5024,5836.918
RGI2000-v7.0-G-15-01595,,30.500099369150742,80.14718375641887,30.500587,80.14872970541401,27.125973,0.069645515663264,5685.1714,5844.669
RGI2000-v7.0-G-15-01596,,30.50403064977395,80.14203994758911,30.505825,80.14345819287698,31.430836,0.13608819142366,5340.3335,5787.5835
RGI2000-v7.0-G-15-01597,,30.511497731720333,80.14199964256771,30.512192,80.14290277694812,31.901419,0.029117065963887,5607.0327,5704.02
RGI2000-v7.0-G-15-01598,,30.51139909326406,80.15548045973708,30.514450500000002,80.14895389542484,27.37895,0.523377146857879,4949.3564,5396.0186
RGI2000-v7.0-G-15-01599,,30.5143370016465,80.13643661412537,30.523940500000002,80.1320231750501,20.992962,2.986960478030122,5579.3755,6225.857
RGI2000-v7.0-G-15-01600,,30.52215151086424,80.11986194875409,30.5219655,80.12189943936045,44.201847,0.085587055675784,5441.1025,5811.286
RGI2000-v7.0-G-15-01601,,30.52484378690599,80.11864141157142,30.5260375,80.12103026310484,46.042717,0.045237962826169,5451.889,5877.378
RGI2000-v7.0-G-15-01602,,30.526962222780046,80.119769964742,30.5279655,80.12093435806452,47.416767,0.024599906848765,5696.9683,5954.235
RGI2000-v7.0-G-15-01603,,30.525244449562422,80.11611152641521,30.5283015,80.11686421898395,47.060406,0.15147394435903,5296.707,6177.234
RGI2000-v7.0-G-15-01604,,30.533526448984865,80.11519923550736,30.5312535,80.11453953831169,46.092785,0.066383319791906,5414.794,5787.0083
RGI2000-v7.0-G-15-01605,,30.53743748512698,80.11312080498533,30.535604499999998,80.11369761393536,44.917107,0.047553802604786,4928.701,5304.1895
RGI2000-v7.0-G-15-01606,,30.537338010739973,80.12728612661606,30.536283,80.1316514162245,33.049118,0.935689547677055,5556.869,6228.1797
RGI2000-v7.0-G-15-01607,,30.538111535023102,80.18540943837253,30.540878,80.14247435458951,20.0409,7.116038614142664,4464.3457,6052.697
RGI2000-v7.0-G-15-01608,,30.548782165477384,80.12318182266549,30.549960499999997,80.12521981012256,30.167833,0.053631181749857,5627.8174,5864.3833
RGI2000-v7.0-G-15-01609,,30.545811705159743,80.11790281976467,30.5532125,80.1184626398298,34.21839,0.48205118643438,4957.323,6086.9517
RGI2000-v7.0-G-15-01610,,30.54716007895467,80.11017171038448,30.5555985,80.1107763496822,33.751953,0.588705696799042,4932.3306,6166.983
RGI2000-v7.0-G-15-01611,,30.55948730652131,80.07127726751904,30.559877,80.09474182430526,24.925922,2.396379537931781,4833.393,6075.196
RGI2000-v7.0-G-15-01612,,30.56633973554408,80.09070691765135,30.568162,80.08933803362781,40.452915,0.104756072561443,5563.9194,5945.4375
RGI2000-v7.0-G-15-01613,,30.568326313386176,80.09424385565583,30.569497,80.094248192108,46.95146,0.057494704956418,5650.0293,5956.5747
RGI2000-v7.0-G-15-01614,,30.595674123192868,80.11744974840941,30.5828975,80.09597949608302,24.561352,5.777353846279078,4881.209,6049.629
RGI2000-v7.0-G-15-01615,,30.59211472768946,80.0954334166905,30.594324999999998,80.09219112830958,35.182205,0.226065472810548,5622.9614,6115.8716
RGI2000-v7.0-G-15-01616,,30.599122455605535,80.10202069618718,30.600399,80.09598279428076,24.32106,0.640119103714595,5376.9424,6007.376
RGI2000-v7.0-G-15-01617,,30.598260678267366,80.07888210816868,30.5962815,80.07937341310159,49.343,0.06512971065375,5556.276,6016.344
RGI2000-v7.0-G-15-01618,,30.59153367547893,80.06348428888975,30.593511499999998,80.06337230557386,36.66448,0.137107686464948,5667.149,6040.536
RGI2000-v7.0-G-15-01619,Jidier Glacier,30.626491064246544,80.06495285683903,30.610246,80.07503694490029,28.74434,6.868262222045637,4138.3696,6126.411
RGI2000-v7.0-G-15-01620,,30.61861096136874,80.09560582488568,30.617341,80.08900318247588,29.278072,0.174611514530182,5364.2183,5584.726
RGI2000-v7.0-G-15-01621,,30.626254386630123,80.09237599472752,30.625402,80.09294508381089,33.800083,0.016237115174307,5542.5605,5652.014
RGI2000-v7.0-G-15-01622,,30.631051963249178,80.08675094359273,30.6265475,80.08538578147747,36.27054,0.256318576481145,4979.9624,5689.6865
RGI2000-v7.0-G-15-01623,,30.62824221234189,80.10913227950519,30.617639,80.10700634836391,23.893528,1.010055704037165,4919.9307,5944.772
RGI2000-v7.0-G-15-01624,,30.622936751984952,80.04880462783903,30.622609500000003,80.04694245433313,24.082216,0.06824744026856,5038.8823,5193.4844
RGI2000-v7.0-G-15-01625,,30.626533308135773,80.04196438329214,30.6262845,80.03896983412324,29.780884,0.080769847599636,5241.8022,5545.799
RGI2000-v7.0-G-15-01626,,30.636379718717688,80.04517398370365,30.6349805,80.04149036267606,41.746037,0.190475666405309,5384.546,6023.093
RGI2000-v7.0-G-15-01627,,30.640940296906223,80.04223276092615,30.6393825,80.04124872863568,46.028862,0.056779145861544,5440.4463,5836.3916
RGI2000-v7.0-G-15-01628,,30.655464928763923,80.0378026762176,30.64849,80.03455430090497,22.291126,0.47390571027481,4586.0522,5188.455
RGI2000-v7.0-G-15-01629,,30.652860548375106,80.02390938584122,30.6522185,80.02259075510204,37.789307,0.027823201538329,5125.626,5329.388
RGI2000-v7.0-G-15-01630,,30.660241988194525,80.02250155667487,30.659135,80.02049012915602,36.757866,0.132322206807828,5192.197,5580.2427
RGI2000-v7.0-G-15-01631,,30.658585074924382,80.01170985858332,30.6570285,80.01501156067961,39.82115,0.107707472250136,5290.9375,5820.231
RGI2000-v7.0-G-15-01632,,30.652946111250493,80.0126655380577,30.65231,80.01402043836741,37.464222,0.046440051738751,5772.2085,6017.211
RGI2000-v7.0-G-15-01633,,30.64796559981736,80.01509350554049,30.648671999999998,80.01458033726523,31.58061,0.015257195427915,6051.243,6125.2593
RGI2000-v7.0-G-15-01634,,30.653138758365056,80.00349044396735,30.6497555,80.00720890776643,41.63913,0.195785190219098,5001.26,5837.185
RGI2000-v7.0-G-15-01635,,30.64107592903451,80.0144090041758,30.642504000000002,80.01865430940447,33.075504,0.175034794718806,5568.553,5976.3765
RGI2000-v7.0-G-15-01636,,30.638884942763816,80.02018950552879,30.639709,80.02051454081746,36.58815,0.036356242307472,5847.4185,5994.558
RGI2000-v7.0-G-15-01637,,30.632792678465226,80.01124093903184,30.6322275,80.01782569065148,32.099895,0.988555263063308,5301.57,6279.59
RGI2000-v7.0-G-15-01638,,30.622016498338855,80.00846865258654,30.624375,80.01675648671497,27.535769,0.236083877055123,5337.7544,5775.5303
RGI2000-v7.0-G-15-01639,,30.60860473108958,80.01520382479252,30.6167405,80.02086984885666,22.935928,0.996270362772232,5209.4604,6118.64
RGI2000-v7.0-G-15-01640,,30.60819832980012,80.02287929011646,30.613591,80.02760016017967,35.783276,0.480169326106326,5564.0347,6192.231
RGI2000-v7.0-G-15-01641,,30.61219357908079,80.04117693812606,30.611262500000002,80.03917461278883,31.54753,0.070353784571302,5390.9106,5564.4497
RGI2000-v7.0-G-15-01642,,30.615420188268764,80.00867548212386,30.615898,80.01034865531113,37.9565,0.068179585784372,5699.9434,5867.9917
RGI2000-v7.0-G-15-01708,,30.337752484863724,80.02579551027335,30.3245005,80.02367468369766,21.523045,2.958474965968975,4472.985,5690.374
RGI2000-v7.0-G-15-01709,,30.356598193750983,80.03994443268863,30.357589,80.0404694579399,22.754307,0.036550383591778,5145.2925,5251.316
RGI2000-v7.0-G-15-01710,,30.353292149374326,80.05626880469732,30.3557985,80.0575054024589,35.150654,0.120573982241464,5188.559,5585.4688
RGI2000-v7.0-G-15-01711,,30.354987430697204,80.06349309429324,30.356108499999998,80.06272152446417,38.39116,0.080604153146082,5505.276,5746.7554
RGI2000-v7.0-G-15-01712,,30.35477456198602,80.06933885859766,30.357022,80.06938845687881,32.09308,0.091965304960379,5144.8486,5501.375
RGI2000-v7.0-G-15-01713,,30.363602607256837,80.0655910668933,30.361552500000002,80.06533202004177,45.608627,0.094378995794698,4918.585,5488.8105
RGI2000-v7.0-G-15-01714,,30.364921297183102,80.07125068064647,30.3619435,80.07399885319339,42.330868,0.168765948503106,4872.7163,5480.1997
RGI2000-v7.0-G-15-01716,,30.375584715527186,80.1113523607114,30.370236,80.11150832296386,34.47616,0.749606730157467,4822.7896,5497.325
RGI2000-v7.0-G-15-01717,,30.41009376875712,80.01095761050153,30.4167805,80.02575484321122,30.21835,1.025958147870936,5171.5723,6202.6787
RGI2000-v7.0-G-15-01718,,30.424050999403523,80.01392048150984,30.4215425,80.01557330325112,37.368187,0.097083324468425,5284.0034,5710.48
RGI2000-v7.0-G-15-01719,,30.42576687851691,80.0151582249142,30.427636,80.02559385905529,28.722061,0.882546320123607,5275.7144,6137.5244
RGI2000-v7.0-G-15-01720,,30.464603989341885,80.04471502191325,30.466497500000003,80.04215786095389,48.451633,0.064486511128558,5761.8486,6269.399
RGI2000-v7.0-G-15-01721,,30.477533887460705,80.0308583883122,30.479498,80.02936927630316,41.296146,0.089331994379678,5694.909,6137.8174
RGI2000-v7.0-G-15-01723,,30.495013219189076,80.00496561345354,30.4947085,80.00729596609017,47.72931,0.086659895948332,5765.643,6245.3535
RGI2000-v7.0-G-15-01724,,30.49800576005479,80.00799732069994,30.497916,80.00964685851997,50.07812,0.086392899337437,5800.411,6157.511
RGI2000-v7.0-G-15-01727,,30.503461542819867,80.039572964165,30.507548,80.0359317768322,40.38987,0.231952334753764,5071.07,5847.0366
RGI2000-v7.0-G-15-01728,,30.5098757448395,80.04138241738622,30.511874,80.04071758779534,42.758785,0.087214929400308,5469.1245,5898.403
RGI2000-v7.0-G-15-01729,,30.51582207214616,80.05263759151886,30.514462,80.05034862930577,35.31666,0.134757039238221,5378.633,5759.1353
RGI2000-v7.0-G-15-01730,,30.524837265649452,80.05730722921696,30.5217505,80.05361949144272,29.137333,0.258692891283017,4482.472,5223.84
RGI2000-v7.0-G-15-01731,,30.464923185509143,80.11277067017838,30.5208075,80.07611713088576,22.125729,59.27845183881278,3558.7407,6936.176
RGI2000-v7.0-G-15-01732,,30.54837457313004,80.07834040686282,30.549882500000002,80.08305076415598,20.403221,0.307459358875055,4920.593,5318.3257
RGI2000-v7.0-G-15-01733,,30.555984691440756,80.13395295061032,30.557467000000003,80.12954824849294,38.116333,0.215672666495872,5885.2603,6305.291
RGI2000-v7.0-G-15-01734,,30.560099469633585,80.16759407373455,30.5646365,80.15855761799114,21.72437,1.471635676653922,4958.4873,5749.721
RGI2000-v7.0-G-15-01735,,30.586579938480853,80.15650325762263,30.579437499999997,80.15571806658106,23.45486,0.65352412422854,4996.943,5602.1104
RGI2000-v7.0-G-15-01736,,30.598278872717763,80.13242536583381,30.5782475,80.1500963343502,24.185349,8.312312613122229,4656.0107,6306.077
RGI2000-v7.0-G-15-01739,,30.610219632039666,80.21443336592819,30.6106455,80.21657602480107,28.955992,0.038886846693103,5797.157,5893.4604
RGI2000-v7.0-G-15-01740,,30.619262225959975,80.2154960845297,30.6178805,80.21545726933658,27.379406,0.051452005445205,5651.7734,5867.7896
RGI2000-v7.0-G-15-01741,,30.620612499464475,80.21307957395786,30.618735,80.21268658766475,27.882326,0.034632878035948,5639.433,5822.221
RGI2000-v7.0-G-15-01742,,30.62700791109789,80.18477620154405,30.6250605,80.18309408682009,32.343,0.139385034826053,5500.9956,5771.697
RGI2000-v7.0-G-15-01743,,30.654050067195016,80.16959177302853,30.6529615,80.17032761352401,26.248434,0.073054183919057,5694.04,5844.838
RGI2000-v7.0-G-15-01744,,30.659529119359426,80.18132239753695,30.6591555,80.18011234369287,23.704952,0.028512476157422,5613.9165,5699.116
RGI2000-v7.0-G-15-01745,,30.66661733085796,80.18207210974688,30.661069,80.1845860983849,23.385025,0.459021639410172,5346.841,5774.878
RGI2000-v7.0-G-15-01746,,30.664645742349457,80.17488677693332,30.662913500000002,80.17408900000001,22.291328,0.073835454489677,5744.7163,5886.1797
RGI2000-v7.0-G-15-01748,,30.680055997068482,80.11423919317488,30.674412,80.11649232864912,31.94094,0.451530832327967,5063.95,5834.3354
RGI2000-v7.0-G-15-01749,,30.587317302911003,80.02139486414545,30.584169000000003,80.02071816709136,44.150173,0.227913395577918,6617.5957,7095.403
RGI2000-v7.0-G-15-01750,,30.555542902887918,80.02913404277658,30.5579745,80.02858171670081,43.567177,0.120450858340188,5314.498,5881.2803
RGI2000-v7.0-G-15-01752,,30.497525325186363,80.10865556063565,30.498621,80.13114437781373,25.765572,1.420620887559856,4138.0103,5853.653
RGI2000-v7.0-G-15-01753,,30.492439688059118,80.14071619470546,30.490944,80.14322733877995,25.04511,0.11542283501913,5505.212,5731.0933
RGI2000-v7.0-G-15-01754,,30.48232103436871,80.13632973033575,30.482960499999997,80.14097617847895,24.173239,0.18401819968614,5095.3076,5480.0874
RGI2000-v7.0-G-15-01756,,30.44999349476203,80.20316450380865,30.443578,80.20259739092141,34.779198,0.213640099303515,4690.721,5696.443
RGI2000-v7.0-G-15-01757,,30.428366995547112,80.19727588353028,30.4276365,80.19765269875596,39.039608,0.018784329897878,5332.375,5468.3833
RGI2000-v7.0-G-15-01758,,30.42969673713302,80.23173239378276,30.4286565,80.23242434980537,48.940117,0.038825405452139,5523.3013,5830.357
RGI2000-v7.0-G-15-01759,,30.453852952402897,80.22295809800586,30.435642,80.24911364245732,24.921366,7.679762246355215,4328.1064,6043.2886
RGI2000-v7.0-G-15-01760,,30.44788933971772,80.24274167400148,30.448721499999998,80.2491314840604,40.141647,0.31193193433563,5129.3228,6142.3447
RGI2000-v7.0-G-15-01761,,30.456415624630985,80.24863620307094,30.453941,80.24936640813655,40.471504,0.15654293785851,5412.8794,5977.051
RGI2000-v7.0-G-15-01762,,30.461446015206626,80.23478459723852,30.45815,80.24558110123968,26.493555,1.055073971642427,4946.19,6213.774
RGI2000-v7.0-G-15-01763,,30.44985629767187,80.25784047791377,30.4521685,80.25766379774342,40.44438,0.16657301987196,5767.249,6225.159
RGI2000-v7.0-G-15-01764,,30.383427688460888,80.24230853302335,30.405334500000002,80.2509185,22.402128,9.035077368789727,4002.4297,5997.8135
RGI2000-v7.0-G-15-01765,,30.402626995823184,80.23148124673665,30.404915,80.231046937751,33.883633,0.131744029093034,5170.3906,5452.4883
RGI2000-v7.0-G-15-01766,,30.400838584941425,80.21998863433853,30.4027265,80.21971305272587,24.99696,0.082116265395298,5026.107,5265.5845
RGI2000-v7.0-G-15-01767,,30.37941663208363,80.2627236493805,30.3784015,80.26457231102941,37.59072,0.029870404900829,5183.1094,5483.5874
RGI2000-v7.0-G-15-01768,,30.365199456598376,80.26312684049786,30.3739515,80.27058155188264,31.385962,0.573978600197262,4716.8633,6097.326
RGI2000-v7.0-G-15-01769,,30.384709996291008,80.26873914212545,30.382939,80.2710091571591,51.626434,0.080409073997379,5210.5103,5779.8286
RGI2000-v7.0-G-15-01770,,30.398926656866138,80.25859800891739,30.391695499999997,80.27489082985363,37.2291,1.372541745427925,4361.906,6105.355
RGI2000-v7.0-G-15-01771,,30.368308444319872,80.28362914722817,30.3680385,80.28208624626538,30.85348,0.063423232325902,5059.9614,5271.869
RGI2000-v7.0-G-15-01775,,30.340811127202084,80.29576568844868,30.342558500000003,80.29380589439647,27.189182,0.115160227571816,4880.42,5129.6157
RGI2000-v7.0-G-15-01776,,30.34148286477644,80.2842381915933,30.34152,80.28654673401084,27.763506,0.131103513441305,4659.799,4892.8174
RGI2000-v7.0-G-15-01777,,30.35546853168435,80.26584665762495,30.354305500000002,80.26603358930981,24.855423,0.041191279401434,4760.2754,4897.0845
RGI2000-v7.0-G-15-01778,,30.34817200517932,80.26087820614846,30.346676000000002,80.26080927472947,33.247322,0.026875699329537,5309.333,5438.667
RGI2000-v7.0-G-15-01779,,30.352635423508215,80.25409668861585,30.350135,80.25323545874703,22.765858,0.107221354645036,4638.7847,4851.737
RGI2000-v7.0-G-15-01780,,30.341617896009602,80.3630421712652,30.336368,80.37129076836158,37.552505,0.577997328107844,4620.9126,6320.536
RGI2000-v7.0-G-15-01781,,30.34361507869683,80.36800719532266,30.3447535,80.37296972692728,26.446455,0.30498830514541,4919.553,5493.181
RGI2000-v7.0-G-15-01782,,30.351807099103436,80.36815696907176,30.351830999999997,80.3731311693296,30.36207,0.428119547382029,4944.4033,5615.0938
RGI2000-v7.0-G-15-01783,,30.361338,80.37331,30.360200499999998,80.37576445283565,38.0769,0.040088933119436,5412.3784,5739.0215
RGI2000-v7.0-G-15-01784,,30.369154196772477,80.39604611697776,30.371415,80.39111990102928,27.68392,0.266513797378595,4959.3525,5554.7856
RGI2000-v7.0-G-15-01786,,30.353260691161456,80.42295214228874,30.355268,80.41966812420623,36.67587,0.171128155585886,5227.848,5594.629
RGI2000-v7.0-G-15-01787,,30.347633008651705,80.42990564588553,30.3464405,80.42607526735233,26.865728,0.105191903024309,4703.6665,5084.3057
RGI2000-v7.0-G-15-01788,,30.33875850027264,80.42395858647465,30.344213500000002,80.41718574816697,21.166306,0.434206283399443,5001.2983,5574.464
RGI2000-v7.0-G-15-01789,,30.33983139020463,80.41000409699663,30.341517,80.41071984440559,32.920166,0.099014432538687,5396.981,5677.0767
RGI2000-v7.0-G-15-01790,,30.336726055999932,80.40052736459722,30.337627,80.39833778800785,21.287529,0.106283761133182,5143.605,5338.679
RGI2000-v7.0-G-15-01791,,30.310546349631505,80.39494203514715,30.3115835,80.39161562717447,40.6971,0.189646968125522,5550.477,6037.6743
RGI2000-v7.0-G-15-01792,,30.30803394023373,80.39656930845412,30.308186499999998,80.39259529216402,37.429634,0.138765652459957,5423.2773,6012.237
RGI2000-v7.0-G-15-01793,,30.30602056610613,80.37136768864177,30.3058275,80.37405712917152,21.11787,0.135821622023481,5318.358,5544.9062
RGI2000-v7.0-G-15-01794,,30.306464334924428,80.36373466290446,30.3144885,80.37527219387033,24.01573,1.142204075066168,5055.6255,6091.8345
RGI2000-v7.0-G-15-01795,,30.291327998555985,80.35962223062728,30.287152499999998,80.36261077525933,43.717796,0.59566379065789,5287.8057,6130.964
RGI2000-v7.0-G-15-01796,,30.28025759207756,80.34634369197677,30.2821305,80.35192091400451,30.007738,0.186084896756924,5009.048,5618.9434
RGI2000-v7.0-G-15-01797,,30.28472400715843,80.32633366633951,30.273891,80.35248696523179,27.725952,6.072800374992445,4238.2803,6488.1455
RGI2000-v7.0-G-15-01798,,30.244590732910066,80.33288997580647,30.2534585,80.37043638260825,33.609955,2.631186866700107,3925.2634,6541.143
RGI2000-v7.0-G-15-01799,,30.250201615306345,80.35630300469656,30.2483785,80.36066206519111,39.595566,0.428425248947625,5259.741,6379.3857
RGI2000-v7.0-G-15-01800,,30.239176470008147,80.36219387841983,30.236809,80.36323692454067,43.056877,0.153379835921162,5641.7046,5910.0186
RGI2000-v7.0-G-15-01801,,30.228466307465723,80.36136789845007,30.2305875,80.36103698123202,46.660923,0.085498914126389,5398.832,5943.86
RGI2000-v7.0-G-15-01802,,30.230806177143446,80.34575491107628,30.229554999999998,80.34651919022818,44.593273,0.054750521565353,5115.599,5373.967
RGI2000-v7.0-G-15-01803,,30.237384701689905,80.33327907092642,30.230548,80.33912563912799,31.57966,0.601581933957165,4245.1733,5369.9365
RGI2000-v7.0-G-15-01804,,30.230506250967697,80.33311988720362,30.22887,80.33379916513275,28.912086,0.036030754308512,4620.428,4833.4355
RGI2000-v7.0-G-15-01805,,30.241584870074885,80.33678827989931,30.236297999999998,80.34647995794393,28.743439,2.181319652374938,4177.3438,5862.454
RGI2000-v7.0-G-15-01806,,30.28100786129209,80.45097539139513,30.262059,80.38125863583404,22.40408,12.71588971024932,4172.7993,6341.0117
RGI2000-v7.0-G-15-01807,,30.281668375000486,80.39446611634149,30.284849,80.38527720895522,26.944262,0.699925076931933,5387.083,6424.4185
RGI2000-v7.0-G-15-01808,,30.28667083590179,80.39538654452564,30.290484499999998,80.39606185280971,28.816038,0.646083512402095,5671.0596,6231.2974
RGI2000-v7.0-G-15-01809,,30.285168159431997,80.40309201140111,30.2881985,80.40462816381279,39.349335,0.100826157707848,5282.7666,5856.18
RGI2000-v7.0-G-15-01810,,30.288792508485926,80.4143233697158,30.2930865,80.4087219562357,28.55894,0.532246708378426,5076.5415,5976.7935
RGI2000-v7.0-G-15-01811,,30.289518585244092,80.42018225188568,30.2935325,80.4213621030764,25.225847,0.136617954671568,5051.6934,5489.208
RGI2000-v7.0-G-15-01812,,30.298960985183314,80.42240993861593,30.3002075,80.42188977663815,40.61057,0.046843062741915,5610.6826,5932.878
RGI2000-v7.0-G-15-01813,,30.29263123766426,80.4372867613533,30.298985000000002,80.43064357843365,21.742058,0.508897284834603,5083.726,5633.509
RGI2000-v7.0-G-15-01814,,30.304661327565547,80.4364077470787,30.3053685,80.43630383758315,28.34759,0.027642491714359,5698.369,5776.3823
RGI2000-v7.0-G-15-01815,,30.308801702395893,80.45449397009604,30.3067705,80.44755259137688,30.150154,0.404074028215322,4599.7783,5266.4087
RGI2000-v7.0-G-15-01816,,30.30779554542988,80.4595633959354,30.304499999999997,80.45450477268761,36.04513,0.258812932310311,4337.113,5074.6143
RGI2000-v7.0-G-15-01817,,30.324201918242203,80.44058699456961,30.319702,80.43989097149708,22.513092,0.286579606464964,4201.0454,4641.214
RGI2000-v7.0-G-15-01818,,30.330069148135628,80.44675480596466,30.311959,80.41270995955463,20.14964,4.913882467951768,4008.822,6113.2256
RGI2000-v7.0-G-15-01819,,30.273874839502543,80.45080817595078,30.256056,80.44738674895373,26.57426,2.506964075669095,4298.3906,6333.716
RGI2000-v7.0-G-15-01820,,30.262649973062725,80.45582682443734,30.257112,80.46091615874238,28.617102,0.637499270299204,4697.191,5490.81
RGI2000-v7.0-G-15-01821,,30.263169440599974,80.4604761070499,30.2578645,80.46881813051337,26.097876,0.680050603447811,4839.0493,5496.1836
RGI2000-v7.0-G-15-01822,,30.25261171740224,80.47710199779941,30.2537705,80.4787600974386,28.816204,0.052612338291746,5072.9414,5258.701
RGI2000-v7.0-G-15-01823,,30.262655835904358,80.49256093320433,30.2606325,80.48744372214485,29.574404,0.15864745968961,4349.4087,4802.108
RGI2000-v7.0-G-15-01824,,30.26831795235817,80.49003245768884,30.271105,80.48287828621663,28.267519,0.299918396331429,4585.734,5285.248
RGI2000-v7.0-G-15-01825,,30.278351380195687,80.4887985804005,30.276813,80.4869465002397,29.12299,0.074005080868007,4807.3154,5026.485
RGI2000-v7.0-G-15-01826,,30.28115748173604,80.49578598455898,30.2768115,80.490318,28.590025,0.210515857689206,4418.6426,5092.3604
RGI2000-v7.0-G-15-01827,,30.24403048309007,80.45042093718205,30.242430499999998,80.44404321801706,25.868912,0.203691250930784,5640.421,5977.811
RGI2000-v7.0-G-15-01828,,30.240198859798753,80.48001253759993,30.231489500000002,80.44461908732396,23.689737,7.916810951944232,4290.963,6737.288
RGI2000-v7.0-G-15-01829,,30.231414985974713,80.46562337784744,30.230487500000002,80.46106491721855,30.279152,0.181862042878943,5037.248,5429.959
RGI2000-v7.0-G-15-01830,,30.23502047006164,80.50339997438881,30.2126175,80.4636550129583,24.982162,10.798089181711052,3403.7668,6703.728
RGI2000-v7.0-G-15-01831,,30.190848013622524,80.44915361801434,30.192980499999997,80.45085565185528,47.95294,0.146993599083793,5543.5464,6137.865
RGI2000-v7.0-G-15-01832,,30.183506177821315,80.43744648548216,30.1907305,80.44264042121213,37.385654,0.333983265261759,4346.585,5712.224
RGI2000-v7.0-G-15-01833,,30.188780422004285,80.4318507680943,30.1922165,80.43642858333334,33.738243,0.353693525045329,4575.9463,5244.5107
RGI2000-v7.0-G-15-01834,,30.194607889583114,80.43357620183251,30.19585,80.4341676609363,42.569496,0.042615273895742,5052.858,5333.612
RGI2000-v7.0-G-15-01835,,30.19695247067842,80.43173699751858,30.199600500000003,80.43418944424425,47.36607,0.175211465581055,5304.1167,5935.0303
RGI2000-v7.0-G-15-01836,,30.18734459546258,80.42415000328094,30.1954925,80.42543903668764,36.65331,1.178802624825588,4380.431,6134.7266
RGI2000-v7.0-G-15-01837,,30.20404007859867,80.425540881776,30.2080695,80.42384330892352,45.628136,0.335164491934242,5847.3228,6724.3027
RGI2000-v7.0-G-15-01838,,30.189991111566183,80.36490819050842,30.206528499999997,80.4116470812832,29.103533,4.817065869088978,3569.4165,6760.0557
RGI2000-v7.0-G-15-01839,,30.184579533910277,80.41385328995823,30.1915735,80.406168172067,38.20963,0.441358493210841,4573.573,6083.729
RGI2000-v7.0-G-15-01840,,30.19027945631086,80.39899322567422,30.192106000000003,80.40139535750575,38.436077,0.119231428345276,5328.575,5688.072
RGI2000-v7.0-G-15-01841,,30.192917029693486,80.38453799466133,30.1840975,80.38855261295794,25.67008,1.566042835547204,4278.9497,5515.7715
RGI2000-v7.0-G-15-01842,,30.20195419598134,80.34774790798599,30.220582999999998,80.39281492440978,22.51765,13.552188417630946,3309.558,6340.3545
RGI2000-v7.0-G-15-01843,,30.237248949220575,80.39686707014161,30.238985,80.396706721537,25.998718,0.111603925360405,5263.2603,5474.5425
RGI2000-v7.0-G-15-01844,,30.15723111261671,80.40544224354154,30.1731255,80.46257020447845,25.575655,6.811066587259534,3423.6145,5952.378
RGI2000-v7.0-G-15-01845,,30.161687142230853,80.47076790129441,30.1619795,80.46379907425742,41.119053,0.245699663619741,5284.8013,5997.4546
RGI2000-v7.0-G-15-01846,,30.156308782596852,80.46272020246276,30.1577275,80.46352820936983,40.016342,0.100639019068007,5529.864,5979.045
RGI2000-v7.0-G-15-01847,,30.134728844552857,80.43548359526682,30.142666,80.45378371270397,21.726192,4.032331324256201,4108.7524,5843.2505
RGI2000-v7.0-G-15-01848,,30.1472587846632,80.44870924176506,30.1479445,80.44501350580168,24.487951,0.137394413101402,5000.347,5223.305
RGI2000-v7.0-G-15-01849,,30.1584055918834,80.42967454106434,30.152461000000002,80.4372465210728,23.207117,0.671591130872355,4436.74,5071.982
RGI2000-v7.0-G-15-01850,,30.154263276896675,80.43023955311482,30.1504155,80.4332433849479,26.681143,0.168504317924822,4605.7793,5071.931
RGI2000-v7.0-G-15-01853,,30.123049673960654,80.44589149475331,30.1173795,80.45078620270549,22.479813,0.637508164430797,4691.301,5259.868
RGI2000-v7.0-G-15-01854,,30.103250618725895,80.4553882998914,30.10726,80.45804154184397,32.24383,0.328400703892931,4722.4556,5502.2603
RGI2000-v7.0-G-15-01855,,30.099687920429684,80.46065723245708,30.101184,80.46071921265835,26.625282,0.056615399674008,4710.906,4850.1675
RGI2000-v7.0-G-15-01856,,30.096150228318926,80.47169937101489,30.1041545,80.4694464514615,28.967674,0.528041869989134,4448.608,5513.23
RGI2000-v7.0-G-15-01857,,30.098699861787036,80.47909476896757,30.10946,80.48003445042194,27.044443,2.159088645326124,4487.6494,5679.4873
RGI2000-v7.0-G-15-01858,,30.10981943935255,80.51586207676704,30.1132075,80.49485628091587,23.504087,1.203924185859077,4379.6436,5455.1
RGI2000-v7.0-G-15-01859,,30.11140982243035,80.50476063653623,30.1103375,80.49569826898328,27.056559,0.53886685564409,4649.561,5448.096
RGI2000-v7.0-G-15-01860,,30.122020867755758,80.51124291651233,30.1205965,80.50928021595305,26.343502,0.099766204278478,4841.5327,5048.955
RGI2000-v7.0-G-15-01862,,30.148129811597176,80.50484131868575,30.1443285,80.49621635197808,32.04745,0.393094358032782,4631.908,5552.809
RGI2000-v7.0-G-15-01863,,30.146327741852225,80.48759258456,30.143711,80.48717658462402,39.96528,0.108498518764288,5345.34,5768.8335
RGI2000-v7.0-G-15-01864,,30.161705161140766,80.50684123929513,30.153672,80.49149635412161,24.345247,1.815252580867484,4014.8284,5925.5405
RGI2000-v7.0-G-15-01865,,30.169506909856995,80.48978947590284,30.166731,80.48881393462553,28.609571,0.161512760424389,4561.648,4864.5635
RGI2000-v7.0-G-15-01867,,30.20393666347482,80.49861695226458,30.197616,80.48666074573535,32.43638,1.631010686819305,4603.4155,6313.4756
RGI2000-v7.0-G-15-01868,,30.157696145285843,80.51936829749017,30.1466385,80.50954987696679,30.27224,1.503548518688714,3838.4805,5406.7627
RGI2000-v7.0-G-15-01869,,30.144106715723183,80.51592940293155,30.140858,80.51840233737681,41.82671,0.658517727753532,4822.07,5509.5205
RGI2000-v7.0-G-15-01870,,30.131127214707508,80.51814420939385,30.133630500000002,80.51594115889151,32.77164,0.201687336930774,4836.067,5236.206
RGI2000-v7.0-G-15-01871,,30.127514306781052,80.52303656868231,30.1305095,80.52309552947845,26.127592,0.259121910719393,4600.6597,4945.355
RGI2000-v7.0-G-15-01872,,30.12970685491681,80.53254662751456,30.138071500000002,80.53473580677436,24.002186,1.545455836784794,4462.5806,5160.486
RGI2000-v7.0-G-15-01873,,30.13581783606818,80.5430892001087,30.135785,80.5441332879701,22.983936,0.029491037332767,4964.751,5065.826
RGI2000-v7.0-G-15-01874,,30.12943064093875,80.54336193090452,30.13129,80.54524463888889,26.472122,0.100616716171012,4766.4946,5043.3003
RGI2000-v7.0-G-15-01875,,30.12495296379948,80.54346102877469,30.1292405,80.54958523624433,26.045078,0.310813463983692,4553.0376,5088.6196
RGI2000-v7.0-G-15-01876,,30.14559149063344,80.55261262486631,30.140209499999997,80.55214839244559,30.521973,0.384474223371176,4223.4946,4875.805
RGI2000-v7.0-G-15-01877,,30.150950519263304,80.5540127557868,30.147187000000002,80.5496280625,32.0045,0.198385071319197,3912.0308,4889.806
RGI2000-v7.0-G-15-01878,,30.14411867625213,80.56984687777347,30.1381395,80.56633575039788,21.131056,0.55567550505341,4077.7332,4627.4976
RGI2000-v7.0-G-15-01879,,30.19763088798624,80.62951184424254,30.197559,80.62527088188291,29.129314,0.137764946796809,4705.8125,5133.435
RGI2000-v7.0-G-15-01880,,30.21038810943398,80.62707890080465,30.207155,80.62333922008881,28.736116,0.235299675215742,4241.3784,4684.874
RGI2000-v7.0-G-15-01881,,30.220365328277772,80.594394888453,30.222745,80.60195900571392,24.900417,0.318212930665412,4660.056,5113.9756
RGI2000-v7.0-G-15-01882,,30.22048620709919,80.63636184916268,30.2313105,80.62187189538932,21.688835,2.54461118482902,4006.8977,5760.3306
RGI2000-v7.0-G-15-01883,,30.249935563107364,80.62013070555143,30.2492875,80.61981752379361,40.85097,0.022082321637674,5102.139,5222.963
RGI2000-v7.0-G-15-01884,,30.252272043862376,80.61329207025005,30.2478945,80.60737760978301,30.236914,0.346492565105057,4868.875,5624.8403
RGI2000-v7.0-G-15-01885,,30.245314792589745,80.60100525242278,30.243531,80.60280465054535,36.535496,0.090914843974083,5089.042,5520.3823
RGI2000-v7.0-G-15-01886,,30.261474088027768,80.60443016059139,30.260891,80.60275044996304,31.12741,0.045464020460923,5434.829,5603.2793
RGI2000-v7.0-G-15-01887,,30.273273867660276,80.5889136962277,30.266149499999997,80.59195614774526,21.872747,0.65047711144253,4786.639,5468.0938
RGI2000-v7.0-G-15-01890,,30.300153638330926,80.62420547050849,30.301561,80.6260742262144,36.408398,0.114118845583915,5415.2373,5727.373
RGI2000-v7.0-G-15-01891,,30.292946550871587,80.63400445540248,30.295296,80.63292267678918,39.330322,0.16397713956643,5513.4863,5969.267
RGI2000-v7.0-G-15-01892,,30.28217322752218,80.62353313996918,30.282854,80.64032954805103,32.624043,1.952111928938358,4614.831,6289.6084
RGI2000-v7.0-G-15-01893,,30.27657448542251,80.63780408649966,30.2775755,80.64015832293282,43.98304,0.074500985461868,5419.218,5848.442
RGI2000-v7.0-G-15-01894,,30.273548945408432,80.63291513523019,30.274198499999997,80.63565606246262,33.930897,0.063250801461184,5009.934,5367.2793
RGI2000-v7.0-G-15-01895,,30.270244163607252,80.64268927487272,30.2722685,80.64319889315853,45.44943,0.04368730777014,5627.219,6058.8115
RGI2000-v7.0-G-15-01896,,30.272176063235676,80.6446472525898,30.273297499999998,80.64687168368297,42.661373,0.122054313380581,5881.26,6278.595
RGI2000-v7.0-G-15-01897,,30.263810620585314,80.64689091319609,30.268173,80.65093169413325,40.50833,0.213549599775825,5327.0166,6229.4404
RGI2000-v7.0-G-15-01898,,30.262942937523572,80.63754214310136,30.2645515,80.64022011504031,23.996319,0.168398161712878,5030.2173,5362.134
RGI2000-v7.0-G-15-01899,,30.275907469432994,80.6123278671037,30.2586375,80.63964444562097,20.35235,6.527888162419773,4295.0913,6086.721
RGI2000-v7.0-G-15-01900,,30.25940355914352,80.6628923631508,30.2578095,80.66492028465125,54.272896,0.061632224224948,5577.179,6125.155
RGI2000-v7.0-G-15-01901,,30.258038281517283,80.67154223745246,30.258867000000002,80.67034934553953,45.08021,0.06285931508341,5894.5645,6171.1147
RGI2000-v7.0-G-15-01902,,30.26592349654887,80.67266538238414,30.264162499999998,80.67268741743163,49.318707,0.108697238686762,5574.8013,6082.7603
RGI2000-v7.0-G-15-01903,,30.25436202534175,80.68185142122476,30.2557625,80.67744937450787,25.690464,0.161689133029153,5216.2383,5509.646
RGI2000-v7.0-G-15-01904,,30.250410628890695,80.6757652144043,30.251269999999998,80.67253069545262,25.906849,0.152712763801178,5188.2627,5550.6763
RGI2000-v7.0-G-15-01906,,30.243248908772053,80.6685430151761,30.241637500000003,80.66480602777777,40.949036,0.139118586769721,5403.36,5753.9224
RGI2000-v7.0-G-15-01907,,30.236460227228356,80.6659771858059,30.2387995,80.66692167021276,44.098404,0.120400176286769,5188.374,5730.368
RGI2000-v7.0-G-15-01908,,30.231042262012785,80.66689615060433,30.2321365,80.66864415776956,30.705301,0.076896349492026,4816.761,5027.6973
RGI2000-v7.0-G-15-01909,,30.228559006658593,80.66970513568306,30.229078,80.67150423529412,43.9113,0.084960499712382,5097.2295,5487.3633
RGI2000-v7.0-G-15-01910,,30.221097363040194,80.64582264511182,30.222595499999997,80.66539882177929,24.658928,0.642361644740083,4155.5894,4996.2505
RGI2000-v7.0-G-15-01911,,30.216626272940385,80.6751223981721,30.2201995,80.67553781794312,36.900948,0.108701304548877,4643.736,5077.3394
RGI2000-v7.0-G-15-01912,,30.209771912862394,80.68002358767451,30.217076,80.69061840381615,39.490326,0.608526370840323,4277.6523,5722.9053
RGI2000-v7.0-G-15-01913,,30.211933063950585,80.69731482439498,30.2146285,80.69912330412947,43.085167,0.306969222919299,5341.8555,5974.1973
RGI2000-v7.0-G-15-01914,,30.199930188064457,80.69779319934086,30.2034055,80.69779183782327,35.020554,0.130869831680614,4937.0435,5521.1406
RGI2000-v7.0-G-15-01915,,30.20298186808891,80.6726974479281,30.205229,80.683195,22.380249,0.459874509577861,4033.8123,4679.949
RGI2000-v7.0-G-15-01916,,30.185432225201968,80.68302502918529,30.195770500000002,80.71057617612277,25.77732,7.332463717607683,4341.6,6165.714
RGI2000-v7.0-G-15-01917,,30.186778849148325,80.71961619076802,30.183951,80.7235490466476,50.423367,0.221524917833143,5283.8003,6067.119
RGI2000-v7.0-G-15-01918,,30.19202947407177,80.74654133381046,30.191253500000002,80.73063459039942,32.008335,0.74133487181099,4729.799,6098.007
RGI2000-v7.0-G-15-01919,,30.196299102273485,80.74109828418696,30.199317,80.73996103792511,26.564005,0.142080365172763,4985.5967,5343.9097
RGI2000-v7.0-G-15-01920,,30.203424569352332,80.75514559104978,30.201999,80.74699927782346,23.790293,0.295746870402346,4844.1245,5320.604
RGI2000-v7.0-G-15-01921,,30.20316909972503,80.75861310054896,30.200826999999997,80.75601463427377,31.227135,0.120715338591285,4682.037,5021.1523
RGI2000-v7.0-G-15-01924,,30.239681115944798,80.73618505843218,30.240489500000002,80.73449732780612,31.290274,0.087079021814923,4976.6055,5181.0264
RGI2000-v7.0-G-15-01925,,30.252581613987644,80.73056525490875,30.2516235,80.73144700066143,27.706408,0.051143051997197,5212.5464,5340.9062
RGI2000-v7.0-G-15-01926,,30.262675868933588,80.7138603354481,30.249315,80.7240537707848,26.117323,1.810808680512369,4546.8223,6124.5454
RGI2000-v7.0-G-15-01927,,30.275015000465725,80.74061961947815,30.272075,80.73542225322343,23.72537,0.30791768217783,4473.4863,4917.566
RGI2000-v7.0-G-15-01928,,30.263455910803202,80.69252483733311,30.2622685,80.68605388802007,20.096884,0.315901134791441,5010.1294,5315.849
RGI2000-v7.0-G-15-01929,,30.270158748439705,80.68243416483874,30.2691525,80.68292590899281,40.402386,0.043374455967535,5324.5264,5590.37
RGI2000-v7.0-G-15-01930,,30.284857302872048,80.68264673270009,30.2847675,80.6720082114283,22.599829,0.59412349417807,5189.5283,5755.6724
RGI2000-v7.0-G-15-01931,,30.293203917006117,80.671681452855,30.291285000000002,80.67119338729502,31.87866,0.107701762243837,5240.355,5495.586
RGI2000-v7.0-G-15-01932,,30.30524877655018,80.67390007789848,30.3012935,80.67498046070976,24.477255,0.248667117970693,5038.166,5339.526
RGI2000-v7.0-G-15-01934,,30.30214243080456,80.69263207744972,30.3004815,80.69425050000001,35.573067,0.05868428945005,5362.824,5702.189
RGI2000-v7.0-G-15-01935,,30.30321675246975,80.6999412098189,30.300336,80.69660674048669,34.428463,0.205797783715466,5187.457,5734.7603
RGI2000-v7.0-G-15-01936,,30.306736486770795,80.69383905331422,30.3047425,80.69512065,35.138096,0.054919724013985,5251.0796,5561.071
RGI2000-v7.0-G-15-01939,,30.319443058992515,80.63706497186057,30.3180625,80.63523092548596,39.79314,0.051840936397966,5529.5947,5810.7607
RGI2000-v7.0-G-15-01940,,30.323421902884757,80.64336031707543,30.322491499999998,80.64107913394477,20.257717,0.124482469082327,5156.817,5329.4946
RGI2000-v7.0-G-15-01941,,30.334498509657735,80.64150139149733,30.3266545,80.62723955031944,31.299145,1.196043971772931,4636.8115,5893.649
RGI2000-v7.0-G-15-01942,,30.3237928823576,80.59047029186361,30.321905,80.61910727368422,27.425747,1.936522718363647,4354.5464,6033.0864
RGI2000-v7.0-G-15-01943,,30.339476956164624,80.61765148701622,30.338576,80.61698112440637,27.154367,0.032388472902712,5461.383,5549.554
RGI2000-v7.0-G-15-01944,,30.34366063872714,80.61243602562787,30.342319500000002,80.61026155441809,30.444746,0.187361144204116,5231.2505,5577.881
RGI2000-v7.0-G-15-01945,,30.35004871329525,80.60727289534371,30.3467805,80.60453335560345,35.682125,0.31185288411096,5183.353,5816.507
RGI2000-v7.0-G-15-01946,,30.35492872237825,80.61046626848243,30.350853999999998,80.60145672487823,26.160254,0.698127339753493,4978.9487,5806.656
RGI2000-v7.0-G-15-01947,,30.34749878832575,80.5927062378931,30.3462855,80.59406879672397,41.864586,0.07646445003521,5129.0825,5491.802
RGI2000-v7.0-G-15-01949,,30.3701518687716,80.59989334401297,30.3647305,80.59615201852357,22.998058,0.318445670961032,4863.025,5394.0454
RGI2000-v7.0-G-15-01950,,30.36898271886044,80.59182703810659,30.3645505,80.58921717426746,24.40015,0.425043924673925,4961.845,5459.482
RGI2000-v7.0-G-15-01955,,30.405417648887454,80.55659618390412,30.408129000000002,80.56047513197697,31.796188,0.203534691148213,5508.6206,6050.723
RGI2000-v7.0-G-15-01956,,30.41011333598817,80.54618935651139,30.4105175,80.54741777085574,46.787426,0.038890436552784,5726.7144,6004.037
RGI2000-v7.0-G-15-01957,,30.408456743267646,80.53904482355794,30.408607500000002,80.5415822905278,22.612215,0.096098062013675,5301.054,5528.3677
RGI2000-v7.0-G-15-01958,,30.414287375799262,80.53492444088756,30.415528000000002,80.53460089303482,37.75141,0.070820891674197,5557.051,5799.686
RGI2000-v7.0-G-15-01959,,30.41444840421391,80.52459777890337,30.419004,80.53068923392235,27.41536,0.463877770163535,5184.15,5920.7793
RGI2000-v7.0-G-15-01960,,30.408973951368466,80.52582063934416,30.410041999999997,80.52866284596853,22.669374,0.150581169080048,5421.912,5634.144
RGI2000-v7.0-G-15-01961,,30.431053862936334,80.51285842969038,30.428779499999997,80.52356349491095,25.490095,0.846833073181216,5091.0903,5879.0356
RGI2000-v7.0-G-15-01962,,30.44078051351671,80.52757937490078,30.4387695,80.52852251816499,52.70011,0.06402093793692,5402.1777,5892.1147
RGI2000-v7.0-G-15-01963,,30.443920570307302,80.52247696854184,30.4442615,80.53090314024391,38.59662,0.818461532638645,5042.5366,5951.664
RGI2000-v7.0-G-15-01967,,30.397284911095,80.53995688484024,30.396911,80.55017217748065,27.505108,2.166393850321012,4834.926,6075.319
RGI2000-v7.0-G-15-01968,,30.383263840815278,80.53919443174725,30.386682,80.54325891860465,32.287804,0.293346249221632,5053.055,6077.89
RGI2000-v7.0-G-15-01970,,30.431466792376597,80.5784463577518,30.430078,80.57991251423216,20.082365,0.125908760499951,5195.544,5346.5713
RGI2000-v7.0-G-15-01971,CN5Q222A0021,30.464073716248674,80.52025593789995,30.464652,80.52241649902592,44.25011,0.156659119800844,5511.5664,5930.9077
RGI2000-v7.0-G-15-01972,,30.468867918101896,80.51561767239751,30.4701065,80.51773508095724,46.786938,0.133927482553789,5647.0073,6088.4717
RGI2000-v7.0-G-15-01973,,30.46322086833124,80.50057202793413,30.4687765,80.50524301006689,24.246212,0.593055452164629,5195.0405,5964.996
RGI2000-v7.0-G-15-01974,,30.47128386361552,80.4885853337956,30.4755385,80.50294927905357,29.517914,0.797962063713283,4979.458,5833.9736
RGI2000-v7.0-G-15-01975,,30.484329119643274,80.47918788900847,30.4849295,80.48535020881252,34.23916,0.364582159907966,5255.782,5879.115
RGI2000-v7.0-G-15-01976,,30.484328527535915,80.4708122698072,30.4865145,80.470643509375,26.338701,0.098290535594664,5228.6045,5484.351
RGI2000-v7.0-G-15-01977,,30.480221846999797,80.46561751252653,30.485559000000002,80.46247578849318,27.337896,0.292655132190372,5091.79,5750.721
RGI2000-v7.0-G-15-01978,,30.497794608809375,80.44077491470856,30.498383500000003,80.4432140860726,32.959488,0.054456120917363,5451.796,5648.573
RGI2000-v7.0-G-15-01979,,30.50439339607495,80.42963848762753,30.5045445,80.43225598739959,30.23298,0.075661967910822,5302.929,5530.522
RGI2000-v7.0-G-15-01980,,30.506957276681497,80.42624214916107,30.507697,80.42758393392565,29.9545,0.038683490764725,5307.536,5453.329
RGI2000-v7.0-G-15-01981,,30.509496829234443,80.41072241014722,30.516493500000003,80.41086240993894,20.523968,0.704783480892514,5097.3936,5759.607
RGI2000-v7.0-G-15-01983,,30.486567888336243,80.40413143970973,30.478247000000003,80.40377298324037,23.317179,0.723287623585919,4723.121,5447.0938
RGI2000-v7.0-G-15-01984,,30.46787943577384,80.39294537652606,30.4663435,80.39628866973058,24.301521,0.247615639303335,5080.809,5367.302
RGI2000-v7.0-G-15-01985,,30.459546267347445,80.39813817862606,30.4609465,80.40096465761695,21.649752,0.106918895698863,5261.62,5492.802
RGI2000-v7.0-G-15-01986,,30.459559146285695,80.41231306011915,30.463977,80.40642517621652,24.418056,0.331381801570115,5183.4424,5823.3853
RGI2000-v7.0-G-15-01987,,30.45515390510618,80.4199131519758,30.451729999999998,80.41910458365544,23.140144,0.22138524451728,5036.7124,5390.9116
RGI2000-v7.0-G-15-01989,,30.445422978600142,80.3862424424376,30.438205000000004,80.37375760560695,20.43405,1.301461972425249,4321.456,5113.9893
RGI2000-v7.0-G-15-01993,,30.365880243526817,80.49321462569345,30.364359999999998,80.49243579520623,30.241716,0.075760773018919,5058.212,5251.0386
RGI2000-v7.0-G-15-01994,,30.338382162691666,80.525679313987,30.335241,80.5184190050077,23.680847,0.370471442390873,4876.1826,5408.0034
RGI2000-v7.0-G-15-01995,,30.33188122535231,80.5295793206002,30.328133,80.53087973617022,33.75443,0.217465943446813,4878.364,5451.026
RGI2000-v7.0-G-15-01996,,30.422357541624695,80.50964813427466,30.421817,80.51035603741593,26.079042,0.035734301572595,5350.2344,5458.9775
RGI2000-v7.0-G-15-01997,,30.413490174447688,80.65963810632002,30.409939,80.65805415823328,25.447937,0.191924793355984,5193.4683,5533.8374
RGI2000-v7.0-G-15-02000,,30.387939478569773,80.68577454065019,30.38722,80.68496381665537,27.509983,0.039005040601193,5189.1655,5297.8315
RGI2000-v7.0-G-15-02003,,30.414001681655073,80.7049813296458,30.4155795,80.70483020582559,41.92944,0.112874043954023,5501.0205,5898.8647
RGI2000-v7.0-G-15-02005,,30.438667627274647,80.70481709130266,30.435007499999998,80.70590245867568,26.16285,0.225029655060212,5397.478,5890.945
RGI2000-v7.0-G-15-02006,,30.441486199420016,80.70776587580026,30.4363795,80.71119028029673,23.128717,0.297085199858381,5396.8477,5888.486
RGI2000-v7.0-G-15-02009,,30.441724812647667,80.72759976858167,30.439252500000002,80.72607903146695,21.598402,0.083409137401195,5370.0117,5569.3535
RGI2000-v7.0-G-15-02010,,30.444075369301725,80.73619056854999,30.441899499999998,80.73416482918552,39.493916,0.156741446996849,5488.2236,5822.4116
RGI2000-v7.0-G-15-02012,,30.407162378344864,80.74613223723625,30.4066975,80.7471842329449,41.265694,0.029464219631507,5651.1274,5845.0186
RGI2000-v7.0-G-15-02013,,30.415660209890135,80.75025277868126,30.414108,80.75160375060679,43.999397,0.057741314410014,5649.6675,5998.253
RGI2000-v7.0-G-15-02014,,30.412511278219906,80.76206579266902,30.41367,80.7564984134676,23.563686,0.236821439735538,5555.5645,5991.874
RGI2000-v7.0-G-15-02015,,30.404811033728205,80.762331166662,30.404556499999998,80.757876054376,25.91704,0.278230875269488,5428.9434,5898.544
RGI2000-v7.0-G-15-02017,,30.39842172687021,80.77970027985762,30.385424,80.76522129813034,20.187178,3.160060646002676,5098.1875,6161.233
RGI2000-v7.0-G-15-02018,,30.370592155871403,80.76534518896467,30.371506,80.763250721718,44.439457,0.062537490686807,5924.171,6158.5654
RGI2000-v7.0-G-15-02019,,30.365991807330406,80.76636039975126,30.366488500000003,80.76822459137165,34.002907,0.032611749620707,5653.4297,5908.848
RGI2000-v7.0-G-15-02022,,30.345565034333212,80.77007496710125,30.347013500000003,80.771501,23.090397,0.06555488741081,5357.66,5469.5225
RGI2000-v7.0-G-15-02023,,30.337069932394332,80.76488713806891,30.3439555,80.77656197025172,24.28194,1.842274881530225,5078.2036,6449.769
RGI2000-v7.0-G-15-02024,,30.330965264284746,80.79669795014827,30.33239,80.80056221546005,39.713882,0.128519915882469,5313.4688,5795.963
RGI2000-v7.0-G-15-02025,,30.325720717143238,80.8024904237665,30.323369,80.8027547746479,44.646435,0.084742732682361,5695.8936,6118.9604
RGI2000-v7.0-G-15-02026,,30.32622888405934,80.79324948638757,30.323572,80.79697791563471,40.17277,0.268376650027813,5029.8994,5825.155
RGI2000-v7.0-G-15-02027,,30.31426518299855,80.79437457924897,30.3136645,80.79908626836158,40.521053,0.268634790188328,5165.0254,5796.5283
RGI2000-v7.0-G-15-02028,,30.30282937767562,80.8142402760442,30.303072,80.81112729237287,25.930044,0.103685075291643,5076.0884,5382.4395
RGI2000-v7.0-G-15-02029,,30.297095467930514,80.8210664242499,30.3099025,80.81804291644112,27.807882,2.554520992318285,4843.644,6086.693
RGI2000-v7.0-G-15-02030,,30.302337999926173,80.82376688755959,30.3084115,80.83188535954642,26.001637,0.551734410728258,4961.898,5793.2114
RGI2000-v7.0-G-15-02032,,30.33056160836162,80.84247252674113,30.3316445,80.83850196735557,20.181078,0.194204219674208,5261.0156,5485.9546
RGI2000-v7.0-G-15-02034,,30.34231818841905,80.85344708652003,30.3407865,80.85234155243364,36.36291,0.081445078530353,5368.92,5654.6523
RGI2000-v7.0-G-15-02035,,30.35248581969273,80.86164707298188,30.351238,80.86052307585763,38.842255,0.068668834953451,5469.9077,5736.525
RGI2000-v7.0-G-15-02036,,30.35469297584798,80.86347012243475,30.351157999999998,80.86704042632371,24.538252,0.299712170457455,5323.4946,5668.8
RGI2000-v7.0-G-15-02037,,30.349977724379382,80.87690217268086,30.348741,80.87617948303168,20.035902,0.147839854342229,5301.138,5466.167
RGI2000-v7.0-G-15-02038,,30.347552747650358,80.88095398538087,30.346945499999997,80.8805119666862,27.114267,0.018203187132456,5306.058,5395.403
RGI2000-v7.0-G-15-02039,,30.342203083465044,80.87504137991627,30.342134,80.86806246639816,28.23559,0.215818998247067,5327.924,5718.314
RGI2000-v7.0-G-15-02040,,30.3683533028041,80.8733964967419,30.3675325,80.87435478338762,29.075127,0.01501880636558,5547.126,5653.3755
RGI2000-v7.0-G-15-02041,,30.36534104234979,80.906410537978,30.363094,80.90678289217661,22.894705,0.096078794315113,5506.77,5648.4565
RGI2000-v7.0-G-15-02043,,30.35738105880577,80.92918809061187,30.3527655,80.93162783714286,21.167894,0.256074112756935,5246.171,5613.7544
RGI2000-v7.0-G-15-02044,,30.351649818949543,80.92874834622964,30.349702,80.93058459290617,29.830614,0.057538744242841,5454.069,5680.9185
RGI2000-v7.0-G-15-02045,,30.346789428609814,80.93588317502176,30.34619,80.93247832148182,20.540861,0.132983342967213,5529.874,5725.1626
RGI2000-v7.0-G-15-02046,,30.354133591026365,80.93416151007112,30.3519205,80.93714565362193,24.17513,0.144159689788209,5456.695,5614.0913
RGI2000-v7.0-G-15-02048,,30.29249745668774,80.92766838151155,30.289573500000003,80.92886658538141,24.170612,0.220470109884234,5371.1113,5640.054
RGI2000-v7.0-G-15-02049,,30.298585910261437,80.9256315884352,30.291229,80.92014864418327,23.996443,0.881545494241527,4926.8545,5791.3433
RGI2000-v7.0-G-15-02050,,30.292933262445487,80.91466721170929,30.2915925,80.9128802809052,30.855925,0.070774249596104,5432.547,5646.556
RGI2000-v7.0-G-15-02051,,30.29850945552718,80.91694114327504,30.296194,80.91101298891212,26.202097,0.446241996204008,5220.973,5677.971
RGI2000-v7.0-G-15-02053,,30.2774228590434,80.92307116474929,30.275244,80.92782602569217,30.400959,0.218286878879696,5273.749,5655.6997
RGI2000-v7.0-G-15-02055,,30.269041945256717,80.94323093112881,30.268183999999998,80.94293589137052,37.751488,0.02329903904936,5253.6196,5401.6245
RGI2000-v7.0-G-15-02056,,30.26651330001036,80.96552527321957,30.265875,80.96279700854701,23.1804,0.08409759102798,5284.4653,5472.863
RGI2000-v7.0-G-15-02057,,30.27421905090905,80.96857450440119,30.2717655,80.96895439904326,36.98207,0.192010110646051,5128.1045,5509.5913
RGI2000-v7.0-G-15-02058,,30.30685760894978,80.89412620567468,30.304125,80.89575657830312,29.018118,0.388114380679925,5124.2656,5465.053
RGI2000-v7.0-G-15-02059,,30.30668537968163,80.88462277174499,30.302913,80.88612594961948,30.263227,0.264636344084419,5226.866,5672.542
RGI2000-v7.0-G-15-02060,,30.303490217865807,80.8803662545611,30.3022585,80.88074866504812,33.892094,0.059249203457551,5292.6265,5498.7534
RGI2000-v7.0-G-15-02061,,30.292606586061236,80.85174772216254,30.2946685,80.85038697610037,21.398067,0.118819504791246,5203.474,5376.8325
RGI2000-v7.0-G-15-02062,,30.28961978169666,80.85149364156298,30.290875,80.84692264647578,28.697533,0.109428820347815,5157.809,5428.2837
RGI2000-v7.0-G-15-02063,,30.287523144894557,80.84647993428042,30.2872335,80.84547347245277,39.47931,0.026562533498149,5451.421,5603.5317
RGI2000-v7.0-G-15-02064,,30.287680698833267,80.85586400834302,30.2847355,80.85008097026432,24.269745,0.321863824110597,5059.744,5653.889
RGI2000-v7.0-G-15-02065,,30.281277912599556,80.8282587957816,30.277849,80.83988918472244,27.313578,0.61157372472576,4982.04,5689.8413
RGI2000-v7.0-G-15-02066,,30.270690333137715,80.82895589810433,30.269921,80.83111770971303,20.072891,0.042942789821745,5215.3477,5342.3096
RGI2000-v7.0-G-15-02067,,30.2657152783265,80.84677239929266,30.263019,80.84905348478226,29.039022,0.185648702663727,5132.7666,5509.7305
RGI2000-v7.0-G-15-02070,,30.266783654956754,80.87533070504375,30.265559000000003,80.87446057794227,28.590643,0.04152103100613,5136.9033,5265.857
RGI2000-v7.0-G-15-02072,,30.239809717889127,80.87116015925062,30.238598,80.86896614403736,23.890957,0.088660095665519,5060.79,5173.7783
RGI2000-v7.0-G-15-02073,,30.29623827316861,80.82623985393677,30.293067999999998,80.83868772617637,34.03173,1.016862146414535,4973.827,5899.4463
RGI2000-v7.0-G-15-02077,,30.349811927828718,80.81774665473021,30.35374,80.8120127676569,22.25402,0.15505187443278,5413.676,5848.999
RGI2000-v7.0-G-15-02078,,30.378265317528058,80.82675354371449,30.368866500000003,80.81415425110998,23.431849,2.078470329102982,5243.9893,6087.9297
RGI2000-v7.0-G-15-02079,Beigongdaciren Glacier,30.38060962090086,80.80488527179216,30.377090000000003,80.80320947377622,38.8868,0.192537589399519,5605.555,6169.059
RGI2000-v7.0-G-15-02081,,30.396142794939877,80.82360168033749,30.395308,80.82249549510959,37.012016,0.029540225164999,5809.3447,6000.3267
RGI2000-v7.0-G-15-02082,,30.399799675370794,80.82052603132439,30.3983445,80.82069781819581,42.803078,0.057164830773641,5670.0684,6007.783
RGI2000-v7.0-G-15-02083,,30.36993683686699,80.74636424368336,30.373393,80.75274673092999,29.006617,0.475129223825442,5160.5576,6073.573
RGI2000-v7.0-G-15-02085,,30.3787049462779,80.73312642849876,30.3803025,80.74185030724549,24.367794,0.482603850912843,5138.3423,5846.8843
RGI2000-v7.0-G-15-02086,,30.38886641839408,80.73456034245021,30.3902335,80.73778210891561,28.397633,0.149235729066162,5331.9966,5781.924
RGI2000-v7.0-G-15-02087,,30.39546781391576,80.73448777676583,30.3969095,80.73527624189815,45.093716,0.062666796542844,5566.0845,5840.8174
RGI2000-v7.0-G-15-02089,,30.453062469478958,80.6791569333191,30.449902,80.67447609382423,31.495657,0.579631471274987,5371.5435,5868.935
RGI2000-v7.0-G-15-02090,,30.48955064118977,80.68136704116247,30.481792,80.67694977209219,26.63529,1.045224932257211,5361.9697,6029.272
RGI2000-v7.0-G-15-02091,,30.489427180922142,80.67085874180681,30.486044,80.66400558270487,26.073877,0.519958761390197,5471.958,6058.5825
RGI2000-v7.0-G-15-02092,,30.50780262891001,80.67401107617377,30.5045915,80.67341578653787,21.25465,0.13711671699626,5538.0737,5862.8994
RGI2000-v7.0-G-15-02093,,30.479056907619956,80.78285011610907,30.477276500000002,80.78304996495758,35.202347,0.079487711446075,5592.628,5800.1743
RGI2000-v7.0-G-15-02095,,30.235655848965028,80.65727294400472,30.238337,80.6581220179704,45.68683,0.175360994853848,5167.1562,5785.1665
RGI2000-v7.0-G-15-02096,,30.163532668592108,80.70439852818464,30.167818500000003,80.71249176293104,34.738148,1.401528909143994,4601.5903,6096.4985
RGI2000-v7.0-G-15-02097,,30.161095900526792,80.70543729279382,30.155881,80.71702946715482,39.652447,0.815923921871432,4660.989,6092.3237
RGI2000-v7.0-G-15-02098,,30.151025047591805,80.71797027605011,30.152534000000003,80.71902916948287,42.36628,0.072018155608784,5537.33,5896.872
RGI2000-v7.0-G-15-02099,,30.152024300304863,80.72309969024975,30.1531905,80.72524356396485,46.661747,0.14455580453831,5735.497,6169.9497
RGI2000-v7.0-G-15-02100,,30.140026757339708,80.71570062838079,30.1391785,80.71872718998628,38.567192,0.057138072691985,5392.998,5764.411
RGI2000-v7.0-G-15-02102,,30.113461474576226,80.72916944555672,30.117762,80.7278797819149,34.780754,0.353368261734273,4444.283,5345.9365
RGI2000-v7.0-G-15-02103,,30.116338932029223,80.7227038903961,30.116514000000002,80.72078953713876,28.437624,0.076165720805425,4937.3164,5130.7046
RGI2000-v7.0-G-15-02104,,30.112478655058226,80.70717963242815,30.1142405,80.71241188660466,28.289272,0.174048998831453,4406.5015,4924.998
RGI2000-v7.0-G-15-02105,,30.11582317455988,80.70591749881808,30.120718,80.71299253560291,31.76355,0.491841344545634,4440.437,5577.7256
RGI2000-v7.0-G-15-02106,,30.10734709410364,80.70538643894567,30.106738,80.70724223802637,33.98822,0.060908387514887,4402.4556,4649.8687
RGI2000-v7.0-G-15-02108,,30.120267909466644,80.74699851701205,30.1183145,80.74542946174833,34.577568,0.108744783498039,5087.632,5359.8604
RGI2000-v7.0-G-15-02109,,30.11652962778904,80.75434458797478,30.1136675,80.7508622922968,22.880981,0.289483638083804,4698.2236,5001.2256
RGI2000-v7.0-G-15-02110,,30.14563489209402,80.76421520619755,30.1468335,80.76350078046566,36.218143,0.075132448049783,4982.9214,5194.8696
RGI2000-v7.0-G-15-02111,,30.146596604305728,80.7553918639951,30.150191,80.75591940441177,21.375984,0.287493161184703,5178.066,5454.5405
RGI2000-v7.0-G-15-02112,,30.163744509291618,80.7623668594407,30.159361,80.75848959473035,29.71629,0.28049290627402,4816.661,5436.3657
RGI2000-v7.0-G-15-02113,,30.170008444972435,80.7526508437805,30.1634625,80.75058327843803,24.248306,0.731999374704534,4786.7515,5661.699
RGI2000-v7.0-G-15-02114,,30.184538449539406,80.7545186109486,30.1704575,80.73814086144435,26.487783,4.096067613451114,4167.5376,6189.382
RGI2000-v7.0-G-15-02115,,30.167744995363822,80.7657162509732,30.1597655,80.77007588890159,24.540035,0.965384562669936,4538.1367,5337.0938
RGI2000-v7.0-G-15-02117,,30.16679257271248,80.79348577329621,30.169229,80.79183754032258,28.688398,0.272432492019962,4720.6,5133.7964
RGI2000-v7.0-G-15-02118,,30.183264373643173,80.80599866544422,30.1794195,80.79641904419962,24.437078,0.534294095583981,4346.6934,5005.407
RGI2000-v7.0-G-15-02119,,30.15029146167846,80.82593510058157,30.1476465,80.82594576944453,28.991661,0.106415126786004,4510.892,4837.436
RGI2000-v7.0-G-15-02120,,30.157203251869714,80.83419039145606,30.154297,80.83377414621648,30.520992,0.106187760309272,4121.4424,4461.19
RGI2000-v7.0-G-15-02121,,30.17596873438862,80.92083872630077,30.1740695,80.9236670870923,42.071247,0.148471415424432,5161.531,5659.6094
RGI2000-v7.0-G-15-02122,,30.18107554226734,80.93202489480034,30.1782225,80.928752519635,37.419865,0.271453892569415,5321.0303,5896.929
RGI2000-v7.0-G-15-02123,,30.181508,80.936386,30.1807905,80.93755797620868,47.901413,0.027729033111303,5525.692,5780.957
RGI2000-v7.0-G-15-02124,,30.182295737133465,80.94338657343037,30.180414,80.9419165,42.902996,0.079621386619172,5821.9126,6127.039
RGI2000-v7.0-G-15-02125,,30.19643722026771,80.9442115461611,30.190706499999997,80.939442625,31.893154,0.294518990643569,4678.165,5477.252
RGI2000-v7.0-G-15-02126,,30.199041344627034,80.94855339643344,30.193496500000002,80.95011704394994,22.713453,0.463586619062022,4549.9565,5061.0215
RGI2000-v7.0-G-15-02127,,30.19017209239665,80.96158503142922,30.187598,80.9579413758301,35.314976,0.173396542467313,5097.328,5622.7417
RGI2000-v7.0-G-15-02128,,30.191810331371585,80.96434575514827,30.1894415,80.9645018510128,23.94641,0.079422371352723,4910.5234,5152.3555
RGI2000-v7.0-G-15-02129,,30.174207052895824,80.96555714560525,30.173732,80.95184771039776,27.535202,0.887519046325039,4727.749,5782.662
RGI2000-v7.0-G-15-02130,,30.166339076188734,80.93334358165525,30.1665585,80.93194105147079,22.45119,0.229192222188628,5179.851,5476.4863
RGI2000-v7.0-G-15-02132,,30.191570523896708,80.99447866797955,30.1899375,80.99465995251572,31.691124,0.143613892019737,5020.3857,5381.866
RGI2000-v7.0-G-15-02133,,30.200253002379462,81.02497760578689,30.197825,81.02738594824042,25.704802,0.248153755295964,5113.1074,5562.478
RGI2000-v7.0-G-15-02134,,30.18177929789384,81.03880849631513,30.182025000000003,81.04371541500925,40.48835,0.12043743916921,5456.711,5964.152
RGI2000-v7.0-G-15-02135,,30.175829369648454,81.03815743282262,30.175312,81.04005368167817,34.426918,0.152149089472102,5202.0835,5727.945
RGI2000-v7.0-G-15-02136,,30.16222912591751,81.04276245880155,30.1689145,81.04803883583182,32.71726,1.537026997170748,4789.351,6022.466
RGI2000-v7.0-G-15-02137,,30.154030005680696,81.05528114705093,30.1563975,81.05718905465358,30.623343,0.258532188719356,5180.78,5777.1826
RGI2000-v7.0-G-15-02138,,30.15048346759502,81.05872070526188,30.155694,81.06446851093384,35.780437,0.244782090116466,5028.9624,5967.267
RGI2000-v7.0-G-15-02139,,30.137360299455096,81.06833850236583,30.145847500000002,81.07544062433035,29.198797,1.782331876842567,4789.0947,6115.9624
RGI2000-v7.0-G-15-02140,Lasha Glacier,30.13812707441269,81.09963666687227,30.1450355,81.08684880027198,24.035923,1.273813744434327,5040.4053,5881.8076
RGI2000-v7.0-G-15-02141,Lasha Glacier,30.139313541946947,81.08460478002374,30.1371835,81.08283465925366,38.32522,0.112644045491601,5724.4995,6126.6406
RGI2000-v7.0-G-15-02142,Lasha Glacier,30.13051514885274,81.08903663821077,30.131026499999997,81.0862995,30.530548,0.091980504131947,5465.417,5748.0664
RGI2000-v7.0-G-15-02143,Jiaqiong Glacier,30.12935047884527,81.09461283082848,30.126731,81.08602410191727,21.32795,0.49529121279612,5220.011,5610.3633
RGI2000-v7.0-G-15-02145,,30.119256894228407,81.08486376310192,30.1131545,81.08491275295711,26.519775,0.308485878838543,5831.6743,6319.5376
RGI2000-v7.0-G-15-02146,,30.11824213009971,81.06984508233376,30.120655499999998,81.0723877614536,24.283875,0.175072102523889,5119.1816,5364.1104
RGI2000-v7.0-G-15-02147,,30.130829681708754,81.06611312587468,30.1283805,81.07323609601293,40.593155,0.424084134124271,4612.6987,5752.3735
RGI2000-v7.0-G-15-02148,,30.12262600409042,81.05551045880019,30.1107825,81.067535132011,24.998333,3.583280102972296,4743.0986,6330.581
RGI2000-v7.0-G-15-02149,,30.095309930922724,81.07937526201795,30.097395499999998,81.07778450676423,37.984604,0.188570524128741,5778.1797,6224.5107
RGI2000-v7.0-G-15-02150,,30.094402534189946,81.08192064189215,30.095967,81.08285674619006,29.5268,0.034684567629406,5784.573,6030.1235
RGI2000-v7.0-G-15-02151,,30.08854290583414,81.08746711714197,30.093030499999998,81.09007346168309,23.264473,0.380626762335083,5240.5938,5765.372
RGI2000-v7.0-G-15-02152,,30.08424967318477,81.06598503378648,30.0821015,81.08887334859155,22.552835,2.825618214973193,4934.206,6207.3667
RGI2000-v7.0-G-15-02153,,30.090158654303195,81.10152961467067,30.091403,81.10288449947049,40.50267,0.07056302765268,5792.605,6119.17
RGI2000-v7.0-G-15-02154,,30.078357380597563,81.12317574326049,30.079664,81.10965887848616,33.763668,0.43454634833854,5184.579,6209.3115
RGI2000-v7.0-G-15-02155,Jiqingzhubu Glacier,30.067500665497544,81.11395999801239,30.0668195,81.10594054835973,21.73714,0.237531298580549,5310.1465,5802.207
RGI2000-v7.0-G-15-02156,Jiqingzhubu Glacier,30.055670152261197,81.09507759449066,30.0545165,81.09294146734894,28.155823,0.253666808893199,6404.6055,6616.248
RGI2000-v7.0-G-15-02157,,30.08088941855004,81.04596277285705,30.057705,81.08809754166357,29.519482,8.16898980486267,4180.5635,6614.937
RGI2000-v7.0-G-15-02158,,30.05477571141683,81.07779468968911,30.0505765,81.07985338099276,43.13524,0.215940911085774,5281.1616,6249.902
RGI2000-v7.0-G-15-02159,,30.042485216638024,81.07313867424514,30.043989,81.07238152139725,48.172638,0.059757882192461,5661.184,6051.7695
RGI2000-v7.0-G-15-02160,,30.03722753799348,81.07576983218028,30.038752000000002,81.07272186053368,23.561342,0.130913793667518,5219.405,5433.647
RGI2000-v7.0-G-15-02161,,30.033976004366238,81.0779326830466,30.0341415,81.07364971866939,28.819984,0.262577491923463,5101.7104,5547.9863
RGI2000-v7.0-G-15-02162,,30.03101417933593,81.06556291266476,30.032601,81.06398477736501,48.23224,0.210949441250037,5672.6816,6316.4634
RGI2000-v7.0-G-15-02163,,30.022582342616783,81.06883112925348,30.0241195,81.06421428382663,28.532543,0.37224504517926,5089.619,5646.0225
RGI2000-v7.0-G-15-02164,,30.028360484067374,81.05320964701,30.027352999999998,81.05447851651822,36.1856,0.033963806817552,5759.8833,5970.16
RGI2000-v7.0-G-15-02165,,30.01198570231127,81.06452697299771,30.018054499999998,81.05213393945583,27.694078,0.733504932634234,5025.653,6092.957
RGI2000-v7.0-G-15-02166,,30.007953989298322,81.0533437439902,30.010649,81.04956850803558,24.852892,0.425283559544015,5103.974,5520.724
RGI2000-v7.0-G-15-02167,,30.004455053639717,81.04851291344923,30.00488,81.04508663704107,37.083145,0.129258824523631,5271.9106,5776.805
RGI2000-v7.0-G-15-02168,,29.997975100944572,81.04910436417173,29.998948,81.045500446716,26.73625,0.339027709071031,5171.6187,5497.708
RGI2000-v7.0-G-15-02169,,30.011733799454166,81.0228180562823,30.0104245,81.0274435665909,30.62543,0.218622246956073,4940.387,5426.528
RGI2000-v7.0-G-15-02170,,30.057428934000704,81.00712821497125,30.020335,81.01310442490119,20.101482,5.803181907218472,4207.8394,6499.779
RGI2000-v7.0-G-15-02171,,29.998754598149663,80.98748102960893,30.0018165,80.98975224750367,50.419636,0.197947361214549,5578.4316,6705.449
RGI2000-v7.0-G-15-02172,,30.003641013613468,80.97734658448415,30.004294,80.97769185619907,44.628887,0.026118636999692,5423.998,5648.4844
RGI2000-v7.0-G-15-02173,,29.997482842998927,80.96871605937179,30.0020235,80.96894288452916,31.954475,0.573250303334001,4825.2407,5453.482
RGI2000-v7.0-G-15-02174,,29.99636378847088,80.95704057313078,30.001396,80.95931765406468,37.355133,0.630498987031747,4755.5005,5633.0312
RGI2000-v7.0-G-15-02175,,29.994785507189775,80.95127497213643,29.996549,80.949595,37.13924,0.059823143212396,4653.4556,4977.9126
RGI2000-v7.0-G-15-02176,,29.998885706582318,80.94119513542731,30.0029825,80.94456403886011,50.297623,0.347946153813718,5370.2007,6118.1006
RGI2000-v7.0-G-15-02177,,29.97917151710904,80.94784038385411,29.987476,80.94796233312059,28.732382,0.787723830966174,4087.8496,5325.2803
RGI2000-v7.0-G-15-02178,,29.987451279082862,80.93345742913533,29.98921,80.93308130101875,41.856716,0.078671153137815,5112.593,5483.402
RGI2000-v7.0-G-15-02179,,29.980040430217727,80.92581317750465,29.992821499999998,80.92983709804778,42.225872,1.050335576149612,4572.033,7062.4614
RGI2000-v7.0-G-15-02180,,29.98413025692419,80.92010762779775,29.98736,80.92116692721518,38.605778,0.148373355918224,4747.912,5281.6895
RGI2000-v7.0-G-15-02181,,29.99622140805543,80.91191813511789,29.996913499999998,80.91585526785715,49.199833,0.524146989961007,5373.37,6978.2056
RGI2000-v7.0-G-15-02182,,29.99545740838574,80.90294163396287,29.9998365,80.90399385882358,42.263348,0.184165567606232,4866.02,5809.1636
RGI2000-v7.0-G-15-02183,,29.996661823151705,80.89616558606365,30.000128500000002,80.88995659841493,35.676277,0.441518487191471,4898.253,5445.919
RGI2000-v7.0-G-15-02184,,29.9917877194412,80.88026524949234,29.996809499999998,80.87825681989247,32.387836,0.981157020649057,4814.3667,5722.597
RGI2000-v7.0-G-15-02185,,30.00829049863576,80.85135294370852,30.002173499999998,80.86792179999715,40.095257,2.040257523450204,4168.2505,6108.8276
RGI2000-v7.0-G-15-02186,,30.016429673027098,80.88366856622939,30.0151245,80.87808879979676,37.656593,0.129594460998465,4929.9575,5460.976
RGI2000-v7.0-G-15-02187,,30.03326804535942,80.88005208197181,30.024680500000002,80.87015831120115,29.168919,1.751515033693346,4593.565,5816.9355
RGI2000-v7.0-G-15-02188,,30.020543006792735,80.85562831431044,30.0237985,80.86048055143263,27.161264,0.267635252849969,4898.35,5571.147
RGI2000-v7.0-G-15-02189,,30.018722161073423,80.85733756935025,30.018901,80.85861915447335,42.93617,0.189122555586961,4988.614,5664.344
RGI2000-v7.0-G-15-02190,,30.039468403989982,80.87002357113172,30.0313685,80.85992263515078,22.737146,1.255769562608081,4674.5854,5580.8247
RGI2000-v7.0-G-15-02191,,30.037782630097592,80.86295767655224,30.037323999999998,80.85669355930582,26.723532,0.389823094508515,5025.28,5590.155
RGI2000-v7.0-G-15-02192,,30.039561059336208,80.84822014522987,30.035447499999997,80.85280575589971,36.516384,0.343537446700622,5087.006,5590.0986
RGI2000-v7.0-G-15-02193,,30.04597345060038,80.86062747024667,30.044951,80.85482689388257,26.948624,0.613270742937741,4923.002,5474.934
RGI2000-v7.0-G-15-02194,,30.04680767286108,80.84536060566802,30.0486945,80.84783390084135,33.89486,0.093548519664167,5023.367,5462.0405
RGI2000-v7.0-G-15-02195,,30.059194331726715,80.85664021555094,30.054603999999998,80.8535163232755,26.865953,0.642029231977802,4758.8906,5419.027
RGI2000-v7.0-G-15-02196,,30.04327762956879,80.89025946051665,30.0437915,80.89819083646287,34.378456,0.113216578682122,4486.3364,5173.4595
RGI2000-v7.0-G-15-02197,,30.0581841834799,80.87611015443622,30.030016,80.91547335220126,25.939568,12.86529234102396,4337.186,7070.5747
RGI2000-v7.0-G-15-02198,,30.064516907523004,80.92968550872023,30.041766000000003,80.92371937820914,22.484589,5.532749880225446,4388.3877,6685.1875
RGI2000-v7.0-G-15-02199,,30.047337448339206,80.93343853031307,30.0469955,80.93448158488019,27.261545,0.040672351078077,5847.936,5947.518
RGI2000-v7.0-G-15-02200,,30.034222571615807,80.94026101387225,30.033513,80.93851323300996,41.08598,0.083082905338195,5590.995,5896.0186
RGI2000-v7.0-G-15-02201,,30.066999683835412,80.96306800264253,30.036087000000002,80.95093099703563,25.061007,5.862032031978619,3920.4055,7032.303
RGI2000-v7.0-G-15-02203,,30.014773518764475,80.96470385276048,30.0130515,80.96231407259836,40.095352,0.1078765847604,5955.3477,6385.5596
RGI2000-v7.0-G-15-02205,,29.98203921711366,80.99247744062369,29.98355,80.99462348797363,50.891727,0.147220505015209,5550.458,6072.809
RGI2000-v7.0-G-15-02206,,29.967120775788644,80.9896626818867,29.975306,80.99078025200004,37.28732,1.145124979940592,4366.7983,6432.087
RGI2000-v7.0-G-15-02207,,29.971213300752467,81.00205463928047,29.971603,81.0040133276724,35.542854,0.053678678059678,5427.6655,5644.8857
RGI2000-v7.0-G-15-02208,,29.95633672818179,80.97045908732363,29.9674625,81.01222810454443,31.079306,4.17375147773411,4135.1997,6795.526
RGI2000-v7.0-G-15-02209,,29.98225694865717,81.02188611784675,29.980438,81.01693145227765,27.781548,0.202084954230728,6384.1733,6625.8315
RGI2000-v7.0-G-15-02210,,29.95549613394053,80.99586935064046,29.950684000000003,81.00441308510011,38.838192,1.044775637170858,4403.693,5943.179
RGI2000-v7.0-G-15-02211,,29.947670732948488,80.99716923941733,29.944996,80.99951320369526,36.636257,0.219376398166367,4688.0,5108.4624
RGI2000-v7.0-G-15-02212,,29.953470477028784,80.98280933548612,29.940238,80.99125422076148,28.160198,1.657925482028946,4233.975,5713.6157
RGI2000-v7.0-G-15-02213,,29.946282942422272,80.98293234929932,29.9365275,80.98239029734043,31.01566,0.919465210391419,4461.796,5592.1157
RGI2000-v7.0-G-15-02214,,29.938532319088047,80.97718792975382,29.9346125,80.9769425199982,35.68424,0.185428655916226,4865.2446,5477.916
RGI2000-v7.0-G-15-02215,,29.937761543985932,80.97161709474537,29.9344955,80.9710815752841,34.180557,0.098823263117866,4777.692,5202.19
RGI2000-v7.0-G-15-02216,,29.925004423673858,80.97478064727507,29.926352,80.975865,34.189583,0.089210905176813,4948.9556,5266.3115
RGI2000-v7.0-G-15-02217,,29.920997480103306,80.98511912049855,29.922402499999997,80.9865930392094,41.45648,0.066170825411384,4903.101,5287.6123
RGI2000-v7.0-G-15-02218,,29.917593002677133,80.994686137653,29.921633,80.99429709120638,33.77713,0.405427486591425,4887.74,5333.457
RGI2000-v7.0-G-15-02219,,29.927678784437393,81.0028721438389,29.9284075,81.00114842880546,30.992643,0.111340693350265,5983.75,6159.3965
RGI2000-v7.0-G-15-02220,,29.93827455669881,80.99753402856688,29.9328165,80.99696326160887,43.934425,0.341643250893148,5019.227,5904.2563
RGI2000-v7.0-G-15-02221,,29.933531933995937,81.01217942235313,29.9346985,81.00683141834011,33.065056,0.173850362204654,5236.8877,5785.3457
RGI2000-v7.0-G-15-02222,,29.936513421728794,81.01674673858642,29.937810499999998,81.01021078627626,22.879677,0.393866842149884,5199.947,5762.115
RGI2000-v7.0-G-15-02223,,29.944339775989036,81.0130703230312,29.9451825,81.0119752946602,46.689976,0.041584808162504,5694.223,5942.5737
RGI2000-v7.0-G-15-02224,,29.92894568137094,81.02982241237265,29.943139000000002,81.02119903539824,30.355001,2.525030169070518,4870.2534,6800.323
RGI2000-v7.0-G-15-02226,,29.94652943005464,81.0375861565892,29.9487295,81.03691337936681,27.514828,0.207932240911865,5337.073,5586.14
RGI2000-v7.0-G-15-02227,,29.954864172540233,81.05690126850529,29.9537615,81.05150900127404,32.46231,0.87896041378758,5052.2944,5972.9927
RGI2000-v7.0-G-15-02228,,29.94865006368347,81.05680894535693,29.9483275,81.05403564981368,24.589746,0.125701835319947,5202.7344,5436.559
RGI2000-v7.0-G-15-02230,,29.969839689518874,81.06667135475881,29.969315,81.06434758802817,20.617687,0.065407739758903,5150.016,5320.2563
RGI2000-v7.0-G-15-02231,,29.983854544798067,81.08457811187165,30.003696,81.08354086620952,22.244864,16.48441633017504,4507.1694,6696.5273
RGI2000-v7.0-G-15-02232,,29.989748331118165,81.09714591177985,29.9995765,81.11869548074435,33.21407,2.376916889649362,4816.132,6564.3906
RGI2000-v7.0-G-15-02233,,29.995553403164074,81.15600339929082,30.0006705,81.13008976797475,34.079273,1.840885042047516,4657.3687,6529.125
RGI2000-v7.0-G-15-02234,,29.990503958400843,81.14439187610814,29.990234,81.1419992143951,28.607042,0.05915698577486,5096.707,5350.4507
RGI2000-v7.0-G-15-02235,,29.98372493571486,81.15135419970065,29.976574499999998,81.14162349234098,24.501411,2.926974242185377,4784.396,5654.2554
RGI2000-v7.0-G-15-02236,,29.973299621893993,81.12563562473416,29.974133000000002,81.12944926616237,36.74598,0.116048326642867,5788.9546,6196.1377
RGI2000-v7.0-G-15-02237,,29.976977535713814,81.11780842329854,29.97582,81.12183809495842,25.57758,0.178947143121974,5284.7456,5607.092
RGI2000-v7.0-G-15-02238,,29.98018479256047,81.11288750787992,29.9819715,81.12016627993995,27.13499,0.624586609707462,5111.8115,6115.791
RGI2000-v7.0-G-15-02239,,29.985124958198494,81.11151555845332,29.9894645,81.117964227324,34.057438,0.637537185874034,5243.3394,6284.077
RGI2000-v7.0-G-15-02240,,29.974967882340902,81.10838470310543,29.965691999999997,81.11840698505375,28.651915,1.178331589712147,4887.9624,6327.9927
RGI2000-v7.0-G-15-02241,,29.972372322749123,81.10553133745975,29.9613815,81.1151305948971,34.088287,1.605577241889103,4882.789,6601.604
RGI2000-v7.0-G-15-02242,,29.94675351791651,81.10956364538197,29.9500495,81.1152783470969,48.357914,0.242107952914334,5547.987,6476.379
RGI2000-v7.0-G-15-02243,,29.94522903373768,81.14719024512459,29.947907,81.13731387975633,28.193167,2.323526276025981,4629.281,5944.2524
RGI2000-v7.0-G-15-02244,,29.937102353534694,81.14093212627257,29.936790000000002,81.13835658284023,34.57364,0.223907363392582,4832.6685,5158.793
RGI2000-v7.0-G-15-02245,,29.95418254683875,81.15577414386159,29.961161,81.13766714312976,23.796715,2.209473704602226,4747.639,5973.4014
RGI2000-v7.0-G-15-02246,,29.969340201010187,81.17245934455795,29.96814,81.17365842303533,29.63573,0.078628894816543,4553.8696,4731.6367
RGI2000-v7.0-G-15-02247,,30.00602017803175,81.1877497506704,30.008558999999998,81.18413288862124,39.36228,0.167103220771929,5528.8823,6045.66
RGI2000-v7.0-G-15-02248,,30.02321787605494,81.1827869377446,30.021052,81.18444077877429,24.474733,0.119817099137688,4924.7637,5227.453
RGI2000-v7.0-G-15-02249,,30.009637396290746,81.20865369499944,30.013089,81.1977583569688,25.32947,1.270642162523494,5034.721,6067.44
RGI2000-v7.0-G-15-02250,,30.017770385515423,81.20013227542455,30.018404500000003,81.20098282505285,37.691353,0.025921513297226,5506.148,5658.841
RGI2000-v7.0-G-15-02251,Zuse,30.032273711919288,81.20708946873684,30.0268525,81.20002904908792,22.699022,0.534003282199999,5152.2666,5956.5015
RGI2000-v7.0-G-15-02252,,30.042550709081336,81.20469228241436,30.04147,81.20273317611122,22.918514,0.05824205225876,5291.939,5436.9434
RGI2000-v7.0-G-15-02253,,30.01271302982873,81.23068622996794,30.010783500000002,81.23058420712422,20.432293,0.055972917707474,5087.628,5225.057
RGI2000-v7.0-G-15-02254,,30.00030758926012,81.22218518946568,30.00124,81.21749261723983,25.650938,0.218073320520755,5143.667,5464.234
RGI2000-v7.0-G-15-02255,,30.022956816520583,81.24625346900461,30.022158,81.250359,29.173372,0.114727177128603,5108.765,5497.1694
RGI2000-v7.0-G-15-02256,,30.02849439592904,81.25235368335554,30.027978500000003,81.25018235524132,30.09492,0.066645523264446,5095.815,5334.242
RGI2000-v7.0-G-15-02257,,30.029615543310474,81.24810317300575,30.02894,81.24671643224056,28.529348,0.030302764384288,5181.1274,5290.363
RGI2000-v7.0-G-15-02258,,30.049332342650864,81.27680069749819,30.047384,81.2752937296773,30.302263,0.091456756372765,5126.903,5434.848
RGI2000-v7.0-G-15-02259,,30.047184267016227,81.2801430615274,30.045322499999997,81.28225540095629,35.139904,0.119179029785453,5243.4365,5574.721
RGI2000-v7.0-G-15-02260,,30.039388028420277,81.29103547371962,30.0387765,81.28942544635194,25.643463,0.073875638927643,5120.405,5295.658
RGI2000-v7.0-G-15-02261,,30.039289113112726,81.30269010986093,30.034934,81.30593961321176,39.45853,0.237506878329143,4996.0845,5804.966
RGI2000-v7.0-G-15-02262,,30.035503046599644,81.3117459419519,30.034129999999998,81.31318049445184,42.122963,0.163028303850415,5543.967,5881.0317
RGI2000-v7.0-G-15-02263,,30.042467209367416,81.31047784223607,30.0397075,81.3112015136291,32.321915,0.306973862602955,4942.2197,5345.2715
RGI2000-v7.0-G-15-02264,,30.03236022757783,81.32772413183761,30.0303775,81.32670245194569,24.612055,0.197254594784993,5030.309,5295.406
RGI2000-v7.0-G-15-02266,,30.018933080943242,81.31590433226849,30.018128,81.31837811163342,23.491304,0.205186885039637,5089.9326,5377.138
RGI2000-v7.0-G-15-02267,,30.02211122607126,81.35178349636256,30.0196545,81.3519158525641,33.244762,0.159763452069309,5144.8105,5494.0938
RGI2000-v7.0-G-15-02268,,30.019646951949408,81.36660880700754,30.016216999999997,81.3617048622232,27.716522,0.505384766191314,5020.218,5484.8633
RGI2000-v7.0-G-15-02269,,30.012902971138807,81.37949398594846,30.011312,81.37948949857073,20.981823,0.077238765185645,5166.2803,5303.0337
RGI2000-v7.0-G-15-02270,,29.935411390412284,81.38584964672869,29.933503,81.39143538585729,32.8416,0.127367978058675,5070.2393,5626.4326
RGI2000-v7.0-G-15-02271,,29.93471512901817,81.38378714253125,29.9309985,81.38832878125825,39.11979,0.159079857823802,4976.2734,5739.0737
RGI2000-v7.0-G-15-02272,,29.91759765256958,81.39281919815821,29.9183935,81.3930749466408,37.3203,0.019221328603098,5674.138,5781.1924
RGI2000-v7.0-G-15-02273,,29.91455035070353,81.39462927585961,29.915518499999997,81.39507217906022,34.177605,0.038379545113264,5569.7314,5746.9033
RGI2000-v7.0-G-15-02274,,29.91101395412016,81.40379533549147,29.910149500000003,81.40770763647137,38.166004,0.1829957609694,5257.447,5849.6646
RGI2000-v7.0-G-15-02275,,29.92268269333756,81.40810934503735,29.919289,81.41066241342632,27.650145,0.390154768067651,4882.5767,5452.1753
RGI2000-v7.0-G-15-02277,,29.924610731401906,81.43473833945154,29.918522,81.44484164009216,28.342287,1.432570036588626,4496.5303,6277.3955
RGI2000-v7.0-G-15-02278,,29.92755460521233,81.44815588796872,29.924376000000002,81.45292522433036,35.843834,0.57568680829233,4972.571,6123.1084
RGI2000-v7.0-G-15-02279,,29.921738089074722,81.45132320018334,29.9196505,81.45716236477489,41.913383,0.195758525385717,5307.4243,6140.1187
RGI2000-v7.0-G-15-02280,,29.923391478357136,81.46127696752056,29.921168,81.46364261363637,37.018967,0.105335217214633,5929.8667,6127.3833
RGI2000-v7.0-G-15-02281,,29.932502688989963,81.47070595002347,29.9309835,81.46656214795439,22.359522,0.098899340799527,4890.068,5171.2603
RGI2000-v7.0-G-15-02282,,29.955330777025026,81.48097661918999,29.921774999999997,81.47955397328931,25.798569,13.880726388115262,4497.413,6979.2856
RGI2000-v7.0-G-15-02283,,29.9344152836027,81.49567949396005,29.9327915,81.4951015,44.161175,0.042045969286893,5368.1064,5662.8535
RGI2000-v7.0-G-15-02284,,29.940101635613885,81.50356172252224,29.936537,81.50409400000001,41.30476,0.199649570539343,5567.599,6185.633
RGI2000-v7.0-G-15-02285,,29.937373965312286,81.50939938782221,29.9359675,81.50810903270195,45.45491,0.133612649247653,5724.0024,6195.587
RGI2000-v7.0-G-15-02286,,29.941280770005736,81.51811339393477,29.938578,81.51238844744466,35.867535,0.275390142412064,4978.1167,5832.644
RGI2000-v7.0-G-15-02287,,29.92901805791457,81.52241076104406,29.9279115,81.52034399554269,21.507967,0.309078418597336,5359.634,5622.372
RGI2000-v7.0-G-15-02288,,29.942607234411504,81.52893477405068,29.935377000000003,81.52723715105263,21.679184,1.102712735352933,4641.565,5751.4736
RGI2000-v7.0-G-15-02289,,29.938037727644744,81.53302983607074,29.936404500000002,81.53548750606232,27.530497,0.099540573322105,4935.0635,5180.2017
RGI2000-v7.0-G-15-02290,,29.933596337260997,81.55021374381981,29.932885,81.54728793688845,27.423246,0.103515089769921,4490.6035,4755.863
RGI2000-v7.0-G-15-02291,,29.906843319433914,81.5423118021827,29.9163235,81.52433981272281,31.84956,3.287082116850188,4313.4907,5928.9385
RGI2000-v7.0-G-15-02292,,29.919064595898444,81.50419610132498,29.9181935,81.50952517420339,34.771725,0.174689111582588,5507.2944,6124.9565
RGI2000-v7.0-G-15-02294,,29.95494595422277,81.5173907791776,29.9516985,81.51293303762105,26.27836,0.263088598621344,5014.59,5538.096
RGI2000-v7.0-G-15-02296,,30.016628040006157,81.5004422029064,30.014739499999997,81.5083539702783,27.588615,0.674081421522706,5091.6143,5753.2056
RGI2000-v7.0-G-15-02297,,30.010612540532705,81.52210782007646,30.008252,81.52124365906661,39.57346,0.067810514488158,5252.8496,5683.1626
RGI2000-v7.0-G-15-02298,,30.0176177334271,81.52720421660342,30.013081,81.52495447809798,25.538557,0.336290849798568,4863.0176,5541.571
RGI2000-v7.0-G-15-02299,,30.003138405835184,81.53047270637279,30.004440000000002,81.53075629530201,44.82636,0.043633863261117,5426.511,5741.573
RGI2000-v7.0-G-15-02300,,30.01382223927764,81.53966614219131,30.0112205,81.536947,20.803225,0.202603365319335,4857.4277,5135.322
RGI2000-v7.0-G-15-02302,,30.003488420293895,81.47586733229853,30.002843,81.4774094670542,25.548811,0.044499341264525,5138.395,5236.8223
RGI2000-v7.0-G-15-02303,,29.908194266727065,81.4410611216632,29.9018985,81.44809904187308,43.253357,2.137357273792543,5566.6157,6756.7124
RGI2000-v7.0-G-15-02304,,29.885273396018047,81.45013939722512,29.88646,81.44980359468445,42.76062,0.040434921560646,5273.282,5492.321
RGI2000-v7.0-G-15-02305,,29.87188894317184,81.4433754630516,29.884902500000003,81.4399401912634,39.23242,4.463984148756317,4663.8765,6739.8374
RGI2000-v7.0-G-15-02306,,29.88973701103696,81.4195577786492,29.893517000000003,81.42905215541921,46.410145,0.560805648824208,5329.33,6485.4185
RGI2000-v7.0-G-15-02307,,29.90057210732392,81.42955743888079,29.899624000000003,81.42815850505998,40.653,0.042521486531707,5704.164,5934.974
RGI2000-v7.0-G-15-02308,,29.867058827435514,81.41900360257522,29.8654175,81.42467171554797,25.714703,0.202333103158954,5203.2803,5654.566
RGI2000-v7.0-G-15-02309,,29.864570535970866,81.41622480655167,29.864200500000003,81.42013969746203,28.724575,0.10362030159289,5076.2554,5406.003
RGI2000-v7.0-G-15-02310,,29.85477530752541,81.43281076295881,29.8558555,81.42810493109756,30.611471,0.505062785050134,4935.745,5480.7573
RGI2000-v7.0-G-15-02311,,29.849555265978328,81.42869095027224,29.849621499999998,81.4250539028827,38.94362,0.172760485664432,4994.535,5566.7446
RGI2000-v7.0-G-15-02312,,29.8413702640648,81.41917828843125,29.844770500000003,81.41817467021491,36.210155,0.159647696114392,4961.514,5489.1885
RGI2000-v7.0-G-15-02313,,29.843787897354442,81.41558535808068,29.8463125,81.41350427630915,38.977116,0.175804990657157,5222.171,5723.7036
RGI2000-v7.0-G-15-02314,,29.856726988839636,81.40892196004954,29.853713499999998,81.41247404924242,34.24477,0.483222507073272,5020.366,5807.0513
RGI2000-v7.0-G-15-02315,,29.851712676936334,81.40265918932832,29.849512500000003,81.40397931527161,40.407444,0.120534402438042,5070.4893,5555.7397
RGI2000-v7.0-G-15-02316,,29.85434136643834,81.39314710248871,29.854806,81.39030320046658,27.46255,0.164689394303157,5031.32,5296.2344
RGI2000-v7.0-G-15-02317,,29.861117582916815,81.39124230398707,29.859807,81.38934713405646,31.610844,0.104867705192581,5031.2856,5264.855
RGI2000-v7.0-G-15-02318,,29.878394574265823,81.3806635836477,29.8751605,81.38214647839183,32.194607,0.163724491614672,4877.5903,5245.8604
RGI2000-v7.0-G-15-02319,,29.88709809737263,81.37401731242126,29.8733925,81.37396005088081,35.5309,2.826754811979163,4212.1655,6465.8335
RGI2000-v7.0-G-15-02320,,29.87557916207069,81.36424898467908,29.872496499999997,81.36385695145725,41.082767,0.118449301194505,5134.0776,5767.7734
RGI2000-v7.0-G-15-02321,,29.88284496118109,81.359387422571,29.877947,81.36050652007964,29.527607,0.285587606643797,4901.63,5372.332
RGI2000-v7.0-G-15-02322,,29.86767471917383,81.35205657242781,29.8667925,81.3576293741398,29.937862,0.323157892779211,5626.4497,6213.107
RGI2000-v7.0-G-15-02323,,29.85817243455718,81.35976090970703,29.8608245,81.3644199580315,41.14378,0.330109824725999,5764.2593,6485.3877
RGI2000-v7.0-G-15-02324,,29.84996670518054,81.35812132205741,29.853595,81.36053395833332,40.489517,0.200445172289863,5061.2935,5872.4224
RGI2000-v7.0-G-15-02325,,29.854497739635875,81.3494634356262,29.854475,81.35146199693938,26.61062,0.105047482881075,4919.559,5106.6978
RGI2000-v7.0-G-15-02326,,29.858224838745812,81.34794083116233,29.859621500000003,81.34929801726791,35.186546,0.055524762878935,4956.336,5186.504
RGI2000-v7.0-G-15-02327,,29.867123529887298,81.33818403112086,29.866944,81.34290896440083,22.233223,0.472578815333037,4864.293,5430.935
RGI2000-v7.0-G-15-02328,,29.87939008819835,81.33549017464023,29.878402,81.3370237297593,44.03121,0.065310096905214,5282.9727,5668.7896
RGI2000-v7.0-G-15-02329,,29.886088631719538,81.34743576802572,29.881334000000003,81.34563130494965,30.827606,0.429235843444528,4947.6216,5714.429
RGI2000-v7.0-G-15-02331,,29.83956924949348,81.36249450831534,29.834888,81.37227025494266,21.30174,2.116441529714031,4886.5327,5614.494
RGI2000-v7.0-G-15-02332,,29.82172226591702,81.36731419268276,29.820616,81.37187809563994,31.424479,0.795586059035357,4960.7217,5602.2993
RGI2000-v7.0-G-15-02333,,29.814393539244804,81.37740635601668,29.815825,81.37748793843505,41.19209,0.046020680943353,5250.4272,5515.3813
RGI2000-v7.0-G-15-02334,,29.820225035746976,81.38763333545018,29.8170905,81.38435316245156,35.26583,0.161625208071863,4836.9424,5353.5283
RGI2000-v7.0-G-15-02335,,29.826640060402664,81.38985277797332,29.8228525,81.38293113621438,33.349335,0.530244648464516,4769.775,5435.328
RGI2000-v7.0-G-15-02336,,29.8371507693587,81.3935455345382,29.8338445,81.38922221108442,26.838171,0.537851727871945,4716.1187,5335.053
RGI2000-v7.0-G-15-02337,,29.81104263881202,81.39561677445035,29.811009499999997,81.39233557877358,32.761497,0.170409160586401,4648.2144,5039.4136
RGI2000-v7.0-G-15-02338,,29.808054920963194,81.3995146355126,29.8073335,81.39748824174009,33.01627,0.042696473627028,4679.0938,4907.135
RGI2000-v7.0-G-15-02339,,29.803853694414794,81.4039831340283,29.8024165,81.40300121613546,32.788498,0.072329825274587,4915.001,5167.183
RGI2000-v7.0-G-15-02340,,29.808763546448617,81.40949364732215,29.8050865,81.40751824221613,26.342234,0.22213275729304,4460.5024,4859.434
RGI2000-v7.0-G-15-02341,,29.797476378766206,81.40006287339203,29.799252,81.3974997597396,34.93767,0.10334897282364,4886.8013,5198.8066
RGI2000-v7.0-G-15-02342,,29.801493994569313,81.39078338011457,29.801814999999998,81.39167782471264,36.82108,0.030788385709187,5167.2773,5288.2417
RGI2000-v7.0-G-15-02343,,29.80571127071035,81.3848784395546,29.806319000000002,81.38838194063612,29.305471,0.172923324108058,4987.1943,5294.286
RGI2000-v7.0-G-15-02344,,29.807058171020294,81.38188771885123,29.807609999999997,81.38387004248554,32.940784,0.094432414267721,4827.1187,5118.255
RGI2000-v7.0-G-15-02345,,29.801620562880576,81.35340584190726,29.8010855,81.35034901882415,32.714684,0.152615461015742,4898.752,5265.576
RGI2000-v7.0-G-15-02346,,29.791352753238264,81.348153110665,29.7948595,81.34769038095237,32.40202,0.158163779507498,4700.054,5208.7383
RGI2000-v7.0-G-15-02347,,29.791428999283674,81.33740686318484,29.795401,81.33888769391635,28.402506,0.262810513020454,4716.2134,5131.112
RGI2000-v7.0-G-15-02348,,29.80593316945189,81.33297014126599,29.8024535,81.3337893993604,27.075258,0.169076793188907,4960.3496,5295.867
RGI2000-v7.0-G-15-02349,,29.81036667684595,81.32605020143727,29.8050725,81.3282985,26.185316,0.27908221589911,4536.4155,5085.394
RGI2000-v7.0-G-15-02350,,29.80132730066316,81.32459542856205,29.801095,81.32250032502107,24.505676,0.067167283574087,5165.3374,5292.178
RGI2000-v7.0-G-15-02351,,29.80496198183434,81.31614950891917,29.803348,81.31629910193169,32.053944,0.077357077883155,5027.276,5255.0522
RGI2000-v7.0-G-15-02352,,29.80711072811061,81.30514384430626,29.806105000000002,81.30466155812749,27.21354,0.050938971677637,4835.5645,4965.7124
RGI2000-v7.0-G-15-02353,,29.821484999999996,81.289568,29.819086,81.29210173435169,29.34983,0.078614049859185,4869.614,5229.2227
RGI2000-v7.0-G-15-02355,,29.81228133671826,81.35066307713227,29.8081665,81.3457843356579,32.94163,0.247368673355095,4842.5234,5420.1265
RGI2000-v7.0-G-15-02356,,29.857870286633943,81.43692785492902,29.859796,81.43512468748929,27.672997,0.291435547261222,4877.422,5306.887
RGI2000-v7.0-G-15-02357,,29.86074476402863,81.46899266199517,29.8572865,81.4746123537169,30.622766,1.091508063379227,4710.951,5659.295
RGI2000-v7.0-G-15-02358,,29.84328892040954,81.44790928735023,29.869125500000003,81.4739427844772,23.440142,5.534714393180986,3818.319,6855.512
RGI2000-v7.0-G-15-02359,,29.85804204644597,81.49989862330968,29.8588595,81.49518514981132,26.487967,0.884299424758609,4856.7197,5444.559
RGI2000-v7.0-G-15-02360,,29.847267341433252,81.4903747592247,29.8497695,81.48898969186047,31.464802,0.129947582337632,4897.1484,5244.4243
RGI2000-v7.0-G-15-02361,,29.84365044217538,81.48774162030301,29.8466155,81.48569667005303,32.23861,0.320964981923002,4927.313,5435.596
RGI2000-v7.0-G-15-02362,,29.842240378307135,81.47464476104872,29.840639,81.47570721432487,31.912552,0.112805724650233,5162.621,5385.56
RGI2000-v7.0-G-15-02363,,29.821769886463414,81.45846993742155,29.819175,81.46173284492872,27.16275,0.182400670810223,4875.593,5199.0757
RGI2000-v7.0-G-15-02364,,29.815366152214217,81.45575397300102,29.813496,81.45753621144522,25.279615,0.051078980024295,4769.802,5007.891
RGI2000-v7.0-G-15-02365,,29.780560760981917,81.4976317810927,29.7789175,81.49811620274762,22.8672,0.080583428216948,4766.2812,5054.5654
RGI2000-v7.0-G-15-02366,,29.78150755620545,81.49114504624036,29.773984499999997,81.49648964126462,27.237576,1.125369815790754,4626.392,5555.21
RGI2000-v7.0-G-15-02367,,29.772196080096716,81.48932108148516,29.769168999999998,81.49082761740138,26.070667,0.264425822766161,4836.2637,5193.0454
RGI2000-v7.0-G-15-02368,,29.76028639514193,81.48034235807445,29.757621999999998,81.50415698767304,20.993074,2.285917267198018,4230.982,5908.076
RGI2000-v7.0-G-15-02369,,29.754534148742632,81.48862210211091,29.753463,81.49650547521146,27.952232,0.445033988467567,4699.9604,5618.619
RGI2000-v7.0-G-15-02370,,29.746993302157193,81.49007443880448,29.745714999999997,81.50065108253013,29.029413,0.538812134039935,4510.964,5606.972
RGI2000-v7.0-G-15-02371,,29.740853148983092,81.49640956245537,29.742297,81.50511169456263,36.620617,0.374397905435731,4797.9507,5688.6846
RGI2000-v7.0-G-15-02372,,29.734662399575228,81.5062503086645,29.7359185,81.50741808667621,39.394287,0.038281905083734,5124.6714,5445.7954
RGI2000-v7.0-G-15-02373,,29.72903936853919,81.50317430120026,29.728233,81.50878233236715,25.107477,0.343593677995841,4826.7524,5361.302
RGI2000-v7.0-G-15-02374,,29.724370291203844,81.50254537216405,29.7227715,81.510242,22.783836,0.456946522204075,4800.325,5367.4746
RGI2000-v7.0-G-15-02375,,29.721262646632816,81.50306736144118,29.719649500000003,81.51436326145654,24.795345,0.378233422148126,4782.095,5423.3027
RGI2000-v7.0-G-15-02376,,29.724320754656567,81.52613040133176,29.718232,81.52447180998942,26.916485,0.566891402211308,4668.732,5416.657
RGI2000-v7.0-G-15-02377,,29.716514658718317,81.53916807385981,29.7143305,81.53621686734411,22.60646,0.181331508557475,4712.4067,4986.3125
RGI2000-v7.0-G-15-02378,,29.69779985513861,81.53048219981366,29.701805,81.51931309458749,20.372412,1.708384356256763,4865.226,5491.116
RGI2000-v7.0-G-15-02379,,29.701518706295417,81.51083259782745,29.700466,81.51256866225165,34.229435,0.044098334649068,5177.5884,5356.9243
RGI2000-v7.0-G-15-02380,,29.709148459393916,81.50550767331815,29.7049295,81.5092157990954,22.97001,0.502275391511282,4792.1167,5223.112
RGI2000-v7.0-G-15-02382,,29.698654696247974,81.49948381462973,29.6934325,81.51186886032953,24.277744,0.999089089695152,4482.152,5408.389
RGI2000-v7.0-G-15-02383,,29.68498199445297,81.50360718747922,29.6810675,81.51160483310755,20.537102,0.549350013729991,4742.1465,5247.6577
RGI2000-v7.0-G-15-02384,,29.683160775534706,81.50413292670953,29.679602,81.5061860624578,27.52236,0.185719547614743,4791.3735,5152.0854
RGI2000-v7.0-G-15-02385,,29.681858967189743,81.5009457457277,29.677291500000003,81.50170742484045,24.18047,0.400273804433112,4812.358,5277.852
RGI2000-v7.0-G-15-02386,,29.674749731583546,81.49866708967967,29.6728755,81.49963434810788,34.367867,0.073731995677438,4924.5957,5177.9736
RGI2000-v7.0-G-15-02388,,29.66456843150476,81.49727442667248,29.666342999999998,81.49615777896182,28.590963,0.10427183727093,4964.32,5277.4062
RGI2000-v7.0-G-15-02389,,29.666292077397372,81.4931311166881,29.66648,81.49016043750001,30.702623,0.068007470510355,5215.9014,5362.471
RGI2000-v7.0-G-15-02390,,29.669753361363963,81.49133617455638,29.667937000000002,81.48817866150443,38.397327,0.108681839568172,5010.7017,5325.7734
RGI2000-v7.0-G-15-02391,,29.663789031029676,81.48565997357194,29.664282999999998,81.48483660682284,37.50971,0.049473111043103,5210.333,5390.3525
RGI2000-v7.0-G-15-02392,,29.665281724702925,81.48252642436658,29.6642655,81.48284190247446,39.689594,0.042044104525835,5254.6377,5393.0786
RGI2000-v7.0-G-15-02393,,29.672126486523307,81.47676932179407,29.6668765,81.47663129258547,27.168972,0.333352694697146,4673.322,5238.4805
RGI2000-v7.0-G-15-02394,,29.664493384309047,81.47211058236454,29.6622805,81.47367395215053,31.491999,0.126645613703668,4808.383,5194.482
RGI2000-v7.0-G-15-02395,,29.655321698670296,81.48262476034245,29.658942000000003,81.47766747425608,22.063951,0.475234659174934,4868.0522,5236.854
RGI2000-v7.0-G-15-02396,,29.664760280000003,81.46731470617726,29.6622625,81.46800151895991,30.895533,0.09214953874788,4632.901,5141.3887
RGI2000-v7.0-G-15-02399,,29.685410350180288,81.5442401450114,29.684154,81.53524350279329,22.543934,0.436772421735145,4873.3994,5421.22
RGI2000-v7.0-G-15-02401,,29.697732223532054,81.53468915417767,29.6928135,81.53303086718785,23.421877,0.325381569661286,4855.526,5310.957
RGI2000-v7.0-G-15-02403,,29.67108318907041,81.53006069604051,29.670506000000003,81.53821956346579,21.293587,0.242220527330268,4748.5703,5134.4165
RGI2000-v7.0-G-15-02404,,29.666727497732328,81.53224499882344,29.664844000000002,81.54154330172881,25.149282,0.377729066076107,4681.109,5286.151
RGI2000-v7.0-G-15-02406,,29.740800013433223,81.51545883812074,29.742188,81.51348100463937,20.062815,0.166748045012521,5094.487,5298.376
RGI2000-v7.0-G-15-02408,,29.746602334342928,81.53156676476289,29.746944,81.53344139177167,29.429625,0.07531022497457,5105.862,5327.221
RGI2000-v7.0-G-15-02409,,29.762272049843485,81.529781478146,29.7538825,81.53654485295684,20.67207,1.094790414974092,4693.624,5411.897
RGI2000-v7.0-G-15-02410,,29.760214550638537,81.54003906413254,29.7554855,81.54415992197453,25.649414,0.358107114822917,4870.4126,5394.397
RGI2000-v7.0-G-15-02411,,29.76210616524226,81.54142799552942,29.7572475,81.54924364734471,26.252974,0.421737079368759,4888.1772,5477.915
RGI2000-v7.0-G-15-02417,,29.734249682448027,81.56095104594463,29.734485,81.56210539016394,20.653059,0.026578166956122,4958.8267,5048.5767
RGI2000-v7.0-G-15-02418,,29.74142831297104,81.55219519311024,29.741518,81.55390806599327,20.13795,0.049038935480712,5094.356,5211.6836
RGI2000-v7.0-G-15-02420,,29.76700886343948,81.57432838533865,29.7643075,81.57271488732684,21.60549,0.242530553541845,5094.4478,5321.527
RGI2000-v7.0-G-15-02421,,29.767341020776108,81.57825581668315,29.765478,81.57757039699794,24.71986,0.049381276896884,5027.124,5160.8755
RGI2000-v7.0-G-15-02422,,29.76866275800786,81.58336308786775,29.7668045,81.58304090312501,32.084095,0.06621371110571,5014.1016,5281.2183
RGI2000-v7.0-G-15-02423,,29.78599886610481,81.57754863338171,29.7780645,81.5656580304945,23.348654,1.078923104155992,4817.6123,5721.032
RGI2000-v7.0-G-15-02424,,29.789018847079465,81.5745014565741,29.781547,81.55954698956357,22.144876,1.2788472091409,4845.716,5850.855
RGI2000-v7.0-G-15-02425,,29.8005650100925,81.56659899043005,29.7924795,81.55774399904524,21.184183,1.462244024429967,4880.7305,5626.8647
RGI2000-v7.0-G-15-02427,,29.804723896432844,81.54808719208826,29.802353,81.54857001728816,35.89017,0.122113955315667,5124.098,5452.2793
RGI2000-v7.0-G-15-02429,,29.812826950484457,81.55001456876971,29.810274,81.55357659411766,36.504612,0.311755809383811,4908.5425,5510.4453
RGI2000-v7.0-G-15-02430,,29.810622601138164,81.56758466841042,29.812697999999997,81.56275609288306,23.753588,0.431488230164766,5052.1113,5502.4966
RGI2000-v7.0-G-15-02431,,29.816403567904143,81.56999636485128,29.816101500000002,81.56779376762114,36.48261,0.067692311589011,5044.5513,5387.3906
RGI2000-v7.0-G-15-02432,,29.825888470469597,81.56823073791179,29.822478,81.56581631770834,29.130417,0.35074347847042,4863.1763,5355.177
RGI2000-v7.0-G-15-02433,,29.82481472603587,81.55724022218197,29.8238645,81.55852458643405,35.03119,0.044976985099236,5332.6113,5484.8525
RGI2000-v7.0-G-15-02434,,29.828616197080322,81.55338004862612,29.828392,81.5565158635083,20.982576,0.218748966202578,4984.8115,5316.513
RGI2000-v7.0-G-15-02438,,29.854281164126494,81.55119094601741,29.84985,81.55808985353028,21.723465,0.51962844418967,4977.0244,5482.851
RGI2000-v7.0-G-15-02439,,29.844571191852474,81.57263037791432,29.8472225,81.5695254788072,23.285677,1.115141625196467,5076.767,5577.97
RGI2000-v7.0-G-15-02440,,29.837077784969967,81.56628352835517,29.836060500000002,81.56455532403001,20.43729,0.052641895532867,5028.9326,5127.672
RGI2000-v7.0-G-15-02444,,29.86479234460911,81.54653005791461,29.868031000000002,81.5466431631611,24.916153,0.204946674147013,4923.4272,5099.9146
RGI2000-v7.0-G-15-02445,,29.88356164143426,81.55302324973661,29.873089,81.55305494044879,30.831196,0.915943454244868,4405.9067,5293.9756
RGI2000-v7.0-G-15-02446,,29.87205339300391,81.53546530063082,29.8742235,81.5390137314896,28.022655,0.344891762744801,4887.336,5340.0107
RGI2000-v7.0-G-15-02447,,29.883638581445066,81.52270696069314,29.8853175,81.52252643057543,43.64657,0.052938035300747,5697.8125,6057.6167
RGI2000-v7.0-G-15-02448,,29.883320838818847,81.52012475665906,29.8850795,81.5192168715206,49.712425,0.087115743791198,5657.558,6101.1274
RGI2000-v7.0-G-15-02449,,29.85386175396127,81.51499053794011,29.8740325,81.51047399322402,33.940254,6.779765392753814,4007.8367,7012.628
RGI2000-v7.0-G-15-02450,,29.89780910331421,81.5768068205058,29.901345,81.56057869096091,22.332554,7.347577829821965,3569.2441,6817.8076
RGI2000-v7.0-G-15-02451,,29.937101502237734,81.59206400901135,29.9363815,81.591205,38.376053,0.028575611261525,4959.037,5134.8184
RGI2000-v7.0-G-15-02452,,29.934855113092397,81.59619201789052,29.933793,81.59576585444596,44.34439,0.017826767968115,4805.1665,4962.2803
RGI2000-v7.0-G-15-02453,,29.934900395357076,81.59742981393167,29.933155,81.59738530465117,28.583084,0.022874832645074,4763.5073,4906.55
RGI2000-v7.0-G-15-02454,,29.933807777420416,81.5997025002668,29.934136000000002,81.60154697646053,22.794601,0.072781869629132,4845.6055,4997.622
RGI2000-v7.0-G-15-02455,,29.940961892353652,81.68242467702628,29.93668,81.6890009495425,31.961155,0.467076794339609,4758.7085,5588.0186
RGI2000-v7.0-G-15-02456,,29.942705783804215,81.689649489302,29.939162,81.69584155205905,25.168097,0.336172808890235,4931.607,5485.051
RGI2000-v7.0-G-15-02457,,29.941337595212897,81.708712576735,29.938131499999997,81.70654597413558,25.632149,0.230949161617956,4529.8027,4915.8003
RGI2000-v7.0-G-15-02458,,29.929645430851288,81.70721937162428,29.928521,81.70715886217529,36.640133,0.023811178641198,5184.631,5348.893
RGI2000-v7.0-G-15-02459,,29.921877784039552,81.69749514298907,29.921982,81.70576039981563,26.335775,0.534575826992149,4951.702,5603.27
RGI2000-v7.0-G-15-02460,,29.919617787973042,81.6993984275436,29.918576,81.70330417625622,32.38652,0.182208912878263,5048.574,5508.8774
RGI2000-v7.0-G-15-02461,,29.91399162591073,81.70990314234534,29.914907499999998,81.70999845160716,27.478025,0.026263500224183,5198.6875,5271.7603
RGI2000-v7.0-G-15-02462,,29.911914616817718,81.7083714332022,29.912142,81.70984148907104,29.018589,0.029090964103665,5000.9873,5160.05
RGI2000-v7.0-G-15-02463,,29.909427203656282,81.70961574127882,29.9085645,81.71205006537656,25.41168,0.074601947442446,4897.1465,5066.3345
RGI2000-v7.0-G-15-02464,,29.916078801893207,81.71580138628474,29.91489,81.71449452372872,25.848782,0.06673442123278,4959.8647,5113.5903
RGI2000-v7.0-G-15-02465,,29.909785525128704,81.72291813701922,29.909681,81.72710479582977,21.636694,0.132937190823517,4895.076,5146.809
RGI2000-v7.0-G-15-02467,,29.91304731158553,81.73656557481091,29.9111005,81.73659752783784,22.020845,0.080969921783424,4788.6006,4988.0776
RGI2000-v7.0-G-15-02468,,29.91069196968344,81.74017425184589,29.9094925,81.74075275789292,23.943928,0.044293880674271,4847.4805,4972.878
RGI2000-v7.0-G-15-02469,,29.91083944786349,81.7467762344939,29.9099805,81.74744363326445,25.861748,0.029826861436595,4839.377,4941.806
RGI2000-v7.0-G-15-02470,,29.988073508342712,81.66990507879697,29.9874915,81.6709475409589,24.164507,0.057919539705135,5307.6216,5429.9434
RGI2000-v7.0-G-15-02471,,29.992968453366185,81.67000869935362,29.991433,81.67049553571428,25.927404,0.133823503986374,5071.264,5275.0054
RGI2000-v7.0-G-15-02472,,29.8558500872917,81.60358692005092,29.8548445,81.60291801239768,20.70376,0.042909459368514,4947.148,5044.5073
RGI2000-v7.0-G-15-02473,,29.858653147153404,81.59905129892442,29.856368,81.59764573804972,25.623848,0.089901603936091,4953.114,5163.9146
RGI2000-v7.0-G-15-02474,,29.859468215891162,81.59358719282515,29.8581765,81.59320219760812,31.438765,0.059968520060464,5040.153,5187.087
RGI2000-v7.0-G-15-02475,,29.848870258690326,81.5958789645904,29.849971500000002,81.5976462357719,30.773808,0.041372053068574,5142.5557,5335.7173
RGI2000-v7.0-G-15-02476,,29.81574180373478,81.53521254540499,29.8126165,81.53407708273707,28.277668,0.193021965583659,4908.759,5253.8555
RGI2000-v7.0-G-15-02477,,29.81520418702602,81.53174383791296,29.813495,81.53052351638723,27.027742,0.111871134302908,5002.033,5247.655
RGI2000-v7.0-G-15-02478,,29.81166756322012,81.5282206170332,29.81073,81.52870499710374,36.472626,0.019630069085483,5247.614,5392.012
RGI2000-v7.0-G-15-02479,,29.806275568456957,81.52705620803435,29.807191000000003,81.53045166534942,27.307308,0.160415672881326,5100.457,5444.149
RGI2000-v7.0-G-15-02480,,29.802851651478893,81.52548747733528,29.799097,81.53942082736157,20.112885,0.973170382913891,4935.3633,5671.383
RGI2000-v7.0-G-15-02482,,29.783377890704326,81.53268047625512,29.780544499999998,81.54277785182342,22.787416,1.741851136986274,4865.6475,5749.0215
RGI2000-v7.0-G-15-02483,,29.771890214679328,81.53943901419925,29.769563499999997,81.55196990737282,24.125439,0.759072819256728,4939.131,5758.0264
RGI2000-v7.0-G-15-02484,,29.764951852251354,81.54115435924932,29.765896499999997,81.54724245980563,27.741402,0.438300904191747,4871.0537,5700.507
RGI2000-v7.0-G-15-02485,,29.75713669630143,81.52748772498543,29.7541055,81.52791348950686,37.364193,0.092985110603434,5049.619,5439.7095
RGI2000-v7.0-G-15-02486,,29.76407288155492,81.52850700130055,29.7581615,81.52042757643312,28.52238,0.62814955935926,4646.363,5523.8633
RGI2000-v7.0-G-15-02487,,29.769145604005843,81.51812365268863,29.766350000000003,81.51756685886139,31.311386,0.197554857668875,4900.7036,5246.3228
RGI2000-v7.0-G-15-02488,,29.777420748159436,81.51471234493859,29.7723375,81.5112441221257,21.85107,0.365106316762367,4654.464,5086.5283
RGI2000-v7.0-G-15-02489,,29.781557862781796,81.60302855541097,29.7809315,81.60498139389003,23.721245,0.11565937212665,5088.218,5290.3647
RGI2000-v7.0-G-15-02490,,29.78219661617786,81.61068491272945,29.7800455,81.61036988109807,24.79614,0.113325026466223,4943.2573,5123.3926
RGI2000-v7.0-G-15-02491,,29.77667489042313,81.60569015678266,29.775846,81.60802549470276,23.176188,0.110338038508689,5050.7007,5276.4434
RGI2000-v7.0-G-15-02492,,29.783054295604323,81.61698539138949,29.778879500000002,81.61594528888847,25.271402,0.250379480228018,4711.4517,5132.7095
RGI2000-v7.0-G-15-02494,,29.958726820513913,81.27144268096566,29.9627825,81.27143134949281,22.825804,0.268095929932096,5297.1475,5594.088
RGI2000-v7.0-G-15-02495,,29.938385346966058,81.25077181663961,29.937528999999998,81.25052171904477,41.75156,0.017600840752977,4833.2773,5029.2017
RGI2000-v7.0-G-15-02496,,29.93256139377828,81.25904632130252,29.9330625,81.25614744243421,31.480524,0.078076268682744,4994.858,5324.1514
RGI2000-v7.0-G-15-02497,,29.93110686007433,81.26165302182832,29.9294145,81.25732852351862,30.880646,0.212072250670174,4848.961,5251.3677
RGI2000-v7.0-G-15-02498,,29.941287609029843,81.23845620032846,29.931995999999998,81.24319166297403,22.251123,0.749693729808336,4539.4136,5410.9185
RGI2000-v7.0-G-15-02499,,29.92040122553647,81.23448385118716,29.9220495,81.23391068216631,26.427599,0.797640059562107,4936.485,5327.535
RGI2000-v7.0-G-15-02500,,29.933752077931423,81.22993804630994,29.929548500000003,81.22747401188784,27.176859,0.58065039478029,4501.323,5109.582
RGI2000-v7.0-G-15-02501,,29.93085316498409,81.2191486599038,29.9282385,81.21683869906133,33.58021,0.134645747965106,4911.833,5410.3306
RGI2000-v7.0-G-15-02502,,29.912101475338467,81.23470982994827,29.913133000000002,81.22608821545857,26.432962,0.959989706841746,4623.8774,5590.2075
RGI2000-v7.0-G-15-02503,,29.908600592397807,81.23716373675532,29.913962499999997,81.24230549575242,21.58344,0.824302179777663,4538.091,5379.3315
RGI2000-v7.0-G-15-02504,,29.91328859715123,81.24665304171383,29.9128985,81.24801796768575,31.603687,0.035661021633793,5155.627,5336.347
RGI2000-v7.0-G-15-02505,,29.910857603664134,81.24164107833579,29.908240999999997,81.24709034638553,25.717045,0.396683494390806,4776.1924,5215.1333
RGI2000-v7.0-G-15-02506,,29.91073023802117,81.25525954506901,29.9113655,81.25423684228663,33.021297,0.027457846248085,5078.667,5222.6367
RGI2000-v7.0-G-15-02507,,29.906896050286893,81.25859525717476,29.9089485,81.2574570388025,24.553366,0.082766575648859,4882.411,5065.709
RGI2000-v7.0-G-15-02508,,29.899666439184806,81.25180076312915,29.900948,81.25405238067529,31.403484,0.093484872894084,4835.1104,5063.2505
RGI2000-v7.0-G-15-02509,,29.916844635122544,81.26877544426198,29.9160805,81.26545854871475,28.935701,0.361623993384054,4673.8896,5083.799
RGI2000-v7.0-G-15-02510,,29.91972186202721,81.27277832311992,29.9172365,81.27155913679245,26.716043,0.124439334645166,4396.445,4728.8447
RGI2000-v7.0-G-15-02511,,29.912012871531505,81.27080125500959,29.9102665,81.27277499949071,34.45091,0.120076187457358,4977.6187,5242.85
RGI2000-v7.0-G-15-02512,,29.892003022211643,81.21813899739463,29.890006,81.21416196861472,23.546225,0.233077173834345,4976.8135,5457.6055
RGI2000-v7.0-G-15-02514,,29.89281159446336,81.20426223451163,29.892161,81.20525774250015,27.148039,0.06316876019331,4856.077,4986.7075
RGI2000-v7.0-G-15-02515,,29.84932731556625,81.168382884953,29.8463365,81.1642000854248,29.332058,0.203606203900127,4526.8433,4958.603
RGI2000-v7.0-G-15-02516,,29.850147962687316,81.15371661238603,29.845470499999998,81.15486870864925,23.421965,0.320813789381598,4774.077,5177.6274
RGI2000-v7.0-G-15-02517,,29.846073578722727,81.149674163518,29.843127,81.14744494827586,33.308994,0.17704175983809,4962.592,5444.7627
RGI2000-v7.0-G-15-02518,,29.844494368398426,81.14266911950202,29.843242,81.14337933068633,39.204643,0.047921512419231,5071.2524,5310.073
RGI2000-v7.0-G-15-02519,,29.844012342315633,81.13476276038452,29.8395835,81.13839842383538,26.798677,0.300172333247256,4788.6064,5353.677
RGI2000-v7.0-G-15-02520,,29.835978433722,81.12774387837283,29.8350565,81.13054235175439,38.13344,0.097118935485079,4573.946,4995.083
RGI2000-v7.0-G-15-02521,,29.836139075436932,81.12025986537792,29.833195,81.1214897319798,27.777504,0.199215112902098,4283.085,4644.785
RGI2000-v7.0-G-15-02522,,29.82241915364208,81.11929065660539,29.821267,81.12028105133754,37.376453,0.050773955633714,5094.4937,5331.3555
RGI2000-v7.0-G-15-02524,,29.8102975585681,81.12114050128339,29.809692,81.11750932286185,28.007566,0.210369894779085,4820.5347,5135.85
RGI2000-v7.0-G-15-02525,,29.830819813641924,81.11185447633731,29.8213005,81.10222805418589,29.229422,2.090397575117007,4444.6035,6018.6523
RGI2000-v7.0-G-15-02526,,29.81164481793916,81.0942501811357,29.812720499999998,81.09423160241212,39.79379,0.043948065334426,5360.0967,5572.1
RGI2000-v7.0-G-15-02528,,29.80398172995282,81.08235031857609,29.8039415,81.08366038694592,33.78167,0.057629869253082,4902.0747,5065.7783
RGI2000-v7.0-G-15-02529,,29.80029812955366,81.08240396633892,29.800726500000003,81.0840516508774,34.197807,0.057918000118313,4881.791,5088.2383
RGI2000-v7.0-G-15-02531,,29.83298806793298,81.07912215996099,29.8316425,81.08672505372294,38.64938,0.344340534539977,5842.3403,6343.3804
RGI2000-v7.0-G-15-02532,,29.83564024705254,81.10828156608042,29.837802,81.09892433081845,32.359917,1.708708726448609,4559.024,6318.717
RGI2000-v7.0-G-15-02533,,29.848421114230636,81.10883376457451,29.8487595,81.10596260535198,30.806238,0.112439317287286,5095.387,5471.394
RGI2000-v7.0-G-15-02534,,29.856171088836042,81.11167071248991,29.855514,81.11024517475619,33.69648,0.06592595646515,4968.841,5210.114
RGI2000-v7.0-G-15-02535,,29.859608365461117,81.11624110190314,29.857194,81.10420954614324,33.39539,1.718518978536406,4687.543,6415.516
RGI2000-v7.0-G-15-02536,,29.869803433336063,81.09224682482056,29.8650375,81.0954758896264,38.057,0.319859999467345,5068.724,5836.8486
RGI2000-v7.0-G-15-02537,,29.869367964934003,81.083048557966,29.861911,81.08976397732249,34.176132,0.630235298171906,4724.05,6412.021
RGI2000-v7.0-G-15-02538,,29.861047929523384,81.08649122794156,29.8548725,81.08770258914035,42.61552,0.418138592422997,5462.726,6517.289
RGI2000-v7.0-G-15-02539,,29.85680760267687,81.08320630123538,29.8538145,81.08483316441425,44.26934,0.082611943043805,5662.8335,6305.4414
RGI2000-v7.0-G-15-02540,,29.848628448816253,81.09240472263943,29.849750999999998,81.09156298982863,53.381824,0.03372603699038,5869.1963,6184.6626
RGI2000-v7.0-G-15-02541,,29.854303279177245,81.07215628349576,29.8489615,81.0779437955029,38.243923,0.298928330661719,4826.977,6037.7734
RGI2000-v7.0-G-15-02542,Kap Chuli,29.880519288905184,81.085219566753,29.853496999999997,81.06525280113635,24.318014,6.311729658916216,4391.0225,6335.522
RGI2000-v7.0-G-15-02543,,29.868285947496755,81.06640017616246,29.869806500000003,81.05871664463164,29.316526,2.929647526858086,4777.3975,6345.1284
RGI2000-v7.0-G-15-02544,,29.883865311093015,81.07408439906831,29.8834125,81.0630513803834,33.051807,1.801023164581131,4846.866,6682.818
RGI2000-v7.0-G-15-02545,,29.904068382589482,81.07094352428955,29.8987335,81.06997023814043,23.241701,0.424742285007703,4891.201,5472.9688
RGI2000-v7.0-G-15-02546,,29.905971379675922,81.07741147263295,29.897865000000003,81.07427289015119,23.22243,0.727897885156345,4771.2866,5570.469
RGI2000-v7.0-G-15-02547,,29.919401530286365,81.07781267764668,29.901406,81.05116284166667,27.054178,4.286257424683712,4391.51,6663.782
RGI2000-v7.0-G-15-02548,,29.920706947057553,81.05301156759813,29.903420500000003,81.03682412579958,25.11659,2.080810789381368,4606.9673,6321.155
RGI2000-v7.0-G-15-02549,,29.90327050761253,81.01198571953047,29.902482,81.0263827900641,40.13929,1.019480284244255,4424.6133,6240.343
RGI2000-v7.0-G-15-02550,,29.921511684845118,81.03095880662651,29.912940499999998,81.02586154563875,23.881268,0.845490539979805,4804.3296,5721.141
RGI2000-v7.0-G-15-02551,,29.91786104846022,81.03456379920937,29.913873000000002,81.03357101440382,29.541122,0.230285345838889,4916.5957,5448.7544
RGI2000-v7.0-G-15-02552,,29.924963637599152,81.02147675307042,29.9222595,81.01572275062031,25.918747,1.89108651234076,4990.844,5865.201
RGI2000-v7.0-G-15-02553,,29.91302458555836,81.00246733666053,29.9158725,81.01008427694987,32.581104,0.301649057375817,4726.8447,5605.217
RGI2000-v7.0-G-15-02554,,29.88565802568447,81.02492567014144,29.8885735,81.03103845158039,43.10258,0.91702518802832,5205.6445,6674.3105
RGI2000-v7.0-G-15-02555,,29.878042548376477,81.01861281723112,29.878215,81.03565199278614,44.726173,0.618066605430709,4508.893,6525.5737
RGI2000-v7.0-G-15-02556,,29.877191011586383,81.0416409818871,29.8775315,81.03980161434109,45.352818,0.043226667036439,6129.549,6520.814
RGI2000-v7.0-G-15-02557,,29.867213374213204,81.02433822863105,29.869647,81.0306215,44.667408,0.157096273316859,4910.539,6148.8237
RGI2000-v7.0-G-15-02558,,29.864011780155554,81.03100710398573,29.864625,81.03221755670648,44.080845,0.056952991650948,5441.8096,5723.985
RGI2000-v7.0-G-15-02559,,29.867727068616677,81.01176142639999,29.8577415,81.03149129656609,33.98499,1.918953526985363,4168.1465,6413.2876
RGI2000-v7.0-G-15-02560,,29.858679608431153,81.06062962478634,29.853058500000003,81.04323989712668,33.013878,1.247572326752227,4814.1577,6410.1255
RGI2000-v7.0-G-15-02561,,29.84093000677156,81.0320232488126,29.8416865,81.03519772648107,41.020535,0.762576110233894,5635.375,6399.8413
RGI2000-v7.0-G-15-02562,,29.831963482217017,81.02765784636634,29.8340685,81.03598853245676,37.860527,0.39634232448181,4525.3022,5504.9663
RGI2000-v7.0-G-15-02563,,29.832149015048714,81.0459744033527,29.835801,81.0443250262557,45.633858,0.321705150505736,5210.21,5990.616
RGI2000-v7.0-G-15-02564,,29.836094990782108,81.02501042871903,29.837474,81.02580586128072,33.828617,0.049500423855059,4699.5513,4922.1167
RGI2000-v7.0-G-15-02565,,29.863512577053207,81.0128513652785,29.852883,81.01908029166667,27.926369,1.763847371560914,4256.378,5849.1367
RGI2000-v7.0-G-15-02566,,29.850015275650186,81.01297112671399,29.8490045,81.01151670703084,20.020533,0.035937668074226,5032.3623,5101.5044
RGI2000-v7.0-G-15-02567,,29.853639870533318,80.99301507597646,29.855412,80.99608025676946,36.574474,0.114663580265089,4743.2056,5248.03
RGI2000-v7.0-G-15-02568,,29.86134718810866,81.00262467970309,29.859609,80.99884245374872,32.600937,0.158861025884104,4747.4194,5142.1284
RGI2000-v7.0-G-15-02569,,29.865196779477923,81.0002458246686,29.8639145,81.00068547032716,22.478262,0.063694960689717,4782.507,4927.3853
RGI2000-v7.0-G-15-02570,,29.86498746033605,80.9867689025793,29.8610415,80.9888202129931,34.085846,0.159455457162066,4404.1997,5096.4106
RGI2000-v7.0-G-15-02571,,29.86785104399233,80.96846180323105,29.866277500000002,80.96693626765605,38.32913,0.044841577608558,4813.2314,5083.77
RGI2000-v7.0-G-15-02572,,29.86586572840154,80.95889362243223,29.866322500000003,80.96111271864729,20.93807,0.091985518187709,4835.799,4995.1484
RGI2000-v7.0-G-15-02573,,29.863161866238972,80.95897759412087,29.862937000000002,80.96048174139729,23.131397,0.050979289890339,4814.0767,4947.5073
RGI2000-v7.0-G-15-02574,,29.861594060103616,80.9621157658473,29.860701,80.96316038738739,27.605818,0.042381445268013,4982.2793,5126.5063
RGI2000-v7.0-G-15-02575,,29.858725681774207,80.95945362106701,29.8587365,80.96089654986179,27.327082,0.030586536417265,4868.031,5013.612
RGI2000-v7.0-G-15-02576,,29.870475264407986,80.95919833216061,29.87142,80.96015325562774,35.110733,0.026202220459068,5021.0303,5155.9634
RGI2000-v7.0-G-15-02577,,29.920777680448698,80.90720365148697,29.918696,80.90686673280702,26.027723,0.06662401009204,4718.603,4973.583
RGI2000-v7.0-G-15-02578,,29.92037579518662,80.90335568529602,29.917733,80.90306649310344,29.623041,0.066127714720668,4767.711,5081.5317
RGI2000-v7.0-G-15-02579,,29.922858080408314,80.90268984667232,29.920575999999997,80.89916543833758,28.956646,0.114256314222847,4559.916,4897.1035
RGI2000-v7.0-G-15-02580,,29.926724434918683,80.89298860439754,29.922732,80.8892541214804,24.904121,0.381579345557665,4629.47,5068.7393
RGI2000-v7.0-G-15-02581,,29.92936919671398,80.87631054869769,29.925234,80.87445623239518,22.699467,0.440993103162278,4670.663,5090.7515
RGI2000-v7.0-G-15-02583,,29.931056624895753,80.85933669891341,29.929971000000002,80.85819716901138,32.935303,0.057493954615454,5008.037,5231.528
RGI2000-v7.0-G-15-02584,,29.932638184492827,80.86845502087347,29.933197,80.86006050649351,26.830963,0.551497868171799,4785.1523,5328.049
RGI2000-v7.0-G-15-02585,,29.934780644018453,80.85565612112232,29.9362695,80.85377702790025,40.302284,0.054066923263965,5284.4443,5688.5264
RGI2000-v7.0-G-15-02586,,29.93048546875647,80.84754673886995,29.932809,80.84845797378277,42.94633,0.107041659156894,5236.513,5694.3755
RGI2000-v7.0-G-15-02587,,29.935787327982283,80.84355263118069,29.934952,80.84588223133748,44.64212,0.047778295982044,5082.712,5420.1177
RGI2000-v7.0-G-15-02588,,29.93758969159708,80.8383509165218,29.9415175,80.84269306462926,28.404984,0.740877041864162,4659.8926,5400.731
RGI2000-v7.0-G-15-02589,,29.943986034906192,80.85064074387873,29.9455555,80.85443342852061,36.985844,0.160846506544826,5483.5034,5856.084
RGI2000-v7.0-G-15-02590,,29.96464472361941,80.84882409785207,29.957721,80.851752,35.47266,0.724544941616359,4521.143,5780.955
RGI2000-v7.0-G-15-02591,,29.966688336048293,80.85230547870155,29.9626875,80.85908884560102,34.54478,0.221768440388837,4640.041,5549.608
RGI2000-v7.0-G-15-02592,,29.97055104571894,80.86082360615416,29.9727935,80.86346986423625,41.23984,0.302801076611554,5510.045,6090.832
RGI2000-v7.0-G-15-02593,,29.979460771144122,80.85182245185352,29.982000499999998,80.85625076347688,42.38278,0.270506359789298,5087.0864,6177.3003
RGI2000-v7.0-G-15-02594,,29.98621635852581,80.85980334313696,29.985489,80.86172460468215,38.102432,0.074882483541269,5689.97,6108.8716
RGI2000-v7.0-G-15-02595,,30.00600069396451,80.84770721230888,29.9950695,80.85040989540332,36.155525,1.11268900660519,3958.0078,5830.185
RGI2000-v7.0-G-15-02596,,29.97729539223906,80.88878919608942,29.9758025,80.87912525020562,34.550945,0.286567013952354,4769.554,5796.5645
RGI2000-v7.0-G-15-02597,,29.97333407765553,80.88671787846128,29.9716195,80.88421036032608,28.336424,0.154676160187815,5193.8623,5529.6606
RGI2000-v7.0-G-15-02598,,29.973882134252573,80.89408536746814,29.9727,80.89102477487013,37.15031,0.072885809390576,4596.8765,4953.922
RGI2000-v7.0-G-15-02599,,29.969504401573257,80.8968300576269,29.9689215,80.89560870323741,37.607994,0.025112420361289,4670.2324,4911.857
RGI2000-v7.0-G-15-02600,,29.96511100908479,80.89725442048614,29.965419,80.89597948071358,40.69253,0.031834762907356,4864.086,5058.0986
RGI2000-v7.0-G-15-02601,,29.962849266392382,80.89009242894069,29.964012,80.89057492925784,32.22818,0.047697761665692,4966.284,5115.3345
RGI2000-v7.0-G-15-02602,,29.965514065728005,80.88804408081788,29.9662785,80.88931687343586,38.349735,0.046686867567515,5153.753,5326.8706
RGI2000-v7.0-G-15-02603,,29.960353535166572,80.88783145492067,29.9668255,80.8770476897507,28.389513,2.168876639318659,4790.326,5973.004
RGI2000-v7.0-G-15-02604,,29.93807969678986,80.86821177597771,29.951652000000003,80.8688515010908,26.467068,1.750660107740962,4758.148,5706.3
RGI2000-v7.0-G-15-02605,,29.963454049182996,80.8387753133444,29.9554435,80.839992513677,30.15691,0.799159782623898,4387.68,5549.613
RGI2000-v7.0-G-15-02606,,29.927454871635412,80.85084153171688,29.929882,80.85382883427715,38.641083,0.121161461686157,4946.055,5461.883
RGI2000-v7.0-G-15-02608,,29.9278737620255,80.80995192995005,29.926693999999998,80.811825686948,24.002785,0.104256693517326,4661.1978,4873.9927
RGI2000-v7.0-G-15-02609,,29.919458940574263,80.81107645449275,29.918961,80.81025225412978,25.409063,0.051403480044435,4868.2944,4973.6655
RGI2000-v7.0-G-15-02610,,29.957656656989872,80.89894472510551,29.9582875,80.8994931017125,38.654896,0.025279926775882,5271.5635,5386.3716
RGI2000-v7.0-G-15-02611,,29.953452965782095,80.89999942012757,29.953719999999997,80.90271478587445,38.76495,0.051194044739385,4821.998,5163.7344
RGI2000-v7.0-G-15-02612,,29.966155188035422,80.90971724262917,29.961215000000003,80.90617534418703,35.626022,0.356682562466795,4426.3315,5216.853
RGI2000-v7.0-G-15-02613,,29.972420837654127,80.9127077683174,29.981898,80.89575306750271,23.388964,3.398377940638381,4094.2952,6259.5967
RGI2000-v7.0-G-15-02614,,30.058577636237633,81.02400382092048,30.0385875,81.04296097061966,20.23541,3.468236485924187,4456.0483,6173.502
RGI2000-v7.0-G-15-02615,,30.10646133683294,81.04858988425588,30.104943,81.05016232610993,27.583035,0.104417051683469,5252.6797,5436.893
RGI2000-v7.0-G-15-02616,,30.12762813641953,81.12747843978616,30.112565500000002,81.1024955,20.145117,3.313131751663484,5111.168,6310.8086
RGI2000-v7.0-G-15-02617,,30.108947035267974,81.12517854655667,30.106858,81.11306433609909,33.97724,0.339538205983674,5256.4946,6282.5957
RGI2000-v7.0-G-15-02618,Jiqingzhubu Glacier,30.1067943946582,81.14413906521987,30.0774755,81.1276344527761,20.381006,6.907261106519929,4804.42,6412.1636
RGI2000-v7.0-G-15-02619,,30.0723955093366,81.135935437768,30.0708615,81.13855936317998,29.922657,0.072414059464695,5507.9565,5788.465
RGI2000-v7.0-G-15-02620,,30.06213716285032,81.1368211664226,30.0611805,81.13817712943708,40.256294,0.043704821575721,5646.3335,5944.6284
RGI2000-v7.0-G-15-02621,,30.054326467413656,81.15229522800699,30.0566165,81.14559674671318,22.818844,0.256362789062054,5432.4814,5876.4077
RGI2000-v7.0-G-15-02622,,30.06051613148021,81.1523540938244,30.061417,81.14914430817863,42.696087,0.163519697412268,5953.5537,6228.3496
RGI2000-v7.0-G-15-02623,,30.06156836402903,81.16240870339301,30.062461499999998,81.16156694607844,27.575531,0.037836644769041,5421.5845,5575.5435
RGI2000-v7.0-G-15-02624,,30.079724425728887,81.17875912354404,30.073718,81.16602650752773,26.138367,0.851117720500079,4886.535,5695.8545
RGI2000-v7.0-G-15-02625,,30.090119026796433,81.16783756606763,30.0861135,81.1514991194332,21.314236,0.570997898281109,5124.3535,5884.8745
RGI2000-v7.0-G-15-02627,,30.032104810974747,81.12358188271536,30.029924,81.1220932078572,38.37602,0.14848077274447,5904.3867,6232.8105
RGI2000-v7.0-G-15-02628,,30.00072372062503,81.16332888070022,30.006724,81.1458851307365,24.603483,1.969000306793767,4488.846,5954.6914
RGI2000-v7.0-G-15-02629,,29.876250271988372,81.1107928766028,29.8770675,81.10921869804974,26.580582,0.061375021363583,5113.0884,5228.8145
RGI2000-v7.0-G-15-02630,,29.873687074920902,81.11106809154772,29.872703,81.10899343662338,27.870495,0.148890162475255,5097.218,5329.718
RGI2000-v7.0-G-15-02631,,29.87180494199579,81.1160870034192,29.8693545,81.11082634288427,26.494232,0.246720380806016,4977.98,5483.7427
RGI2000-v7.0-G-15-02632,,29.8728532976322,81.0963846100413,29.869068,81.10077326619583,30.429495,0.424553990631941,5075.9595,5718.007
RGI2000-v7.0-G-15-02633,,29.825289388280385,81.13290531670627,29.825768500000002,81.13532964952043,37.802315,0.097842620625696,5616.5586,5879.795
RGI2000-v7.0-G-15-02634,,29.831396914648032,81.16252980717103,29.8273435,81.14504073975857,25.281504,1.176986920785043,4315.69,5685.531
RGI2000-v7.0-G-15-02635,,29.8267447447688,81.15717872095462,29.8238325,81.15414787552535,31.297157,0.145346365519383,4714.955,5152.102
RGI2000-v7.0-G-15-02636,,29.816788861452846,81.15751271811678,29.814614,81.15462072230149,32.25055,0.138141878806292,4853.696,5228.153
RGI2000-v7.0-G-15-02637,,29.813774298082148,81.15767473136992,29.8130685,81.15703645651104,44.224297,0.021020641453213,5006.0063,5194.261
RGI2000-v7.0-G-15-02638,,29.81298808355496,81.160954207433,29.810906,81.15942336062872,29.027988,0.07886393495588,4887.1973,5095.5015
RGI2000-v7.0-G-15-02639,,29.811556932499496,81.16511625630068,29.809795,81.16325387581783,27.946684,0.107297134096276,4705.027,4997.5522
RGI2000-v7.0-G-15-02640,,29.807958696622148,81.15309526336732,29.807361,81.15630770557962,33.66742,0.088679147391186,4820.4556,5124.13
RGI2000-v7.0-G-15-02642,,29.806811921593766,81.19730756042198,29.8045465,81.19366363377051,23.691317,0.314500401746511,4953.4873,5311.3667
RGI2000-v7.0-G-15-02643,,29.803383601396646,81.20216319445431,29.800475499999997,81.20028820915033,30.513653,0.163602385178578,4739.0093,5114.2217
RGI2000-v7.0-G-15-02644,,29.813540751407537,81.20507073026853,29.8143495,81.19744284375,31.155664,0.633164806398026,4689.851,5559.235
RGI2000-v7.0-G-15-02645,,29.81992794093206,81.18484084864848,29.8172855,81.18755796964774,39.54601,0.096071596146902,4944.6274,5528.5225
RGI2000-v7.0-G-15-02646,,29.824049830310905,81.18508932461508,29.822115,81.18687043747602,35.484848,0.093051845691541,4754.7563,5139.0703
RGI2000-v7.0-G-15-02647,,29.8363696953476,81.20070251601341,29.8275325,81.19911982321041,22.321201,0.864604734103371,4570.672,5212.5884
RGI2000-v7.0-G-15-02648,,29.83015408149114,81.20320366976253,29.826808999999997,81.20595062727324,25.47676,0.219522854219466,4729.2017,5070.3247
RGI2000-v7.0-G-15-02649,,29.829532215802573,81.21394314975215,29.825795499999998,81.21216381782698,25.993479,0.144939690674502,4626.7754,4983.3457
RGI2000-v7.0-G-15-02650,,29.817726872335783,81.21111814263593,29.818585,81.20790018285945,30.966276,0.113696173510853,4484.233,4851.2236
RGI2000-v7.0-G-15-02651,,29.822654426169684,81.22350692703803,29.8210655,81.22219494347665,28.81674,0.038146924249179,4525.0796,4709.1587
RGI2000-v7.0-G-15-02652,,29.818871074599,81.23182809193811,29.8186905,81.23062969456521,30.974169,0.023154753789935,4491.875,4580.8574
RGI2000-v7.0-G-15-02653,,29.790599362858696,81.09943513738344,29.789413,81.10077708248218,20.64377,0.115829535732671,4846.324,4955.596
RGI2000-v7.0-G-15-02654,,30.160170180760254,81.09941148122954,30.1575555,81.09740745985934,31.975399,0.197087176999465,5278.3755,5574.901
RGI2000-v7.0-G-15-02656,,30.17318164209886,81.08558536455487,30.162182,81.07868574855601,22.040615,2.120830460666379,5017.7593,5921.8164
RGI2000-v7.0-G-15-02658,,30.192616818242428,81.05843917296968,30.188686,81.06199325338247,30.340569,0.25990636405962,5230.6895,5763.4434
RGI2000-v7.0-G-15-02659,,30.20069658601564,81.04992570741915,30.188566,81.0509387722883,26.377739,2.075165473525239,4958.6064,6056.6777
RGI2000-v7.0-G-15-02660,,30.293711062301178,81.30919525874333,30.292714,81.3093672367385,43.74467,0.02855553020005,5800.4404,5974.4824
RGI2000-v7.0-G-15-02661,,30.297404634232166,81.32909127847714,30.295944,81.32936596261683,41.379543,0.032066313936543,5665.42,5949.343
RGI2000-v7.0-G-15-02662,,30.296327522217343,81.33167561042697,30.295766999999998,81.33190578501538,46.216682,0.010809533576831,5794.882,5923.0337
RGI2000-v7.0-G-15-02663,,30.304536628410897,81.33829009276758,30.304031000000002,81.33880570643699,43.153603,0.020841971869872,5768.355,5919.339
RGI2000-v7.0-G-15-02664,,30.31320126340129,81.34310594915537,30.3081285,81.34649719539419,42.517937,0.676789537832284,5369.6143,6262.0537
RGI2000-v7.0-G-15-02665,,30.316246675210913,81.35672377074224,30.3119085,81.35390280619484,38.62513,0.334709947142257,5440.635,6244.4355
RGI2000-v7.0-G-15-02666,,30.314553451046084,81.36123745997202,30.310427,81.3609397985972,34.169598,0.295528483140451,5466.992,6044.2573
RGI2000-v7.0-G-15-02667,,30.308127522891517,81.36337262274048,30.3079435,81.36552946932515,41.63686,0.019234751173943,5948.7705,6083.2856
RGI2000-v7.0-G-15-02668,,30.315063318891227,81.36483893084217,30.311992,81.37404084352941,26.720291,0.710451561533044,5504.143,6114.9995
RGI2000-v7.0-G-15-02669,,30.320313393540825,81.37663617953112,30.3158605,81.38227261152412,29.27329,0.740190906167308,5540.9736,6165.683
RGI2000-v7.0-G-15-02670,,30.315007962450846,81.39689356248547,30.317056,81.39210919827586,20.94215,0.684729168508364,5604.3877,6136.554
RGI2000-v7.0-G-15-02672,,30.34392325431906,81.40602923247832,30.342347500000002,81.40431799186798,32.908207,0.081157872365344,5777.421,6027.5776
RGI2000-v7.0-G-15-02673,,30.357814711341668,81.40969023802666,30.355484,81.40800994998173,24.081367,0.259373188025582,5745.9136,6011.8643
RGI2000-v7.0-G-15-02674,,30.362283916479555,81.4036722982229,30.3613135,81.401656878125,22.244583,0.10245324946258,5786.9087,5950.154
RGI2000-v7.0-G-15-02675,,30.367548671235372,81.40178629945468,30.366815000000003,81.39967552615063,26.428602,0.071996728791216,5772.181,5947.2314
RGI2000-v7.0-G-15-02676,,30.358879680626483,81.3878974160504,30.358522999999998,81.39354471465091,25.311516,0.750032826082482,5662.843,6038.3545
RGI2000-v7.0-G-15-02677,,30.350322459444993,81.38270757341147,30.349995999999997,81.38429239859634,35.901085,0.066703679661626,5829.1953,6010.022
RGI2000-v7.0-G-15-02678,,30.34514955414577,81.38477961648796,30.3433135,81.38349008182635,26.434309,0.085837336991094,5822.4116,6050.5024
RGI2000-v7.0-G-15-02679,,30.362134334891795,81.3628473107302,30.3630135,81.36650723874959,22.170527,0.248122302264456,5707.941,6089.304
RGI2000-v7.0-G-15-02680,,30.368111068747154,81.36181050715534,30.367199,81.36240972645913,42.862812,0.025969399505505,5683.1606,5871.335
RGI2000-v7.0-G-15-02681,,30.367929104065706,81.35986273174807,30.367232,81.35951081896552,40.733006,0.024274053297615,5666.383,5842.507
RGI2000-v7.0-G-15-02682,,30.36772290866873,81.3531344885226,30.3666925,81.35346623232817,41.81916,0.059966791888021,5746.541,5949.7476
RGI2000-v7.0-G-15-02683,,30.365729377395652,81.34896578987787,30.364005,81.34787116836733,40.66338,0.118092152660435,5727.6543,5982.3237
RGI2000-v7.0-G-15-02685,,30.355678548101736,81.35108891711563,30.3546775,81.34721541560845,22.598764,0.159084014299944,5819.347,6147.7866
RGI2000-v7.0-G-15-02686,,30.356564226431292,81.33859066302463,30.35509,81.34168035071812,44.09203,0.068932190255785,5635.236,6139.341
RGI2000-v7.0-G-15-02687,,30.352694865696094,81.33486547938007,30.351926,81.33684418905784,38.214497,0.047163256416736,5950.3433,6245.631
RGI2000-v7.0-G-15-02688,,30.341274142073146,81.31996388427872,30.344552999999998,81.32884393,21.62417,0.675826553142598,5550.823,5958.2827
RGI2000-v7.0-G-15-02689,,30.329766666274764,81.30908328463553,30.333060500000002,81.3216700410959,24.567352,1.476327924440589,5496.621,6059.3867
RGI2000-v7.0-G-15-02690,,30.384827242901284,81.31427220978809,30.3830475,81.31454392604857,42.647858,0.086444266968082,5507.076,5841.1074
RGI2000-v7.0-G-15-02691,,30.383661919402225,81.3089757577749,30.3823485,81.30957628753987,43.947285,0.041789994708357,5521.6484,5822.7085
RGI2000-v7.0-G-15-02692,,30.383346830350163,81.30313018535757,30.381695999999998,81.30435861512349,46.771305,0.052433201260118,5590.0986,6046.9937
RGI2000-v7.0-G-15-02693,,30.382484278671367,81.29992434296715,30.380784,81.30084823068793,43.079727,0.060655447309793,5674.66,6117.947
RGI2000-v7.0-G-15-02694,,30.382432068120846,81.2926345626728,30.3810115,81.29130645525609,38.21705,0.058873154892617,5756.944,6045.792
RGI2000-v7.0-G-15-02695,,30.38242444677443,81.28713184032298,30.3815685,81.28673033479535,45.42529,0.0260655707345,5727.264,6057.8765
RGI2000-v7.0-G-15-02696,,30.383651725729358,81.28280175726461,30.382316,81.2827664916689,49.441914,0.039511156395968,5599.674,5997.441
RGI2000-v7.0-G-15-02697,,30.37493343217651,81.28699899569388,30.3776375,81.28555519965985,34.4233,0.174081291089274,5650.1626,6044.62
RGI2000-v7.0-G-15-02698,,30.371407576858804,81.28391982170913,30.372228,81.28348012445548,38.71106,0.034551482477635,5895.4746,6039.428
RGI2000-v7.0-G-15-02700,,30.367736493823433,81.25506799231043,30.3747485,81.26325748974683,20.648043,0.754457526453795,5489.0874,6109.4453
RGI2000-v7.0-G-15-02702,,30.377434979399805,81.24147834053603,30.381542000000003,81.24665527796955,24.764412,0.309261203952793,5550.573,6075.595
RGI2000-v7.0-G-15-02703,,30.38254534749683,81.2382309072725,30.384528,81.24230986677597,33.64958,0.119678289410342,5636.1494,6045.5
RGI2000-v7.0-G-15-02704,,30.412306996327658,81.24665679298023,30.4142595,81.24775650410652,47.057083,0.082229085193163,6010.4517,6561.272
RGI2000-v7.0-G-15-02705,,30.408656965631454,81.26364651969116,30.415684,81.26253447317778,26.064987,1.080482857224629,5533.733,6664.779
RGI2000-v7.0-G-15-02706,,30.40448960147647,81.27083424027938,30.4089395,81.2714939245769,24.638332,0.198449838450711,5461.1836,5887.1357
RGI2000-v7.0-G-15-02707,,30.410906344893522,81.26729296545673,30.4187935,81.2792000650685,28.4797,0.95024916978378,5687.369,6939.4443
RGI2000-v7.0-G-15-02708,,30.420906366153176,81.28580152008317,30.425173,81.29112500782763,40.851498,0.412393449364987,6584.086,7292.5273
RGI2000-v7.0-G-15-02709,,30.40948174602116,81.29352626426147,30.417983999999997,81.29437000454546,36.184666,1.419660351454583,5622.0537,7028.8594
RGI2000-v7.0-G-15-02710,,30.430711926255203,81.3017129832968,30.4318045,81.29922178340293,52.24343,0.080228894046684,6303.3867,6959.08
RGI2000-v7.0-G-15-02711,,30.43124718787865,81.30407291501906,30.433007500000002,81.30201170144628,52.696026,0.083289190536459,6112.566,6770.3105
RGI2000-v7.0-G-15-02712,,30.440796151745843,81.30603580208448,30.4385225,81.29981738754165,49.31749,0.253483865168185,6910.4346,7636.271
RGI2000-v7.0-G-15-02713,,30.43199793765676,81.31315807867209,30.435267,81.3128210844519,21.014853,0.268641045135999,5912.5522,6282.781
RGI2000-v7.0-G-15-02717,,30.457802520035987,81.36804215511444,30.458651,81.36484008148265,43.453342,0.21220286828687,6124.613,6568.8965
RGI2000-v7.0-G-15-02718,,30.45672084719427,81.34582942222065,30.4591645,81.35084093686869,37.974926,0.224639550187886,6371.8843,6896.2603
RGI2000-v7.0-G-15-02719,,30.46129054469072,81.34444723135053,30.460835,81.3462044009821,38.33955,0.072959832094402,6115.7407,6396.012
RGI2000-v7.0-G-15-02720,Jinala Glacier,30.475056457256684,81.34060305043435,30.475247500000002,81.33908278563015,34.515533,0.02800834393394,6286.9136,6473.576
RGI2000-v7.0-G-15-02721,,30.476704465236274,81.3339210492586,30.476587000000002,81.33519075927668,35.013687,0.016112208519313,6259.3726,6420.8926
RGI2000-v7.0-G-15-02722,,30.48231383740979,81.34093523694966,30.480076,81.33842646814989,38.302372,0.338825624191916,5971.9863,6506.268
RGI2000-v7.0-G-15-02725,,30.46193855826734,81.31679206928855,30.458703,81.31503088038278,22.821814,0.644417928697672,5986.2993,6444.5767
RGI2000-v7.0-G-15-02726,,30.473180506789898,81.31340109587987,30.4739515,81.30998859977578,40.34246,0.479003260494003,6060.493,6817.1543
RGI2000-v7.0-G-15-02727,,30.486776369543826,81.28556584808607,30.476899500000002,81.30154833964575,27.277487,2.35397127523223,5728.545,6907.7173
RGI2000-v7.0-G-15-02728,,30.485731009858767,81.3074996684241,30.4836235,81.30523091835263,36.956253,0.338927595255439,6006.113,6368.7812
RGI2000-v7.0-G-15-02729,,30.489689745482245,81.2958929468196,30.486601,81.29960086337869,26.694763,0.354174373562675,5956.194,6370.673
RGI2000-v7.0-G-15-02730,,30.480437540719052,81.28559307710104,30.4796105,81.28472951757117,36.206894,0.034314865750388,6107.1646,6263.407
RGI2000-v7.0-G-15-02731,,30.475469440438832,81.2614207483044,30.473345000000002,81.26308499635036,30.22396,0.069524032512666,6035.4004,6343.175
RGI2000-v7.0-G-15-02732,,30.47464735109318,81.25499307529628,30.4719515,81.25929169505179,28.815084,0.208250910390321,5988.16,6406.203
RGI2000-v7.0-G-15-02733,,30.460935249947592,81.22188213827785,30.453324000000002,81.25207794843249,27.850424,5.129989232673138,5592.8804,7313.0444
RGI2000-v7.0-G-15-02734,,30.43844798355695,81.24847688232173,30.441305,81.25182357073871,43.060562,0.397833208953898,6205.8354,6839.771
RGI2000-v7.0-G-15-02735,,30.43932612042772,81.255639367083,30.441009,81.25800726437296,41.049774,0.104219283431368,6401.437,6778.457
RGI2000-v7.0-G-15-02736,Xinamunani Glacier,30.42822925086887,81.2318450921797,30.4271295,81.26089123848594,26.140575,6.846008689857478,5400.4233,7444.64
RGI2000-v7.0-G-15-02737,,30.438996323976646,81.2359515547483,30.4410695,81.23724858728372,43.15214,0.325823739178059,6177.4844,6752.225
RGI2000-v7.0-G-15-02738,,30.441982268413202,81.23145785106615,30.4435605,81.23420562558749,35.180164,0.238912616716519,6165.2144,6567.432
RGI2000-v7.0-G-15-02739,,30.45263523110103,81.22136971990444,30.448642,81.22288469808743,24.8011,0.413336637653141,5946.968,6356.832
RGI2000-v7.0-G-15-02740,,30.41769883104815,81.2174757054681,30.418644999999998,81.22364983396918,22.473755,0.277242860999422,5963.7085,6303.1265
RGI2000-v7.0-G-15-02741,,30.412896159441566,81.22666887188124,30.415293,81.23280157438016,36.2127,0.352316391344483,5644.9805,6443.484
RGI2000-v7.0-G-15-02742,Namunani Glacier,30.46701998969565,81.24725075410726,30.4528255,81.26929211173469,25.289099,5.273252020698382,5624.0464,7645.9434
RGI2000-v7.0-G-15-02743,,30.473068541839346,81.27684068634987,30.457904499999998,81.2914714597621,26.876785,3.659484665829912,5725.8047,7446.1616
RGI2000-v7.0-G-15-02744,,30.41170196766287,81.31264773889306,30.4133555,81.31031841100258,34.7802,0.095066698600737,5914.43,6207.0337
RGI2000-v7.0-G-15-02746,,30.370074840204655,81.3703592948056,30.3685555,81.37004850456879,43.23803,0.06978413779685,5757.0723,5996.42
RGI2000-v7.0-G-15-02747,,30.37374353261722,81.37965644585142,30.372104,81.37853926252996,35.21082,0.113230388909226,5614.487,5943.3564
RGI2000-v7.0-G-15-02750,,30.34200451923935,81.45820202793684,30.340773,81.44823472347514,20.102821,1.180210998985468,5459.9175,6058.464
RGI2000-v7.0-G-15-02754,,30.31032609500304,81.42438525845647,30.307157500000002,81.423946100844,39.085777,0.192315917362723,5571.6704,6121.8354
RGI2000-v7.0-G-15-02755,,30.298731316160023,81.41841644809331,30.300729,81.41969592356145,32.475513,0.062395723213744,5769.209,6082.742
RGI2000-v7.0-G-15-02756,,30.31221524416362,81.41022883462007,30.3086055,81.41453536003301,23.160378,0.821321635466167,5630.4976,6132.7993
RGI2000-v7.0-G-15-02757,,30.3006413097215,81.4010414660807,30.2984565,81.40671271177175,24.912054,1.237667791599477,5573.6777,6141.705
RGI2000-v7.0-G-15-02758,,30.288967548490902,81.42621607706573,30.2875395,81.40934311514934,26.5042,1.769631753347592,5395.227,6376.42
RGI2000-v7.0-G-15-02759,,30.295761570315506,81.39034517984382,30.2891595,81.3941039737418,23.329433,1.183796920836658,5516.579,6428.3086
RGI2000-v7.0-G-15-02760,,30.291249705085,81.3865550261232,30.289687999999998,81.38523178391225,34.853058,0.070145592235993,5750.3022,6001.081
RGI2000-v7.0-G-15-02761,,30.28585891420084,81.38447744300832,30.285227499999998,81.38512097781717,22.274021,0.025319328068352,5917.345,5994.394
RGI2000-v7.0-G-15-02762,,30.291495152046227,81.37555974832574,30.2833415,81.3762328835947,29.113943,1.414981357629046,5444.9517,6478.1304
RGI2000-v7.0-G-15-02763,,30.2886029445659,81.36396369190506,30.282918000000002,81.36571123156645,33.4496,0.635921530399217,5405.2417,6165.1772
RGI2000-v7.0-G-15-02764,,30.279759841621512,81.35429260462668,30.2779055,81.35415414644501,39.03741,0.061054135144689,5569.53,5905.371
RGI2000-v7.0-G-15-02765,,30.260589189904472,81.35119199320299,30.258499,81.35410209506398,45.5332,0.171807726944526,5435.722,5962.8115
RGI2000-v7.0-G-15-02766,,30.25733395536187,81.3460647442123,30.2553955,81.34812316778877,42.98629,0.166088197379051,5740.7837,6162.509
RGI2000-v7.0-G-15-02767,,30.254464401640668,81.34120511083896,30.253065499999998,81.34412727401823,47.013157,0.07493883567142,5605.8965,6164.222
RGI2000-v7.0-G-15-02768,,30.253045611385208,81.33607506601773,30.251314,81.34201195231728,43.10724,0.182362407481584,5486.6807,6233.62
RGI2000-v7.0-G-15-02769,,30.247219211295683,81.33682103409947,30.248906499999997,81.34004383109234,32.895233,0.155442025471809,5710.9565,6231.185
RGI2000-v7.0-G-15-02770,,30.241200470815958,81.33691860913254,30.246302,81.35390538439307,21.351004,0.950574130191615,5426.7075,6155.795
RGI2000-v7.0-G-15-02771,,30.244261420582415,81.35917721697929,30.245278,81.35905968222403,38.812645,0.036335346126485,6008.613,6156.936
RGI2000-v7.0-G-15-02772,,30.244004237383766,81.36713700180994,30.247929499999998,81.36380987670367,30.15828,0.248119081707344,5686.251,6338.7676
RGI2000-v7.0-G-15-02773,,30.24653313308918,81.36678275517681,30.248289,81.3705012209756,42.402798,0.14264645184272,5773.4917,6504.872
RGI2000-v7.0-G-15-02774,,30.2415741914054,81.37356748841263,30.246203,81.37506398693753,38.917824,0.324708733947982,5758.4644,6510.4194
RGI2000-v7.0-G-15-02777,,30.255455438852323,81.41661446061627,30.2535545,81.40799305477091,20.251526,1.249434184890727,5097.283,5682.5103
RGI2000-v7.0-G-15-02779,,30.268558337554822,81.38892834078648,30.275278999999998,81.38935629203928,41.023273,0.588592152502131,5757.113,6500.052
RGI2000-v7.0-G-15-02780,,30.26980583428738,81.38328493875352,30.273259,81.3839638066528,38.862038,0.250659493663493,5805.817,6437.611
RGI2000-v7.0-G-15-02781,,30.272088790971537,81.37902498647259,30.2737115,81.3795264630651,39.36015,0.085380133712572,5875.3643,6186.975
RGI2000-v7.0-G-15-02782,,30.261757464465315,81.36489933954815,30.255795,81.36076231535324,33.057392,0.701420003991891,5384.4277,6265.0073
RGI2000-v7.0-G-15-02783,,30.230017138889085,81.35187040104398,30.228615499999997,81.35432609285715,39.7941,0.070702942446563,5610.85,5939.635
RGI2000-v7.0-G-15-02784,,30.219500164541472,81.33944451169953,30.2218235,81.355015646731,25.904697,1.728791274363891,5332.1016,6149.656
RGI2000-v7.0-G-15-02785,,30.21191195215591,81.35634477612727,30.21181,81.35515366537611,25.667587,0.034051699731522,5704.786,5827.4395
RGI2000-v7.0-G-15-02786,,30.210246836946386,81.34882415220609,30.2108995,81.34971223794841,34.981773,0.034607199168648,5966.5225,6105.2944
RGI2000-v7.0-G-15-02787,,30.21695267293401,81.3426555580066,30.2143075,81.3444592755024,33.053772,0.218896462705741,5535.265,6139.359
RGI2000-v7.0-G-15-02788,,30.214625976594395,81.36740164650683,30.2192355,81.36955635573071,25.610382,0.617298734771844,5571.447,6106.49
RGI2000-v7.0-G-15-02791,,30.21402181941334,81.39833540528458,30.213645,81.39726417075664,28.275066,0.027695901727546,5391.1636,5532.63
RGI2000-v7.0-G-15-02792,,30.220666160161873,81.40491514336652,30.2200445,81.40051327857142,20.254185,0.250785219884739,5384.634,5645.34
RGI2000-v7.0-G-15-02793,,30.22985134065208,81.41152571036989,30.226931,81.40315440235767,21.647617,0.777457840643465,5229.539,5783.58
RGI2000-v7.0-G-15-02794,,30.24013126111282,81.41302003939226,30.233401999999998,81.40636865831245,22.100935,1.443469349424536,5174.11,6119.214
RGI2000-v7.0-G-15-02795,,30.26350926813134,81.42164580329057,30.265733500000003,81.4228695857143,33.421234,0.168576334793479,5181.604,5622.8564
RGI2000-v7.0-G-15-02797,,30.26290919610972,81.44531408964451,30.263371,81.44697467621297,37.649532,0.052872289814981,5679.491,5900.936
RGI2000-v7.0-G-15-02798,,30.26020591688976,81.44598263421658,30.2602485,81.44668437113899,44.590042,0.010586042374496,5577.672,5704.846
RGI2000-v7.0-G-15-02799,,30.258376277324125,81.44367811340364,30.2575965,81.44561301066989,37.775917,0.078070168456148,5320.247,5609.401
RGI2000-v7.0-G-15-02800,,30.25819221016554,81.45341543482814,30.25947,81.4530678067376,29.87052,0.078748485889818,5335.783,5587.906
RGI2000-v7.0-G-15-02801,,30.257935773170924,81.46100872828836,30.2594115,81.45782089491902,27.718622,0.119816507824643,5472.2534,5742.8037
RGI2000-v7.0-G-15-02802,,30.253052361338685,81.46028534712688,30.2554655,81.46394318803283,23.879036,0.26194179603081,5262.053,5774.9834
RGI2000-v7.0-G-15-02803,,30.253226379815622,81.46402404100981,30.252671,81.46518206689755,35.380436,0.028248075767158,5545.8315,5718.298
RGI2000-v7.0-G-15-02804,,30.252340922439384,81.47118232870653,30.25141,81.47078198780457,38.531654,0.026016813648697,5545.435,5661.397
RGI2000-v7.0-G-15-02805,,30.247849082023777,81.47299298865556,30.2476325,81.47225240058825,26.460897,0.011890889512644,5456.6035,5522.1396
RGI2000-v7.0-G-15-02807,,30.278783947717553,81.4722117673723,30.278385999999998,81.46923004900154,28.848454,0.144262315157209,5510.8823,5780.536
RGI2000-v7.0-G-15-02808,,30.282581042943896,81.4656010164632,30.2802005,81.46567596695832,36.255222,0.183733773117675,5379.907,5778.9536
RGI2000-v7.0-G-15-02810,,30.26907709111239,81.51102819498468,30.2655545,81.51520879453358,30.641396,0.285850346677038,5279.307,5781.345
RGI2000-v7.0-G-15-02812,,30.201989924577404,81.55331737607371,30.1997,81.55222463866292,29.738745,0.143847443450296,5166.791,5455.607
RGI2000-v7.0-G-15-02813,,30.200443942054342,81.56507591668043,30.198219,81.56484263042897,27.15916,0.075531096167614,5243.088,5485.0913
RGI2000-v7.0-G-15-02814,,30.201898761625653,81.56760224845911,30.1983715,81.56730051725901,30.440523,0.122378139870813,5135.7524,5552.292
RGI2000-v7.0-G-15-02815,,30.203002687830875,81.57357981769994,30.19928,81.5714314680057,21.329634,0.180903468377494,5245.563,5520.759
RGI2000-v7.0-G-15-02816,,30.200365907708537,81.57413499449976,30.1987095,81.57417440718868,27.921785,0.036664551367075,5432.952,5589.767
RGI2000-v7.0-G-15-02817,,30.202382661136618,81.57766828277654,30.200235,81.57775005409783,27.975908,0.134186149491338,5201.104,5466.1294
RGI2000-v7.0-G-15-02818,,30.202102388414662,81.58204007573329,30.1993845,81.58078125259652,26.53216,0.105140615250322,5246.8677,5530.7324
RGI2000-v7.0-G-15-02819,,30.202192552674397,81.58909326004039,30.199844,81.58676567479816,25.019682,0.202981313096886,5234.07,5542.889
RGI2000-v7.0-G-15-02820,,30.195428021117742,81.59316999921661,30.194975499999998,81.5935590189776,27.542137,0.012227729467534,5550.015,5608.596
RGI2000-v7.0-G-15-02821,,30.201984743874224,81.59225312578828,30.1985795,81.5981885964343,27.008368,0.773844787221751,5166.6714,5581.0063
RGI2000-v7.0-G-15-02822,,30.18913335685078,81.60464495711555,30.1890425,81.60680372611588,31.97247,0.086531523220267,5470.627,5714.851
RGI2000-v7.0-G-15-02823,,30.194913131403705,81.61395819810487,30.1963665,81.61667940660226,26.11433,0.068835926394777,5662.8774,5847.897
RGI2000-v7.0-G-15-02824,,30.20756916097612,81.60895775682015,30.2025615,81.61333863938893,27.386312,0.498391232047232,5044.5073,5842.71
RGI2000-v7.0-G-15-02825,,30.20860920119631,81.61941719035802,30.207183999999998,81.61885655429654,32.99076,0.052756935151136,5328.7334,5537.185
RGI2000-v7.0-G-15-02826,,30.20966361357401,81.62430267871234,30.206124,81.62285050202851,35.96151,0.160675410651151,5260.274,5780.8857
RGI2000-v7.0-G-15-02827,,30.206534959988367,81.62582900403868,30.2058955,81.62563956637004,34.156643,0.018350056044069,5542.6523,5654.182
RGI2000-v7.0-G-15-02828,,30.20417536647059,81.63329597156367,30.2007585,81.62361201157964,28.198528,0.472233962573764,5300.8623,6006.0625
RGI2000-v7.0-G-15-02829,,30.194669008573282,81.62533624381722,30.196192,81.62592459999999,26.78454,0.080404671752846,5560.188,5755.84
RGI2000-v7.0-G-15-02834,,30.161458261002164,81.66180198882687,30.157015,81.66169381354342,25.546637,0.486458947265288,4957.594,5436.8857
RGI2000-v7.0-G-15-02835,,30.14725009749185,81.65651647864055,30.148194,81.65974641164007,26.566633,0.144315820215362,5183.1694,5437.4863
RGI2000-v7.0-G-15-02836,,30.145790264791643,81.65497587453628,30.144068500000003,81.65705572797131,35.97031,0.106112856789005,5001.6587,5258.98
RGI2000-v7.0-G-15-02837,,30.165028477587093,81.62832857232829,30.166748499999997,81.62980296855983,27.71418,0.07920229168475,5085.423,5315.9263
RGI2000-v7.0-G-15-02838,,30.169310802419538,81.63022991483244,30.17089,81.63075230348889,38.822067,0.057569279689737,5368.5254,5616.082
RGI2000-v7.0-G-15-02839,,30.1682431926973,81.62397007339645,30.169669,81.62426597462681,37.65372,0.05661420111303,5389.7773,5633.2583
RGI2000-v7.0-G-15-02840,,30.163340092291843,81.61769890086406,30.169366,81.61535110114143,21.453005,0.601677129049251,5083.7227,5573.1367
RGI2000-v7.0-G-15-02841,,30.167709772491587,81.6060747170359,30.1663885,81.60764699048804,33.829742,0.340683620023463,5099.266,5434.314
RGI2000-v7.0-G-15-02842,,30.171706735728712,81.6049335377816,30.178405499999997,81.61273969627524,22.591467,0.969213441229167,5046.315,5706.794
RGI2000-v7.0-G-15-02843,,30.153786835473795,81.59932746722775,30.1535875,81.6002872119293,26.252573,0.01867295378024,5254.4053,5361.3496
RGI2000-v7.0-G-15-02844,,30.18319543000542,81.75678228934515,30.179032499999998,81.75712185656994,31.630714,0.34381621330573,5173.1167,5814.715
RGI2000-v7.0-G-15-02845,,30.174349378464516,81.75663089067784,30.1749625,81.75860978872437,40.005264,0.044854655646786,5447.7344,5733.627
RGI2000-v7.0-G-15-02847,,30.18521301889118,81.7556519750238,30.182277499999998,81.769774661706,20.095148,2.045024798511128,5108.679,5849.9497
RGI2000-v7.0-G-15-02849,,30.16806919771181,81.78914493938794,30.1688605,81.7899782607438,40.44618,0.017731711303502,5647.838,5796.1104
RGI2000-v7.0-G-15-02854,,30.123964227709564,81.78846072588658,30.1220615,81.78863921992823,33.441147,0.056586177106634,5104.4834,5377.6445
RGI2000-v7.0-G-15-02855,,30.12284149275285,81.78540755088368,30.12106,81.78529791334894,26.102974,0.050426777074971,5107.744,5255.248
RGI2000-v7.0-G-15-02857,,30.116234980312512,81.80484757620908,30.116512,81.80219426652913,21.392103,0.109236958449374,5183.1357,5396.798
RGI2000-v7.0-G-15-02858,,30.116926272729884,81.81141093009846,30.120478,81.8069768924185,22.843786,0.59809137065043,5090.8228,5562.489
RGI2000-v7.0-G-15-02861,,30.108499452993875,81.78173869116209,30.103175,81.78427154166667,24.518587,0.414653959186253,4878.69,5396.6113
RGI2000-v7.0-G-15-02862,,30.095365735240076,81.82652907443371,30.0929305,81.82710902086006,22.85544,0.186653826185621,4769.3467,4965.9775
RGI2000-v7.0-G-15-02863,,30.097243492591712,81.83757981419392,30.0951875,81.83690024315189,25.289915,0.192071813789216,4737.7295,4970.769
RGI2000-v7.0-G-15-02865,,30.121892441251994,81.86671018998177,30.119816999999998,81.86741369979362,22.238886,0.112016758192766,5058.7036,5237.8135
RGI2000-v7.0-G-15-02866,,30.12665522266993,81.87670291493049,30.125452000000003,81.87614914726737,22.897184,0.03961823049781,5057.275,5162.6924
RGI2000-v7.0-G-15-02867,,30.121218581841745,81.8842730731693,30.130549,81.88765227683692,24.78242,1.484043057222951,4779.8823,5661.355
RGI2000-v7.0-G-15-02870,,30.11466156435364,81.90287750671109,30.123267499999997,81.90471634099566,21.04566,1.435432286027342,4927.9224,5704.9272
RGI2000-v7.0-G-15-02871,,30.11886166714289,81.90051183653863,30.12032,81.90086463851353,35.539463,0.074451120840937,5229.3037,5463.2427
RGI2000-v7.0-G-15-02872,,30.117932333660203,81.89521369680828,30.120784,81.89689006552658,30.90907,0.105854224011873,5162.1914,5597.3647
RGI2000-v7.0-G-15-02873,,30.12884611437627,81.92214849440961,30.121004,81.91944586134687,23.577555,0.794859758896571,4835.1255,5466.477
RGI2000-v7.0-G-15-02874,,30.120523508698014,81.93533828493089,30.1103895,81.92824239650638,28.692886,2.903144461589497,4656.3657,6164.7964
RGI2000-v7.0-G-15-02876,,30.107040973923098,81.8859823244678,30.098563499999997,81.8947094396149,23.345778,1.027668511452084,4535.623,5466.981
RGI2000-v7.0-G-15-02877,,30.106186601279223,81.88266444614132,30.097499499999998,81.88479467503706,26.051746,0.852210213383323,4539.0776,5431.5146
RGI2000-v7.0-G-15-02878,,30.086507174052112,81.90422085085336,30.089484,81.90675466763285,36.020065,0.210871727231499,4934.223,5643.402
RGI2000-v7.0-G-15-02879,,30.084472110494712,81.9076953657611,30.086438,81.90964168587361,33.798817,0.158215847502998,4981.694,5479.71
RGI2000-v7.0-G-15-02880,,30.083336674822156,81.91031221012994,30.0839425,81.9121945727756,26.556007,0.055717422680257,5202.4146,5410.363
RGI2000-v7.0-G-15-02882,,30.087257328550265,81.94541789319082,30.082631,81.9357676541058,25.490053,0.625933271531107,4764.243,5587.6533
RGI2000-v7.0-G-15-02883,,30.071034904154097,81.9372609834232,30.071851000000002,81.93493523238067,36.37277,0.110923574797027,5310.82,5537.7524
RGI2000-v7.0-G-15-02884,,30.068076213879028,81.94327789027774,30.072195,81.94063195,32.62702,0.515621003467105,4927.0337,5731.0723
RGI2000-v7.0-G-15-02885,,30.07015250467831,81.94989223506825,30.071362999999998,81.9523771413243,37.089657,0.222065781135034,4891.297,5603.2944
RGI2000-v7.0-G-15-02886,,30.066660966669502,81.96828530844644,30.0682475,81.96306346320232,26.369383,0.299298617625322,4990.8447,5599.035
RGI2000-v7.0-G-15-02887,,30.093683115799717,81.96169541395163,30.083006500000003,81.95179651706796,23.475555,1.535967398618984,4462.845,5596.2544
RGI2000-v7.0-G-15-02888,,30.095742764483422,81.93998452774075,30.095929499999997,81.93770098840207,21.232527,0.277434277489349,5165.445,5415.777
RGI2000-v7.0-G-15-02889,,30.06238130652932,81.9245338150888,30.0644735,81.92523438738799,31.65795,0.088647431816335,4940.436,5198.4204
RGI2000-v7.0-G-15-02890,,30.069137943580714,81.91702141225919,30.0670775,81.91855795672842,35.885517,0.088597910283602,4844.6553,5119.682
RGI2000-v7.0-G-15-02891,,30.070657956430008,81.90333347944919,30.062970999999997,81.9113665307517,20.753576,1.086390570264078,4287.1523,5074.027
RGI2000-v7.0-G-15-02892,,30.066786625909646,81.90043811282803,30.0600625,81.90215351944379,36.05216,0.30123321790779,4413.713,5505.8574
RGI2000-v7.0-G-15-02893,,30.061835560975755,81.89004612244283,30.0531605,81.8949526949244,28.804085,0.671285852574718,4311.2334,5378.97
RGI2000-v7.0-G-15-02894,,30.049968021449104,81.88893287125987,30.046935,81.88857486786512,33.911964,0.056487272426786,5055.0166,5430.8516
RGI2000-v7.0-G-15-02895,,30.04913489722167,81.88358069753481,30.046974,81.88439905886196,43.815502,0.068398639755119,4746.929,5391.535
RGI2000-v7.0-G-15-02897,,30.033506024837223,81.88527418261987,30.038259500000002,81.89082669366346,26.869795,0.349702445439692,4735.407,5275.9194
RGI2000-v7.0-G-15-02898,,30.035357896416382,81.89656364091151,30.039237999999997,81.89389330128768,21.634308,0.238774583026214,4851.769,5223.939
RGI2000-v7.0-G-15-02899,,30.03580234315732,81.90637514797963,30.043558,81.90440562560849,20.971292,1.120086101425824,4692.018,5387.8354
RGI2000-v7.0-G-15-02900,,30.04625119155045,81.9140325382762,30.047016,81.91208137432054,34.24104,0.153022104929041,5048.1255,5334.5967
RGI2000-v7.0-G-15-02902,,30.04606050166377,81.92118747368794,30.049083,81.91917651667907,24.563673,0.145768188521687,4719.2603,5042.5728
RGI2000-v7.0-G-15-02903,,30.05703563472049,81.92809736304991,30.0538495,81.92456143188286,28.926601,0.251145021692096,4691.988,5080.984
RGI2000-v7.0-G-15-02904,,30.038734746208938,81.94617093769331,30.0382035,81.94307169522403,31.053638,0.072416461890268,4596.5225,4861.4526
RGI2000-v7.0-G-15-02905,,30.039052958002287,81.95036505398386,30.034466000000002,81.95095637040004,38.17098,0.154164996937168,4400.0005,5154.6973
RGI2000-v7.0-G-15-02906,,30.04187207550622,81.95207970426647,30.0334475,81.95442517340013,30.653337,0.451997869948811,4199.95,5414.38
RGI2000-v7.0-G-15-02907,,30.01809783337293,81.96095371094762,30.0220485,81.95696198624202,28.646128,0.35237318274464,4796.0366,5415.1084
RGI2000-v7.0-G-15-02908,,30.03590342894302,81.97065273810584,30.03132,81.96857657102638,32.34236,0.287091050427541,4300.0103,4913.777
RGI2000-v7.0-G-15-02910,,30.090053938593073,81.97542319635893,30.086011,81.98486887465236,21.045023,1.064413697615527,4843.9336,5602.7207
RGI2000-v7.0-G-15-02911,,30.095803334134448,81.98956512436037,30.093023000000002,81.99124169900989,23.638489,0.121561283315135,5024.612,5299.4233
RGI2000-v7.0-G-15-02912,,30.091574022659298,81.99883615636472,30.090831,81.99459475651365,20.123234,0.277439145272601,5066.044,5302.7583
RGI2000-v7.0-G-15-02913,,30.080675435441705,81.99635195023683,30.0802305,81.99372428221314,27.41741,0.329743695683364,4714.6787,5372.8574
RGI2000-v7.0-G-15-02914,,30.018814184397804,82.03608945135237,30.013129499999998,82.04035075117643,36.34695,0.207021080266624,4612.313,5540.8306
RGI2000-v7.0-G-15-02915,,30.02052601662987,82.04975508518767,30.016122,82.04757318353923,34.27377,0.264233789148118,4323.6685,5025.759
RGI2000-v7.0-G-15-02916,,30.019611654172476,82.05356128397719,30.015552999999997,82.05264189338874,31.513193,0.199821916226398,4432.9854,5067.396
RGI2000-v7.0-G-15-02917,,30.0067036468269,82.05637607258313,30.005269499999997,82.05346715143293,35.501278,0.108110261037357,5426.5664,5746.8926
RGI2000-v7.0-G-15-02918,,29.99402955514904,82.04362109122104,29.997815,82.04888631852792,28.784458,0.64343385507399,4670.2837,5704.4995
RGI2000-v7.0-G-15-02919,,29.998689190563873,82.04261920223188,30.002018,82.04412017358366,25.490482,0.232170938562092,4832.16,5343.787
RGI2000-v7.0-G-15-02921,,30.000343338564846,82.03439514966398,29.999853,82.03615494310722,29.337126,0.028238196790572,4968.961,5129.985
RGI2000-v7.0-G-15-02922,,29.99171030170191,82.0550882605424,29.9925415,82.06177441329012,22.163403,1.404795203152838,4865.465,5744.181
RGI2000-v7.0-G-15-02924,,29.9965982536465,82.09979197877765,29.987378,82.08444190810303,20.971697,1.792769413371141,4550.977,5535.2666
RGI2000-v7.0-G-15-02925,,29.983053201662976,82.10271272293494,29.9818285,82.09458856761113,23.805552,1.877011162129314,4678.063,5480.2046
RGI2000-v7.0-G-15-02926,,29.97000121214127,82.09756544061946,29.9722995,82.09588799159577,40.46143,0.13480549376549,4845.163,5381.944
RGI2000-v7.0-G-15-02927,,29.96186339920003,82.08392398508452,29.9676115,82.08155938958811,30.889826,0.630303064439274,4745.3564,5596.128
RGI2000-v7.0-G-15-02930,,29.970544996633915,82.05938120685015,29.9679465,82.06054747524752,21.546455,0.19723015945889,4789.799,5027.15
RGI2000-v7.0-G-15-02931,,29.96640204824046,82.0587185524772,29.964731,82.05791031561085,29.499493,0.061444782981018,4966.909,5182.423
RGI2000-v7.0-G-15-02932,,29.969317367340366,82.04664981915545,29.9641995,82.05269199240577,32.13117,0.570630932244019,4377.958,5336.051
RGI2000-v7.0-G-15-02933,,29.95733443237931,82.06284617771571,29.956014,82.05023915383839,34.87877,0.571654267865133,4463.7925,5515.427
RGI2000-v7.0-G-15-02934,,29.957862544190846,82.04795103528807,29.956807,82.04569261983795,46.451595,0.056832040186524,5399.49,5669.6313
RGI2000-v7.0-G-15-02935,,29.950203021620503,82.03940171648419,29.951847,82.04410861479593,42.20797,0.100796927171936,4687.133,5343.613
RGI2000-v7.0-G-15-02936,,29.954564926685357,82.03659695221009,29.9560135,82.03839889145948,35.41475,0.063161988646788,4780.667,5120.2773
RGI2000-v7.0-G-15-02937,,29.954285857624907,82.02474416605538,29.9552175,82.02457428661327,47.608902,0.045571223059524,5174.916,5453.2705
RGI2000-v7.0-G-15-02938,,29.95836843433106,82.01821000064713,29.9565795,82.01948816022559,47.76023,0.133867068608176,5110.7026,5572.1846
RGI2000-v7.0-G-15-02939,,29.963772991485346,82.0132921502896,29.9617565,82.01390484660018,29.879044,0.100307463561087,4499.1807,4753.293
RGI2000-v7.0-G-15-02940,,29.952094766689306,82.0078746776646,29.9524615,82.00990245400777,46.14864,0.03576362117752,5089.388,5423.602
RGI2000-v7.0-G-15-02941,,29.98257408559556,82.05821052613132,29.977438,82.0654439537167,24.190035,1.017934781097306,4640.6577,5730.61
RGI2000-v7.0-G-15-02942,,29.985556005876102,82.06181374359507,29.98173,82.07105289587852,22.099863,0.878081516798388,4857.3193,5694.4062
RGI2000-v7.0-G-15-02943,,30.024246409009343,82.06304753152536,30.015267,82.0652439110815,26.138376,0.81030367074383,4129.1636,5140.187
RGI2000-v7.0-G-15-02944,,30.01480200960146,82.09416561437283,30.012549,82.09516441506605,26.410084,0.148455336111224,4880.8774,5095.676
RGI2000-v7.0-G-15-02945,,30.01983153992918,82.09937858848316,30.0175105,82.1025810901427,23.562557,0.138790649881487,4959.123,5163.416
RGI2000-v7.0-G-15-02950,,30.050252657810994,82.09143986396921,30.0478385,82.09153702264615,21.166645,0.106995741455831,4982.117,5217.148
RGI2000-v7.0-G-15-02951,,30.04905438467781,82.08547412860409,30.048713,82.08409879704868,30.924345,0.037267852797406,5247.0273,5386.8276
RGI2000-v7.0-G-15-02952,,30.047502784764784,82.07477143607167,30.0475755,82.07776423134439,21.966507,0.229242463269752,5044.798,5288.5
RGI2000-v7.0-G-15-02954,,30.055374516582926,82.09911133157775,30.057496,82.10400159723461,24.480934,0.260186186835235,5097.0513,5457.8184
RGI2000-v7.0-G-15-02957,,30.07876076269396,82.116153885555,30.076403499999998,82.11132761727777,23.385864,0.556120462208925,5043.9067,5477.275
RGI2000-v7.0-G-15-02958,,30.082096346125947,82.11030427126494,30.081927999999998,82.10904523246373,29.836952,0.057813273402605,5237.291,5364.729
RGI2000-v7.0-G-15-02959,,30.08964028747284,82.11005196990398,30.088484,82.10632440346976,25.186874,0.151587138711761,5226.636,5436.3613
RGI2000-v7.0-G-15-02960,,30.093506530285634,82.1018202547361,30.0925995,82.10289151033592,28.944729,0.077308478048334,5169.28,5379.7075
RGI2000-v7.0-G-15-02961,,30.07956903645345,82.09791194511779,30.077699000000003,82.10227737101181,23.882921,0.345369575801963,5022.2715,5377.7954
RGI2000-v7.0-G-15-02962,,30.08189781227053,82.13208825488289,30.082227500000002,82.13354576386988,22.431871,0.079295034902324,5250.6,5360.8325
RGI2000-v7.0-G-15-02963,,30.081401065051406,82.13545592749809,30.0821105,82.13709223711143,27.575247,0.040882464545548,5398.3623,5574.3726
RGI2000-v7.0-G-15-02965,,30.065887693019224,82.14033534833024,30.077074,82.15579479879602,21.049189,2.875354558947216,4875.851,6031.794
RGI2000-v7.0-G-15-02966,,30.05777509735898,82.1474539313659,30.063903,82.15989614686839,23.158268,1.871472394515824,4904.463,5987.3833
RGI2000-v7.0-G-15-02967,,30.04492636825211,82.16586294430559,30.0545885,82.16683455707667,22.772102,1.047569684739981,5032.6577,6099.057
RGI2000-v7.0-G-15-02968,,30.04807731510052,82.16038467610053,30.050139,82.16091633296746,25.144258,0.056250720463988,5257.918,5435.161
RGI2000-v7.0-G-15-02969,,30.05015441449054,82.15466430153576,30.0507025,82.15710027375809,20.992794,0.133342735644705,5149.472,5324.773
RGI2000-v7.0-G-15-02970,,30.04348646872564,82.17232215936826,30.043014,82.17363978991867,29.930943,0.048155457980632,5169.384,5323.581
RGI2000-v7.0-G-15-02972,,30.034471025869987,82.18885313865229,30.0332655,82.19048510962003,29.524717,0.100136208572846,5181.063,5412.4224
RGI2000-v7.0-G-15-02973,,30.03292849816995,82.1973004256657,30.031914,82.195598417246,33.168865,0.098523239205699,5219.6387,5398.775
RGI2000-v7.0-G-15-02975,,30.04452168463858,82.20962613664943,30.043062,82.2080163559856,22.491934,0.12592692774053,5118.402,5330.0537
RGI2000-v7.0-G-15-02976,,30.04091154533897,82.21436529973221,30.039803,82.21280963653498,24.088352,0.081484487805612,5062.1753,5236.222
RGI2000-v7.0-G-15-02977,,30.031848871049515,82.21024771836683,30.0323605,82.21113471365929,26.493927,0.049886243028452,5164.076,5281.412
RGI2000-v7.0-G-15-02978,,30.031462737479153,82.22262186795734,30.030775,82.21940492556399,29.959217,0.066450225801678,5014.8677,5199.5366
RGI2000-v7.0-G-15-02979,,30.022281857874447,82.2193579753208,30.022638,82.22088444461781,21.544397,0.095098098845837,5194.495,5308.7036
RGI2000-v7.0-G-15-02980,,30.01847022212566,82.21837848203894,30.018202000000002,82.222574,21.69729,0.16570961830351,5118.1484,5453.2964
RGI2000-v7.0-G-15-02981,,30.025397220975094,82.22852984008648,30.0243995,82.22773546142582,36.692596,0.073642715465142,4950.522,5149.7466
RGI2000-v7.0-G-15-02982,,30.01289389794414,82.23652067535792,30.013253,82.2333699951923,26.326431,0.2516572394189,5073.8315,5419.2495
RGI2000-v7.0-G-15-02983,,30.01261137403728,82.22665350735707,30.012033000000002,82.22892263944044,29.058079,0.05424458052792,5185.585,5427.8364
RGI2000-v7.0-G-15-02984,,30.00804770640612,82.23385777659007,30.0080655,82.23310364896939,36.88991,0.021901315384283,5154.079,5281.7036
RGI2000-v7.0-G-15-02985,,30.005507191251954,82.23894842868208,30.004679,82.23730356143366,27.886349,0.032436073491733,4844.0493,4994.846
RGI2000-v7.0-G-15-02986,,29.989544821347373,82.23294840831443,29.988231499999998,82.232951118157,34.1526,0.035232949830579,4978.1157,5174.162
RGI2000-v7.0-G-15-02987,,29.999184740284118,82.22607833956408,29.9883735,82.22548067143848,22.628418,1.402418712828408,4660.099,5640.151
RGI2000-v7.0-G-15-02988,,29.996996701214425,82.21843471318536,29.9950405,82.21823176853813,32.42571,0.068562243091337,4943.316,5251.2695
RGI2000-v7.0-G-15-02989,,29.99378504380435,82.2069353036534,29.9899125,82.20897665483871,28.1193,0.286242032030313,4613.308,5152.5044
RGI2000-v7.0-G-15-02991,,29.968471104805964,82.21637187475997,29.967807999999998,82.21257548779778,24.953156,0.261696271725784,4854.9263,5153.161
RGI2000-v7.0-G-15-02992,,29.962728047443157,82.21207717178947,29.9632135,82.21014918653688,22.37524,0.099837085151202,5140.0947,5287.2793
RGI2000-v7.0-G-15-02993,,29.9542960681184,82.20953265362125,29.9549695,82.20775811533122,35.644753,0.034455386981575,5108.4604,5336.024
RGI2000-v7.0-G-15-02994,,29.951854473212954,82.21310585373857,29.951075000000003,82.21024542046757,38.16176,0.145634524223699,4913.1294,5352.5454
RGI2000-v7.0-G-15-02995,,29.946187791744396,82.21095997026583,29.945978,82.21258794629458,39.240788,0.022930957026067,5176.802,5303.1455
RGI2000-v7.0-G-15-02996,,29.936578233154034,82.20636717776131,29.945432,82.19944650725594,23.66289,1.216111810809547,4550.284,5489.4507
RGI2000-v7.0-G-15-02997,,29.938563703328086,82.18435408059014,29.9428875,82.18168067861126,34.821777,0.700407241750892,4851.1885,5491.448
RGI2000-v7.0-G-15-02998,,29.944069153083515,82.16493867097218,29.943859500000002,82.16795207686334,21.758951,0.135114833463571,4967.5273,5219.7915
RGI2000-v7.0-G-15-02999,,29.94085510625981,82.16031092492383,29.9391975,82.16211883261339,23.311253,0.083919663908864,4869.915,5052.7837
RGI2000-v7.0-G-15-03000,,29.939940241013147,82.15648449181462,29.937313,82.15944527894737,29.05362,0.099477081962256,4840.227,5260.7056
RGI2000-v7.0-G-15-03001,,29.932601480104204,82.16279753464545,29.933042999999998,82.16397881613757,27.467289,0.022434763358961,5117.214,5209.898
RGI2000-v7.0-G-15-03002,,29.92846295782942,82.16598248404622,29.924169499999998,82.15790483076924,23.505291,1.101347832878372,4714.732,5295.365
RGI2000-v7.0-G-15-03003,,29.919655693344986,82.16526078319673,29.9170875,82.16368562335788,31.151808,0.112616807895942,4789.5317,5045.831
RGI2000-v7.0-G-15-03004,,29.91003580210412,82.16087704780185,29.9103055,82.16276812264599,34.38062,0.060117552855105,4962.036,5218.6094
RGI2000-v7.0-G-15-03005,,29.918306565362816,82.137728864095,29.908475000000003,82.15772416560804,20.704617,2.338378782296343,4225.9136,5337.8804
RGI2000-v7.0-G-15-03006,,29.911011502948966,82.17803621196951,29.908755,82.17224436220869,28.276058,0.621873043679028,4546.3716,5085.8276
RGI2000-v7.0-G-15-03007,,29.890795473310746,82.17177410816379,29.8934265,82.17017350369937,31.256975,0.144652600310872,4880.9546,5069.043
RGI2000-v7.0-G-15-03008,,29.889738508061274,82.16482015525025,29.8901605,82.16682102742458,32.84698,0.045384419932122,4987.51,5190.328
RGI2000-v7.0-G-15-03009,,29.893089008680494,82.16077155302939,29.8937315,82.16314193961352,32.523106,0.142202929786305,4858.633,5149.958
RGI2000-v7.0-G-15-03010,,29.885808519701612,82.17683537768902,29.886636,82.17245607736041,31.925125,0.282216920193763,4631.247,5095.144
RGI2000-v7.0-G-15-03011,,29.881133559020665,82.17657097401077,29.879838499999998,82.17444615833334,28.283915,0.094963170999883,4745.4526,5016.761
RGI2000-v7.0-G-15-03013,,29.90447911915745,82.23068411508615,29.902108499999997,82.23007783170294,20.862307,0.140769215367313,4963.434,5204.2344
RGI2000-v7.0-G-15-03014,,29.915804993325224,82.2276693554623,29.9160435,82.22561268206522,39.45588,0.047761070655811,4906.2847,5131.7427
RGI2000-v7.0-G-15-03015,,29.915252693526725,82.21991360906618,29.915385999999998,82.22117558027762,26.908077,0.045080487102125,5000.966,5130.5757
RGI2000-v7.0-G-15-03016,,29.917064325595433,82.21954512618139,29.9179045,82.22137943307848,26.748877,0.03858725276943,5082.549,5232.4316
RGI2000-v7.0-G-15-03017,,29.921884631516985,82.2237112870054,29.9207215,82.222803069006,41.513103,0.031382181510428,4998.313,5136.609
RGI2000-v7.0-G-15-03018,,29.924215761566995,82.21560063736085,29.922642,82.21644568327403,22.050402,0.071826442777787,4863.305,4993.325
RGI2000-v7.0-G-15-03019,,29.931104523393493,82.21905840681367,29.9313075,82.2201465,24.753397,0.06879807234659,5022.739,5133.2925
RGI2000-v7.0-G-15-03020,,29.94652018531494,82.24627285009757,29.9467955,82.24743727980132,25.457163,0.034198153873322,5087.3296,5175.148
RGI2000-v7.0-G-15-03021,,29.946854634051068,82.25513153470732,29.946229000000002,82.25450387492157,34.11589,0.039039527573173,4946.542,5065.9434
RGI2000-v7.0-G-15-03022,,29.95448486622449,82.24881849734867,29.953461,82.24622640618163,26.106546,0.1015289179537,4812.1953,5033.104
RGI2000-v7.0-G-15-03023,,29.961603967329424,82.23526832079712,29.9601415,82.23787147422644,25.443066,0.089598094727442,5027.872,5278.038
RGI2000-v7.0-G-15-03024,,29.963440218157523,82.2435739348455,29.96428,82.24180823783901,26.952192,0.03440890432796,5124.443,5264.3516
RGI2000-v7.0-G-15-03025,,29.96993702226747,82.23843818310873,29.9677295,82.24084539964703,31.220346,0.143242986201792,4933.5576,5282.264
RGI2000-v7.0-G-15-03026,,29.97787284740154,82.24106558039671,29.978106,82.23967133566025,33.84768,0.01659065131433,5399.994,5527.419
RGI2000-v7.0-G-15-03027,,29.983934678687636,82.24441698752806,29.981231,82.24339309908885,27.756807,0.414142717930319,4716.455,5179.678
RGI2000-v7.0-G-15-03029,,29.975495750819533,82.2325652942373,29.978277,82.22998764851485,22.300623,0.385036861312551,5020.8657,5482.5957
RGI2000-v7.0-G-15-03030,,30.006042019019038,82.19962010375502,30.007729,82.19993013077175,24.185488,0.071189301116083,5219.6074,5419.282
RGI2000-v7.0-G-15-03031,,30.011985860454697,82.20660256338329,30.011302999999998,82.20383194207562,22.050741,0.182110368056305,5214.473,5422.195
RGI2000-v7.0-G-15-03032,,30.016766661481416,82.20027580030403,30.0165315,82.20124266297631,34.399258,0.032812679518948,5171.339,5297.3066
RGI2000-v7.0-G-15-03033,,30.024711032720788,82.19574957342097,30.023721000000002,82.19713300379178,26.402235,0.057399601551083,5181.1284,5319.8
RGI2000-v7.0-G-15-03034,,30.027204761168843,82.2012961932746,30.02526,82.19999786009174,34.280033,0.069295933360274,5219.979,5508.8535
RGI2000-v7.0-G-15-03035,,30.04676658949337,82.19741869494402,30.047264499999997,82.19931493765743,27.954403,0.099194430266411,5543.372,5676.066
RGI2000-v7.0-G-15-03036,,30.033379026669095,82.16975589532883,30.032483,82.17118605761317,26.265242,0.058447973361744,5180.61,5313.129
RGI2000-v7.0-G-15-03037,,30.02881088226534,82.13026265012097,30.027054,82.1281711056724,20.414429,0.276963091717625,5030.0366,5257.7695
RGI2000-v7.0-G-15-03038,,30.031639489025792,82.12631418191033,30.0307665,82.12543950609756,30.809967,0.100391274353319,5039.0483,5239.362
RGI2000-v7.0-G-15-03039,,30.02334070710781,82.13061076512437,30.0212615,82.12764959843841,22.352482,0.149998240965614,5192.0317,5417.1265
RGI2000-v7.0-G-15-03040,,30.015463455789448,82.13262044896942,30.016371499999998,82.1298784010181,21.040197,0.0606760944815,5102.1846,5272.0806
RGI2000-v7.0-G-15-03042,,30.11660642199836,82.12672370778111,30.1180285,82.12943654612675,24.682308,0.126452969617307,5325.492,5554.262
RGI2000-v7.0-G-15-03043,,30.11451209884378,82.13906902993531,30.1182775,82.13526033523982,21.34653,0.357203408452072,5329.26,5648.85
RGI2000-v7.0-G-15-03045,,30.111107314475973,82.15274496140495,30.1184765,82.15510043610809,30.468195,0.531334052186226,5236.591,6300.093
RGI2000-v7.0-G-15-03047,,30.099074291426938,82.12615116532838,30.104519,82.1740299382353,22.569605,6.495895719338259,4854.293,6449.778
RGI2000-v7.0-G-15-03048,,30.14767519878531,82.11408855511111,30.1389245,82.15860586033298,22.267014,10.994642934915692,4647.235,6517.7793
RGI2000-v7.0-G-15-03049,,30.128624113439063,82.13083114081365,30.1252925,82.12880941912144,39.570038,0.132985036648035,5050.431,5772.075
RGI2000-v7.0-G-15-03050,,30.171434500547015,82.1532699705096,30.171199,82.15524258649553,24.96249,0.049924416045308,5388.9736,5539.7734
RGI2000-v7.0-G-15-03051,,30.18127543570036,82.1429205494612,30.183790000000002,82.15140202050515,21.093393,0.635673123684163,5241.312,5614.9365
RGI2000-v7.0-G-15-03052,,30.183466964539925,82.15987499133091,30.186304,82.16006918083642,38.172638,0.109238165259408,5473.7056,5994.7544
RGI2000-v7.0-G-15-03053,,30.16526078710593,82.16408110225424,30.1753475,82.17082066597249,25.515728,3.863773754208847,5108.0083,6328.615
RGI2000-v7.0-G-15-03054,,30.17112762642276,82.1809293928776,30.1699085,82.18383914114298,35.46275,0.442207908714191,5569.031,6304.5557
RGI2000-v7.0-G-15-03055,,30.193383988651288,82.14048684029908,30.196471,82.1382245161605,38.749653,0.111223884410194,5403.4907,5977.229
RGI2000-v7.0-G-15-03056,,30.19792979595175,82.11848795211961,30.200971000000003,82.12841348135964,26.149057,1.249481623468413,5165.3135,6113.316
RGI2000-v7.0-G-15-03057,,30.211762410727804,82.09451196412397,30.2101635,82.09432139650538,23.337479,0.086160537795794,5319.135,5493.6157
RGI2000-v7.0-G-15-03059,,30.244248358285496,82.09457438217589,30.244757,82.09821249032566,23.441235,0.102163308701104,5305.203,5565.114
RGI2000-v7.0-G-15-03060,,30.253106690754354,82.09834613749184,30.251592000000002,82.10119041215253,28.556208,0.149166024986809,5303.4966,5638.461
RGI2000-v7.0-G-15-03061,,30.25824485398585,82.1048989011208,30.257203500000003,82.1046931875,29.196152,0.029080227379226,5598.5034,5747.2764
RGI2000-v7.0-G-15-03066,,30.308831548341907,82.11194664137848,30.301151,82.11592670248868,23.235569,0.99719445455832,5395.0747,6125.6265
RGI2000-v7.0-G-15-03068,,30.31451196484355,82.14749577500355,30.313831999999998,82.140582740172,27.318344,0.363690377807238,6162.469,6441.4043
RGI2000-v7.0-G-15-03069,,30.323809948497118,82.1123338664559,30.321795,82.11816185693337,41.770958,0.325256034822886,5472.1655,6200.627
RGI2000-v7.0-G-15-03072,,30.320539067192044,82.02902623864418,30.3209835,82.0299481960306,28.85216,0.025158697256192,5510.693,5613.5493
RGI2000-v7.0-G-15-03073,,30.312905841262797,82.03829922896152,30.3136255,82.0378563836204,24.99748,0.026327690695217,5462.234,5529.6953
RGI2000-v7.0-G-15-03074,,30.30267173834358,82.04425845058145,30.3022925,82.04363802050563,21.598242,0.02636777701096,5524.298,5584.318
RGI2000-v7.0-G-15-03075,,30.31817449796721,82.01723801171697,30.321984,82.01805853896933,36.33081,0.1249818938083,5433.068,5975.7495
RGI2000-v7.0-G-15-03077,,30.31081326848122,81.99978251980389,30.3107585,82.00115373013244,34.60413,0.067803612127711,5416.2573,5665.422
RGI2000-v7.0-G-15-03079,,30.322286366222574,81.9759632744725,30.321823000000002,81.98330781499435,23.781736,0.331618520561445,5407.5073,5871.364
RGI2000-v7.0-G-15-03080,,30.32159395167706,81.9226968020483,30.322922499999997,81.92383271830985,32.554047,0.056614855593862,5675.7197,5868.3013
RGI2000-v7.0-G-15-03081,,30.32494690165612,81.91651618150382,30.323816,81.91932397161528,26.243177,0.110488841770218,5456.8174,5690.519
RGI2000-v7.0-G-15-03082,,30.329915408562492,81.92299437577942,30.328078,81.92321939811146,34.703194,0.153272063957282,5251.423,5579.4185
RGI2000-v7.0-G-15-03084,,30.335184854125515,81.89989894885973,30.3342315,81.90008538141562,27.974602,0.072550935531338,5389.356,5566.2144
RGI2000-v7.0-G-15-03085,,30.339983280595618,81.89567712923262,30.331887000000002,81.89249493819311,21.111717,0.768547502589872,5228.7,5944.441
RGI2000-v7.0-G-15-03086,,30.343458436925363,81.88888703067042,30.3336995,81.88589816644021,21.704792,1.299150908751088,5290.0137,6120.353
RGI2000-v7.0-G-15-03087,,30.327447218948606,81.87872547068478,30.327804999999998,81.88038285948478,34.333332,0.071441711690889,5814.7085,6054.649
RGI2000-v7.0-G-15-03089,,30.30176176938365,81.87126504039091,30.300067499999997,81.87307171617336,23.866924,0.205087947621353,5511.264,5777.3306
RGI2000-v7.0-G-15-03093,,30.2774594995027,81.88071230331545,30.276301,81.88261069711538,24.272331,0.059824447047079,5541.973,5753.0977
RGI2000-v7.0-G-15-03094,,30.27306239359613,81.89154044743482,30.271411,81.89062513957668,31.67308,0.080366931737182,5505.833,5756.913
RGI2000-v7.0-G-15-03095,,30.26043097246415,81.88158815111356,30.260040500000002,81.88270523601011,33.20201,0.036880957802151,5609.6597,5768.663
RGI2000-v7.0-G-15-03099,,30.255811741179194,81.9216379053036,30.253143,81.92065871192412,21.32573,0.231260531761159,5150.9165,5366.0776
RGI2000-v7.0-G-15-03102,,30.2175317238964,81.88185027607125,30.214868,81.8809012016159,39.704063,0.121256642136703,5332.4727,5835.629
RGI2000-v7.0-G-15-03103,,30.206056323237647,81.89173507834157,30.205293500000003,81.89065725142993,24.708313,0.054477553528132,5308.12,5411.646
RGI2000-v7.0-G-15-03104,,30.20268527269862,81.89060068368808,30.2014055,81.89039693922768,42.831615,0.046277066242373,5566.6943,5858.887
RGI2000-v7.0-G-15-03105,,30.20273486924454,81.87883953197706,30.201253,81.88350276682135,28.876904,0.248768838323991,5520.1406,6005.3164
RGI2000-v7.0-G-15-03106,,30.193748709918445,81.87586885224226,30.190820000000002,81.88237751484402,26.794157,0.309529638579043,5484.3975,5962.1387
RGI2000-v7.0-G-15-03110,,30.177314380749685,81.87963573662984,30.179816,81.89155026715125,20.473215,0.899070248257006,5409.0176,6058.5723
RGI2000-v7.0-G-15-03111,,30.173636441182722,81.8920132207591,30.1744645,81.89272295369017,35.646294,0.021594610202314,5882.46,6058.321
RGI2000-v7.0-G-15-03112,,30.159139487409075,81.90807089767446,30.16708,81.90083057504629,23.042015,1.32043921235662,5019.7397,5692.823
RGI2000-v7.0-G-15-03113,,30.16802785223327,81.9159009663951,30.1668725,81.91503455576489,34.087166,0.062230223682483,5337.006,5535.4604
RGI2000-v7.0-G-15-03115,,30.180184133920687,81.94189038916886,30.178373,81.94140005028089,30.842588,0.066464284263409,5056.4136,5257.2397
RGI2000-v7.0-G-15-03116,,30.17921067753815,81.9472676626154,30.17859,81.948604888563,26.182161,0.033853690849206,5214.166,5325.5444
RGI2000-v7.0-G-15-03117,,30.184518190157128,81.96576345797429,30.182547,81.96704888819862,27.639217,0.094178708728889,4992.294,5215.02
RGI2000-v7.0-G-15-03118,,30.186779328104937,81.98120565809614,30.1858935,81.98060283856276,30.52022,0.030824413083103,5082.9404,5200.0386
RGI2000-v7.0-G-15-03119,,30.16425116462604,81.94174578049645,30.162755500000003,81.94118876428865,27.667393,0.086145042156869,5001.652,5171.674
RGI2000-v7.0-G-15-03121,,30.13107626324567,81.85079921167674,30.1415825,81.85165963413243,22.762276,1.070302641011608,4861.872,5749.755
RGI2000-v7.0-G-15-03122,,30.132262445649484,81.84683759274216,30.138862500000002,81.84362883393443,23.960798,0.566578843871277,5047.584,5639.6714
RGI2000-v7.0-G-15-03123,,30.12795404027703,81.83893673728002,30.133541,81.84087497497055,20.232296,0.401362805979163,4955.826,5472.5127
RGI2000-v7.0-G-15-03130,,30.21341802294804,81.80803059844088,30.2111075,81.80686384327902,28.038107,0.069864713978672,5470.3105,5775.8706
RGI2000-v7.0-G-15-03131,,30.207940070898005,81.80062423394116,30.206688,81.80067131263269,42.769745,0.034591130092077,5872.2197,6044.771
RGI2000-v7.0-G-15-03132,,30.204562340642827,81.80518135633024,30.205113,81.80162723723691,32.898735,0.174139881051772,5783.762,6045.597
RGI2000-v7.0-G-15-03133,,30.21370588871311,81.7992879932756,30.209683499999997,81.7939029905462,23.954866,0.931083442660312,5325.842,5963.303
RGI2000-v7.0-G-15-03134,,30.206547577833074,81.78700800857833,30.204867999999998,81.78674670214687,46.45466,0.101919656733783,5751.929,6139.0996
RGI2000-v7.0-G-15-03135,,30.200880339907016,81.7910630492958,30.2021175,81.7888504068323,36.543354,0.132208567887249,5804.275,6174.1904
RGI2000-v7.0-G-15-03136,,30.19420064383496,81.78163830419076,30.1966055,81.7813740715909,39.7253,0.042210934221159,5725.7666,6082.145
RGI2000-v7.0-G-15-03137,,30.19502702253039,81.77747963460786,30.196445,81.77934945653799,38.62594,0.140241579510083,5677.4795,6135.5254
RGI2000-v7.0-G-15-03138,,30.19560953687168,81.77355972120446,30.197329,81.77652809102929,37.147865,0.113853987007995,5599.9453,6017.037
RGI2000-v7.0-G-15-03140,,30.221266472243254,81.77628202042706,30.210527499999998,81.775881,21.421833,1.924579593716764,5346.4404,6164.8486
RGI2000-v7.0-G-15-03141,,30.21308385997828,81.75713051113415,30.20664,81.75809624318964,22.320415,1.107027595304406,5358.648,5857.328
RGI2000-v7.0-G-15-03142,,30.288315614433117,81.80109246115221,30.284982,81.80048471008868,38.63153,0.111985261549822,5356.668,5863.295
RGI2000-v7.0-G-15-03143,,30.288583311725606,81.8098338944794,30.283867,81.8159546544586,30.107855,0.387231473889982,5316.238,5854.5376
RGI2000-v7.0-G-15-03144,,30.28686705571775,81.82153060718673,30.2883455,81.82352022368421,25.51083,0.080891782813812,5631.651,5818.9023
RGI2000-v7.0-G-15-03145,,30.292119014869215,81.83069450575769,30.290599999999998,81.83135673584906,41.25977,0.06474533070234,5574.9956,5863.642
RGI2000-v7.0-G-15-03148,,30.26859719196464,81.8561459182172,30.269835,81.85591327219987,37.621315,0.061654140484431,5825.402,6042.356
RGI2000-v7.0-G-15-03149,,30.32041520829524,81.84696822554314,30.3191035,81.84927517717756,22.803713,0.120792284804702,5542.7583,5746.938
RGI2000-v7.0-G-15-03153,,30.325155758570947,81.81849346673174,30.323149,81.82199827910873,25.487158,0.316013374972676,5545.427,5887.3657
RGI2000-v7.0-G-15-03154,,30.322310737449026,81.829592030508,30.3198235,81.82520854075119,23.845697,0.334272227884711,5573.857,5929.8784
RGI2000-v7.0-G-15-03156,,30.320234823330434,81.81342801082917,30.319263499999998,81.8156318758375,34.77917,0.168324519141009,5627.4795,5890.1846
RGI2000-v7.0-G-15-03157,,30.35519761800366,81.87744710482797,30.359415,81.8768959933551,20.144554,0.38033326390275,5689.1997,6022.342
RGI2000-v7.0-G-15-03158,,30.35498473782453,81.88727830943613,30.357592500000003,81.88725699606815,24.290098,0.098049523720233,5709.853,5961.0767
RGI2000-v7.0-G-15-03161,,30.17532393771011,82.07912026994424,30.174328,82.08041402681314,25.65091,0.039261691989284,5111.088,5224.1016
RGI2000-v7.0-G-15-03162,,30.034871521771567,82.25012000316926,30.0342745,82.25150669529454,28.283594,0.044153831240174,5073.175,5181.396
RGI2000-v7.0-G-15-03163,,30.030666090546667,82.28437071637653,30.028847,82.28615949038462,27.620516,0.050890610234657,5002.9546,5206.582
RGI2000-v7.0-G-15-03164,,30.029385660461774,82.28831858086825,30.0286615,82.28994759976314,35.326477,0.055427330722537,5207.2446,5483.261
RGI2000-v7.0-G-15-03165,,30.02560303720771,82.30403370963772,30.031523,82.3016916227031,22.814655,0.48369433549474,5020.9604,5558.312
RGI2000-v7.0-G-15-03166,,30.034033345113567,82.28265640272365,30.039907499999998,82.29309623442137,24.728851,1.344953506761794,4925.9453,5796.9385
RGI2000-v7.0-G-15-03167,,30.01261011386876,82.29038911591712,30.0123225,82.29274849996663,25.093178,0.07819037128488,5078.298,5266.672
RGI2000-v7.0-G-15-03168,,30.00052760254734,82.28917376233112,30.0001795,82.28742771627937,27.149277,0.074294471417832,5166.753,5352.3467
RGI2000-v7.0-G-15-03169,,30.000311813514088,82.28181068733834,30.0000755,82.28370876861702,28.052027,0.091050706779965,5217.2935,5395.466
RGI2000-v7.0-G-15-03170,,29.986119900331957,82.3074512328784,29.983580500000002,82.30882719767935,22.833729,0.100816409228128,4996.8696,5213.8936
RGI2000-v7.0-G-15-03172,,29.952685578626763,82.31304318181128,29.950541,82.31415827999999,33.96423,0.092377299532281,5042.4033,5458.125
RGI2000-v7.0-G-15-03173,,30.004649812079833,82.32124272323756,30.006052,82.32331043348515,27.467363,0.084682232144631,5127.946,5387.224
RGI2000-v7.0-G-15-03174,,30.012418513762093,82.32496781975306,30.0109985,82.32216371017316,27.350842,0.179599601475738,5037.375,5285.908
RGI2000-v7.0-G-15-03175,,30.015803982208418,82.32010443606279,30.015141999999997,82.31823233523343,30.741173,0.103546999949328,5127.9517,5329.8604
RGI2000-v7.0-G-15-03176,,30.020852500540997,82.30614784377734,30.016033999999998,82.3098568000748,23.773594,0.380096450166176,4943.1836,5342.893
RGI2000-v7.0-G-15-03177,,29.999310154228912,82.38020016817889,30.0077055,82.36663938231828,26.662777,1.1365896096848,4853.946,5793.845
RGI2000-v7.0-G-15-03178,,29.989370953855587,82.3999158682419,29.9865585,82.39825961152836,28.16254,0.198050277275857,5140.2837,5465.869
RGI2000-v7.0-G-15-03181,,30.00577230671268,82.40603640243944,30.0052555,82.41188629546292,34.957573,0.236845341482833,5197.3706,5937.0737
RGI2000-v7.0-G-15-03182,,29.986843679674767,82.42998621797769,29.9882535,82.43423422834852,25.929522,0.204447165945248,5491.7314,5821.349
RGI2000-v7.0-G-15-03184,,29.967627402485206,82.45298158698982,29.9655215,82.45474011340579,27.66974,0.140336944287922,5220.3184,5496.0894
RGI2000-v7.0-G-15-03186,,29.9697459804555,82.39264072106137,29.968398,82.39355019668584,39.045994,0.035814727194018,5107.8916,5311.568
RGI2000-v7.0-G-15-03187,,29.89564147513885,82.3961099258491,29.8925755,82.39629542444447,29.499264,0.276136410408116,4914.9033,5298.7163
RGI2000-v7.0-G-15-03188,,29.88468427399278,82.39668965134732,29.882703,82.40420471933469,22.698225,0.301120529866277,5109.32,5596.3506
RGI2000-v7.0-G-15-03189,,29.884402127719977,82.41195202490725,29.883087500000002,82.4102727584908,31.37243,0.08870334646704,5071.2207,5314.393
RGI2000-v7.0-G-15-03190,,29.875013800518122,82.38944007118255,29.870776,82.39674992682927,20.846529,0.74508261798512,5019.896,5360.6323
RGI2000-v7.0-G-15-03191,,29.874023959593263,82.37750384531164,29.8710565,82.3799774459699,25.80233,0.283754436952035,4917.711,5315.626
RGI2000-v7.0-G-15-03192,,29.873066147629338,82.37401732626672,29.870804,82.375501737191,28.053358,0.229277827225877,4847.3965,5193.204
RGI2000-v7.0-G-15-03193,,29.872822935569516,82.36976238978833,29.869619,82.37065177137167,32.630085,0.157010666558679,4864.5713,5354.075
RGI2000-v7.0-G-15-03194,,29.858167767928947,82.36990171653837,29.8614855,82.3677874002849,24.543917,0.673309389534811,5176.8887,5618.4126
RGI2000-v7.0-G-15-03195,,29.857781218319193,82.36285557861132,29.8597,82.3616585147936,28.491714,0.126385997411882,5277.377,5494.778
RGI2000-v7.0-G-15-03196,,29.85557032574832,82.3626620012773,29.858846,82.35695859414841,23.387861,0.356283498182873,5127.9365,5554.8364
RGI2000-v7.0-G-15-03197,,29.850950261364027,82.34972087252241,29.8509445,82.34878922976408,22.09512,0.028980612048598,5218.7983,5289.8867
RGI2000-v7.0-G-15-03198,,29.8479456815689,82.33732852905598,29.847762,82.34384623307486,24.57097,0.171275281305238,4859.4424,5178.6274
RGI2000-v7.0-G-15-03199,,29.84649913224324,82.33710272217158,29.84592,82.33835207522125,36.52284,0.075422222306051,4889.0947,5059.249
RGI2000-v7.0-G-15-03200,,29.840576417847675,82.33937605912386,29.841949999999997,82.33943487642426,27.111025,0.084881608492828,5130.625,5397.078
RGI2000-v7.0-G-15-03201,,29.839807304160853,82.32722383254674,29.835561,82.32708615903756,27.524984,0.23231263631144,4878.9155,5386.999
RGI2000-v7.0-G-15-03202,,29.8391125123965,82.32281897898977,29.8359145,82.32364930564732,29.163582,0.300877164092198,4851.7544,5326.716
RGI2000-v7.0-G-15-03203,,29.83247158045303,82.33134695524274,29.830788,82.3295397078736,24.399466,0.137446673055827,5005.1743,5242.3926
RGI2000-v7.0-G-15-03204,,29.83643262923837,82.31343590334747,29.834241499999997,82.31425731548431,23.704727,0.152927594554004,4608.6514,4835.587
RGI2000-v7.0-G-15-03205,,29.84025981389667,82.30456009615547,29.8363805,82.30544519185487,31.927385,0.299945322296504,4267.277,4770.178
RGI2000-v7.0-G-15-03206,,29.84235919371535,82.29970600467567,29.8360095,82.29525728869217,33.614353,0.478965174692403,4185.1973,5322.94
RGI2000-v7.0-G-15-03207,,29.831539051296826,82.28361688452092,29.831248000000002,82.28511658012343,42.40284,0.044946210733032,5100.1504,5381.656
RGI2000-v7.0-G-15-03208,,29.834074519398126,82.28056498818684,29.8357305,82.28167605606731,31.47698,0.06384244342341,4947.755,5208.8306
RGI2000-v7.0-G-15-03209,,29.822790238839502,82.28491192189642,29.823224500000002,82.2862716215035,37.681625,0.030131586003566,4720.2744,5052.236
RGI2000-v7.0-G-15-03210,,29.826428893239946,82.29464063515007,29.825968500000002,82.29566108312183,48.485947,0.02176039869544,5625.9077,5802.841
RGI2000-v7.0-G-15-03211,,29.829706269397583,82.2981080252111,29.8266165,82.3004406078112,45.192417,0.211510870336154,5389.632,6021.7812
RGI2000-v7.0-G-15-03212,,29.82200422263763,82.3091432716839,29.820513,82.30503732926371,35.56701,0.263134552444506,4885.7695,5500.443
RGI2000-v7.0-G-15-03213,,29.8190378898645,82.31063650828253,29.816665999999998,82.30837340298507,42.82674,0.153796525980547,4892.531,5483.73
RGI2000-v7.0-G-15-03214,,29.804631242734036,82.30426397930522,29.812357,82.30345649203187,28.88476,0.679616452753861,4749.686,5743.765
RGI2000-v7.0-G-15-03215,,29.80884968756413,82.29924967512883,29.8107215,82.29766887369303,34.910088,0.111296271588446,5135.875,5503.9546
RGI2000-v7.0-G-15-03216,,29.810718566407814,82.29440273058948,29.8131285,82.29718005421199,30.268831,0.095383876338294,5241.4775,5603.193
RGI2000-v7.0-G-15-03217,,29.814968073044845,82.28907133369177,29.813098500000002,82.289895208227,23.245817,0.093470971113068,4770.2236,4906.8384
RGI2000-v7.0-G-15-03218,,29.811808148253345,82.28853301846192,29.8100095,82.28740471428571,29.558807,0.198097045981096,4825.914,5074.33
RGI2000-v7.0-G-15-03219,,29.811467320354453,82.27704975620527,29.806624,82.27984592681425,23.719606,0.377343760485099,4709.1055,5149.4766
RGI2000-v7.0-G-15-03220,,29.796421904837434,82.2857098165876,29.7992505,82.28345175550378,22.996996,0.202712614455906,4947.8345,5181.186
RGI2000-v7.0-G-15-03221,,29.805003011903107,82.26492755787154,29.804372,82.26304705569035,35.1885,0.042356462194814,5154.52,5394.4404
RGI2000-v7.0-G-15-03222,,29.800805439635614,82.26348531481476,29.801513999999997,82.2599876859756,31.727333,0.190044240100825,5049.044,5401.364
RGI2000-v7.0-G-15-03223,,29.797638377891584,82.26425031104297,29.7968165,82.25837488153867,26.689762,0.233767878220032,4945.935,5379.817
RGI2000-v7.0-G-15-03225,,29.79186746847925,82.26138051501341,29.790731,82.26009047700298,28.912691,0.034256987829457,4993.73,5121.8237
RGI2000-v7.0-G-15-03226,,29.791454833974257,82.25453663066072,29.7928985,82.25267831134173,33.09318,0.213373108136583,5008.787,5429.026
RGI2000-v7.0-G-15-03227,,29.81063476270374,82.24111398627157,29.801529000000002,82.24708508463252,26.43612,0.783973301277078,4451.628,5483.6245
RGI2000-v7.0-G-15-03228,,29.81016638234764,82.2441195924216,29.8034525,82.25149952990768,24.46159,0.65275166257677,4539.359,5388.853
RGI2000-v7.0-G-15-03229,,29.808623545943664,82.25522902946251,29.807332000000002,82.2545235,35.744427,0.026076986242392,4998.594,5163.656
RGI2000-v7.0-G-15-03230,,29.807318130877093,82.2575487109105,29.8064545,82.25696167384106,41.93248,0.017297895400023,5049.7773,5238.6763
RGI2000-v7.0-G-15-03231,,29.80795415470223,82.26015051296069,29.806365,82.25910167913607,34.90036,0.067178891298838,5043.5596,5321.5576
RGI2000-v7.0-G-15-03232,,29.805454740999256,82.23550690963663,29.8003875,82.23553482133627,20.86278,0.511243444559278,4695.604,5052.0723
RGI2000-v7.0-G-15-03233,,29.79482867332006,82.23761038384367,29.7939555,82.23762103457109,47.389343,0.019925671934903,5085.78,5274.8857
RGI2000-v7.0-G-15-03234,,29.797095365693828,82.22647275718413,29.7965025,82.22866681291029,39.87239,0.037511946617375,4833.2007,5081.0073
RGI2000-v7.0-G-15-03236,,29.73235543704835,82.2360661773898,29.73077,82.23665825174825,27.148966,0.045754017311589,4990.708,5135.5493
RGI2000-v7.0-G-15-03237,,29.72896359048893,82.23284643749413,29.728088999999997,82.23377482615385,37.422623,0.034772561265642,5170.201,5358.2217
RGI2000-v7.0-G-15-03238,,29.73712179258492,82.23131805726338,29.7303625,82.22946195962908,21.787382,0.41815140635806,4756.4756,5385.488
RGI2000-v7.0-G-15-03239,,29.73244633023636,82.2260985645632,29.731558,82.22571346309964,26.663645,0.02130654764222,5019.184,5113.699
RGI2000-v7.0-G-15-03240,,29.722084938533996,82.23343449525585,29.720378,82.23028072114772,28.685047,0.163742607737358,5043.337,5313.74
RGI2000-v7.0-G-15-03241,,29.71890233015807,82.21897275485,29.7162055,82.22503826809245,23.241362,0.334455667395914,4741.6577,5234.1265
RGI2000-v7.0-G-15-03242,,29.716023752460057,82.22018965119703,29.7136615,82.22343121402213,25.544786,0.135618142486466,4875.126,5173.868
RGI2000-v7.0-G-15-03243,,29.711665454176355,82.21916184543568,29.7100765,82.22147704359786,25.482899,0.090647704843849,4837.7896,5074.043
RGI2000-v7.0-G-15-03244,,29.706278097945905,82.22904071327916,29.708441999999998,82.22719194956413,20.727589,0.123736323854405,5012.307,5204.8125
RGI2000-v7.0-G-15-03245,,29.713296837166286,82.23152688263662,29.712931,82.2300570205207,25.26839,0.088113024184771,5046.626,5203.563
RGI2000-v7.0-G-15-03246,,29.70717550267211,82.2549933095443,29.705194,82.25650830437024,34.350914,0.093956560935861,4798.0854,5155.469
RGI2000-v7.0-G-15-03247,,29.71316103954202,82.25926155113463,29.71087,82.26088696202979,25.321949,0.122188325638376,4850.362,5063.4233
RGI2000-v7.0-G-15-03248,,29.719295810357433,82.26136344605825,29.7133855,82.2662194516527,31.053314,0.674751131196605,4789.4805,5652.7734
RGI2000-v7.0-G-15-03249,,29.728752582745596,82.26735664199789,29.7199205,82.27237748182316,21.770702,1.222758405285672,4756.184,5490.484
RGI2000-v7.0-G-15-03250,,29.716599701907906,82.27694180812243,29.7183245,82.27597493864465,21.806086,0.087212829050911,5120.0723,5274.936
RGI2000-v7.0-G-15-03251,,29.723750838574414,82.28298838663372,29.7226565,82.28127756716745,22.057491,0.078381954859891,5032.3066,5170.5835
RGI2000-v7.0-G-15-03252,,29.735001611422234,82.27364022287624,29.731762500000002,82.27614908388878,29.463367,0.181270159957231,4816.286,5328.108
RGI2000-v7.0-G-15-03253,,29.735548657388662,82.27680834467876,29.733262500000002,82.27991269824037,23.0167,0.213099736299372,4868.6797,5150.9863
RGI2000-v7.0-G-15-03254,,29.747740648578784,82.28094412925161,29.745086,82.28062047894232,23.903181,0.109349283179511,4969.1826,5221.091
RGI2000-v7.0-G-15-03255,,29.707019957593253,82.27667385602655,29.7060805,82.27336386253603,20.36195,0.155449445190056,5009.2603,5232.2534
RGI2000-v7.0-G-15-03256,,29.699698937475496,82.26947164002941,29.700148499999997,82.26661168253361,21.1628,0.081648453133217,5041.7563,5207.069
RGI2000-v7.0-G-15-03257,,29.697430340110394,82.26011674782642,29.6994175,82.26139389284708,26.774303,0.120898882474564,5003.4854,5223.158
RGI2000-v7.0-G-15-03258,,29.687877764789704,82.247096059302,29.6851965,82.24657113328846,28.209034,0.124326914727107,4807.1865,5076.7124
RGI2000-v7.0-G-15-03260,,29.690323697601404,82.23890654181854,29.684312,82.23867111610744,23.929474,0.805798303072055,4747.1777,5289.8364
RGI2000-v7.0-G-15-03261,,29.686911195339775,82.23091872434726,29.685754000000003,82.23067053964942,27.99134,0.050627674960419,4995.067,5179.737
RGI2000-v7.0-G-15-03263,,29.691838063262086,82.28697293427916,29.6911475,82.28543813012806,30.92247,0.037587326950548,4944.389,5061.9614
RGI2000-v7.0-G-15-03264,,29.695909799458295,82.3007154108445,29.6955165,82.29928804369344,22.83542,0.04164452084126,5067.5493,5164.353
RGI2000-v7.0-G-15-03267,,29.707088359152117,82.31378049639059,29.708382999999998,82.31252397518247,20.280762,0.079716717932776,4999.756,5111.792
RGI2000-v7.0-G-15-03268,,29.712335811258065,82.30736483802221,29.7094205,82.30827256996744,25.983997,0.108788122060702,4795.7324,5124.0234
RGI2000-v7.0-G-15-03269,,29.71484213461687,82.30924174798092,29.712646999999997,82.31146893183306,31.615824,0.08676694608734,4853.9834,5111.9424
RGI2000-v7.0-G-15-03270,,29.718288814651707,82.33053124309697,29.715857999999997,82.33176738410596,32.045116,0.118461444705569,4693.4526,5026.723
RGI2000-v7.0-G-15-03271,,29.72020351888092,82.33301563223381,29.7181765,82.33552332765879,23.457855,0.134637674501084,4693.1646,4973.4355
RGI2000-v7.0-G-15-03272,,29.721063170923294,82.35152239534273,29.716746,82.34607316987002,23.452126,0.998454880158392,4794.172,5274.4673
RGI2000-v7.0-G-15-03273,,29.719498336480715,82.3536780284274,29.714902000000002,82.35348462201067,22.666664,0.242357952355588,4865.3633,5207.489
RGI2000-v7.0-G-15-03274,,29.707590230159635,82.35090942276487,29.7089875,82.35055676680403,27.436857,0.043830804860384,5056.1196,5191.96
RGI2000-v7.0-G-15-03275,,29.71401422836663,82.36507501382539,29.708467,82.36173838629017,20.10632,1.085380079348593,4804.6914,5268.676
RGI2000-v7.0-G-15-03276,,29.71386931218182,82.36786712638798,29.7101695,82.3687541409114,22.863337,0.191918041548719,4904.8403,5158.9927
RGI2000-v7.0-G-15-03277,,29.700761703429542,82.36415085018749,29.702129,82.36354934448394,28.52113,0.040289412199126,5059.5503,5224.7725
RGI2000-v7.0-G-15-03278,,29.718125731285276,82.38081939858418,29.7068735,82.38230360494063,25.008867,3.153798186494505,4568.192,5717.1885
RGI2000-v7.0-G-15-03279,,29.72193490383836,82.37908016518696,29.711348,82.39508360294117,24.690535,2.057331356857378,4475.591,5675.6333
RGI2000-v7.0-G-15-03280,,29.707223447109886,82.4007858666467,29.7063895,82.40162956617647,31.991789,0.063328363965418,5248.152,5409.6416
RGI2000-v7.0-G-15-03281,,29.700372352707408,82.4224899334654,29.700012,82.40229847193004,25.005438,1.398510309607993,4489.9766,5567.2305
RGI2000-v7.0-G-15-03282,,29.684319123353127,82.41263599172042,29.6890255,82.40416716776315,27.061588,1.067779187210036,4780.403,5603.5376
RGI2000-v7.0-G-15-03283,,29.680820668362482,82.39277617998621,29.6826035,82.39846658343396,35.847874,0.202992394276092,4861.9624,5468.358
RGI2000-v7.0-G-15-03284,,29.685071423672063,82.38900583071559,29.6872645,82.39384560280368,33.324154,0.502376951736703,4686.994,5441.991
RGI2000-v7.0-G-15-03285,,29.688825982064298,82.39024588075556,29.6915925,82.39059028947369,33.46154,0.256793659014423,4901.2866,5399.4927
RGI2000-v7.0-G-15-03287,,29.671170904367646,82.39882295577209,29.670658500000002,82.39806034625408,33.998535,0.029449261393715,5244.679,5384.0327
RGI2000-v7.0-G-15-03288,,29.66283132769735,82.39674596535366,29.665636,82.397716620317,27.410076,0.147280425030675,5005.483,5286.73
RGI2000-v7.0-G-15-03289,,29.6655558023916,82.3902433742947,29.666933,82.3929333076706,29.71031,0.169426447342725,4952.4487,5386.9243
RGI2000-v7.0-G-15-03290,,29.7049838986703,82.41260130258784,29.711106,82.41005890218682,36.597355,0.341502548236612,4855.6606,5564.47
RGI2000-v7.0-G-15-03291,,29.720878667763778,82.40001560959153,29.722737000000002,82.40097092757937,28.980843,0.098543263722788,5096.825,5346.7783
RGI2000-v7.0-G-15-03292,,29.73272083680914,82.39389047570519,29.730128,82.39675674211793,31.098858,0.223910584405737,4987.7056,5393.43
RGI2000-v7.0-G-15-03293,,29.737839768737516,82.4053094048794,29.739337,82.40584275641027,31.342104,0.078129083895025,5222.8687,5410.7085
RGI2000-v7.0-G-15-03294,,29.741575582512038,82.41360807471834,29.7419285,82.41239860235012,39.213737,0.036278330084857,5035.147,5219.9697
RGI2000-v7.0-G-15-03295,,29.750188674189598,82.41104210143158,29.74739,82.41132989438843,30.662575,0.208785286096196,4815.4,5232.336
RGI2000-v7.0-G-15-03296,,29.751469606200555,82.40792277538843,29.7513745,82.40661718191721,37.29926,0.0812467368751,4698.6157,4950.4805
RGI2000-v7.0-G-15-03298,,29.737574395567144,82.37945679649003,29.742347,82.37845967102962,32.274254,0.363911108167887,4978.9253,5554.1426
RGI2000-v7.0-G-15-03300,,29.75032021833971,82.35178680367956,29.7538225,82.35421382219828,39.072914,0.25969516192468,5071.3975,5827.28
RGI2000-v7.0-G-15-03301,,29.777892617706417,82.33469693286584,29.767267,82.35513028732912,22.983477,4.291270585132846,4572.226,5730.428
RGI2000-v7.0-G-15-03302,,29.77652702577841,82.35436360108883,29.7785495,82.35686720618247,35.376377,0.16081752693846,5079.5415,5628.223
RGI2000-v7.0-G-15-03303,,29.778174221961386,82.3502349224798,29.782254000000002,82.35344762683823,23.69465,0.502922321566262,5028.767,5552.4697
RGI2000-v7.0-G-15-03304,,29.784469556339467,82.3435631358748,29.7867375,82.3472485,35.593945,0.18416354278395,5035.6094,5681.0493
RGI2000-v7.0-G-15-03305,,29.793374952069044,82.3421179767676,29.791638,82.34352468594105,35.61199,0.127851306116269,5182.9263,5606.1514
RGI2000-v7.0-G-15-03306,,29.80212678837739,82.3456537457874,29.7985355,82.3476928125,31.751028,0.130931266208219,4806.041,5291.7637
RGI2000-v7.0-G-15-03307,,29.808969134017623,82.35474182566526,29.798218,82.35737829206218,20.064884,1.323520020411658,4738.8174,5500.1743
RGI2000-v7.0-G-15-03308,,29.787783083037755,82.36675452515671,29.7862585,82.3633013062734,30.518116,0.219357903561262,4944.618,5386.732
RGI2000-v7.0-G-15-03309,,29.784525402842984,82.36933111188355,29.781862,82.36657046988535,33.882732,0.201122503255572,4888.334,5371.5967
RGI2000-v7.0-G-15-03310,,29.782694135258573,82.37731775702798,29.775465500000003,82.37695585547985,22.301184,0.605489831496946,4632.367,5302.4946
RGI2000-v7.0-G-15-03311,,29.776229757427355,82.38383219466691,29.7711195,82.38394255716594,26.437078,0.412838225301095,4858.7295,5428.034
RGI2000-v7.0-G-15-03312,,29.765340057688668,82.38486667953747,29.765044000000003,82.38704721256113,27.92376,0.054586944796418,5345.0586,5498.1494
RGI2000-v7.0-G-15-03313,,29.776561486240308,82.39242965499722,29.768741,82.39618408426132,21.994183,1.96401402672002,4893.938,5473.3047
RGI2000-v7.0-G-15-03315,,29.780589845964066,82.3995991396547,29.781001,82.40448712048675,20.446743,0.593570514074259,5203.236,5616.1357
RGI2000-v7.0-G-15-03316,,29.783534599118024,82.39320610028271,29.7877835,82.39695965265977,20.31461,0.614591443712222,5145.1865,5607.188
RGI2000-v7.0-G-15-03317,,29.795615515069418,82.39218864192543,29.797893000000002,82.39767321986608,21.925453,0.532729710725856,5162.949,5495.9014
RGI2000-v7.0-G-15-03319,,29.80894488596347,82.39192573695748,29.816287,82.40091479066528,23.918612,0.988672780877895,5000.6064,5815.667
RGI2000-v7.0-G-15-03320,,29.82095571117108,82.38660858085053,29.8228175,82.39249299758065,31.895536,0.139664631876349,5205.715,5843.056
RGI2000-v7.0-G-15-03321,,29.82531656608912,82.3852991272643,29.826123000000003,82.3876851020979,31.93545,0.056048149079871,5002.5845,5136.7554
RGI2000-v7.0-G-15-03322,,29.824585479863366,82.40742949707422,29.8275785,82.4003791384778,29.315546,0.462042087203024,5059.1426,5753.546
RGI2000-v7.0-G-15-03324,,29.812024504317506,82.43032311047645,29.811909,82.42809255791937,27.633047,0.035725705955415,5325.5107,5465.5303
RGI2000-v7.0-G-15-03325,,29.80642180784723,82.43300751561004,29.8051605,82.42876981283905,27.127508,0.359220760910911,5035.683,5399.4727
RGI2000-v7.0-G-15-03328,,29.786233710427535,82.41902005473638,29.7897645,82.41072185181451,25.231665,0.760826886769043,4857.5894,5390.6914
RGI2000-v7.0-G-15-03329,,29.786076905380224,82.44429817514221,29.7840575,82.44434681032658,26.546692,0.065923371546658,5116.7266,5321.9546
RGI2000-v7.0-G-15-03330,,29.78848829126869,82.44923845820384,29.786331,82.45018514933629,30.237137,0.125572204748569,4969.7827,5256.733
RGI2000-v7.0-G-15-03333,,29.800149337982745,82.45895798139814,29.7993245,82.45772037889115,35.383408,0.026040490410857,5143.852,5300.294
RGI2000-v7.0-G-15-03334,,29.810598184191125,82.4411964057727,29.8138885,82.44041975671911,24.666428,0.202962035245176,5248.971,5511.755
RGI2000-v7.0-G-15-03335,,29.815109975939954,82.44789338594704,29.81728,82.44146172048966,22.345053,0.540024971552779,5148.709,5551.715
RGI2000-v7.0-G-15-03336,,29.822704951200368,82.43196745766707,29.821376,82.43539313843844,28.580128,0.364953414943015,5122.3765,5567.927
RGI2000-v7.0-G-15-03337,,29.825667096579952,82.42508901660243,29.81889,82.42800530803572,21.464314,0.666518549144623,4880.749,5400.1367
RGI2000-v7.0-G-15-03339,,29.85678263328793,82.45211561056601,29.857809,82.45314068388538,34.91795,0.036614624976474,5259.953,5425.403
RGI2000-v7.0-G-15-03340,,29.858473556127365,82.45886218686721,29.859668999999997,82.45834455403822,33.097153,0.076948123051027,5195.705,5384.549
RGI2000-v7.0-G-15-03341,,29.867289098657555,82.44755646085375,29.866747,82.4523634435614,24.65586,0.833699324222729,5065.4214,5614.2407
RGI2000-v7.0-G-15-03342,,29.87086814204992,82.46693500968814,29.8696045,82.46589334154413,25.56791,0.090847541247551,5050.2593,5362.935
RGI2000-v7.0-G-15-03343,,29.880975934897794,82.46609516280029,29.8805435,82.46507050863059,38.40095,0.028105582670014,5329.4873,5479.235
RGI2000-v7.0-G-15-03344,,29.893356245317403,82.46187532175175,29.887284,82.458487334904,23.190449,0.647939421829705,5005.5464,5702.2573
RGI2000-v7.0-G-15-03345,,29.887324232024387,82.45415406213209,29.88739,82.45149629763672,33.519756,0.087854157328956,5358.581,5727.9365
RGI2000-v7.0-G-15-03346,,29.894504471556928,82.44994957727823,29.8928735,82.449803877262,40.471962,0.07289520933313,5315.0415,5603.258
RGI2000-v7.0-G-15-03347,,29.89362155167855,82.44194802287379,29.8905735,82.44354489562119,38.457767,0.119975416984864,5120.9136,5757.2393
RGI2000-v7.0-G-15-03348,,29.90197397984988,82.4522938149056,29.899937,82.45358605040246,27.692007,0.090181375949302,4938.937,5151.3066
RGI2000-v7.0-G-15-03349,,29.918723107889196,82.51217437460085,29.923310999999998,82.51209532885747,29.001364,0.443994272366755,5084.9595,5803.6104
RGI2000-v7.0-G-15-03350,,29.92061149824029,82.51863363719673,29.922237,82.52022219924879,36.319004,0.077727609892012,5499.337,5768.5415
RGI2000-v7.0-G-15-03351,,29.92382285260422,82.52245977343827,29.9242465,82.52038362220497,31.467482,0.101720666877599,5583.9624,5767.6895
RGI2000-v7.0-G-15-03352,,29.919179317371352,82.52202819452731,29.920207,82.52248831589061,30.63686,0.03362193761819,5579.104,5707.6333
RGI2000-v7.0-G-15-03353,,29.919040757376415,82.58249829587369,29.9201385,82.58467042149104,33.330128,0.06105681898739,5429.8086,5782.709
RGI2000-v7.0-G-15-03355,,29.90902351996236,82.6128235790315,29.900678,82.60280819498607,21.440826,1.701399013057852,5149.384,5814.0635
RGI2000-v7.0-G-15-03356,,29.889577151660404,82.59950720453183,29.8902815,82.60078832397551,36.29893,0.046583227596671,5471.332,5702.5547
RGI2000-v7.0-G-15-03357,,29.885349400774246,82.60396935138071,29.887105499999997,82.60278864908597,28.987495,0.069422584194154,5456.5337,5664.9497
RGI2000-v7.0-G-15-03358,,29.882394750341014,82.60772322767923,29.8837885,82.60740307595967,20.510649,0.036752612471989,5399.7183,5480.153
RGI2000-v7.0-G-15-03363,,29.87373924177592,82.66437184424765,29.881664,82.65385197042602,25.423073,1.859894570288559,5445.197,6369.9614
RGI2000-v7.0-G-15-03364,,29.867710346663873,82.649299275572,29.869203499999998,82.64598168277311,41.727894,0.404473755703257,5757.1016,6359.534
RGI2000-v7.0-G-15-03365,,29.862304068273655,82.64359035588768,29.863761500000003,82.64243417706913,42.383656,0.142746935218466,6080.0054,6365.1816
RGI2000-v7.0-G-15-03366,,29.858604001010494,82.64378159503413,29.860428,82.63830682103321,42.034134,0.151778642521256,5816.86,6313.3774
RGI2000-v7.0-G-15-03367,,29.852879992533307,82.60471748581114,29.8611955,82.61604784065781,25.000683,4.635356715146703,4811.3013,6226.1084
RGI2000-v7.0-G-15-03369,,29.80740968689339,82.64384915185575,29.8223215,82.6348600392208,20.782795,1.810585221380859,4931.4487,6264.9014
RGI2000-v7.0-G-15-03370,,29.821279597559997,82.64379055261871,29.824806000000002,82.64513038950804,37.00276,0.434297309718898,5600.404,6147.539
RGI2000-v7.0-G-15-03371,,29.816385864352664,82.6493587768301,29.818700999999997,82.64884755536676,30.061132,0.128105894230928,5425.417,5702.4927
RGI2000-v7.0-G-15-03372,,29.808386045361612,82.66377476772321,29.823414,82.65684755735748,26.023726,2.804054540874571,4727.0127,6326.5522
RGI2000-v7.0-G-15-03373,,29.825735513453374,82.67108936800726,29.834224,82.6623755,22.809765,1.358266288302317,5139.089,6025.942
RGI2000-v7.0-G-15-03374,,29.823953899012338,82.68149417978816,29.8340915,82.67547754028828,28.908272,0.872009646145757,4948.635,6172.9897
RGI2000-v7.0-G-15-03375,,29.833758388126554,82.67802664190783,29.835487999999998,82.67882632426304,38.979156,0.031348928097843,5422.0073,5715.528
RGI2000-v7.0-G-15-03376,,29.840083021017627,82.67566617212724,29.840522999999997,82.67716339275766,24.610828,0.094293420316872,5663.7104,5830.706
RGI2000-v7.0-G-15-03378,,29.859217112242227,82.66692823543778,29.857751999999998,82.66903169117647,27.255053,0.085361224964464,5653.4736,5846.6123
RGI2000-v7.0-G-15-03380,,29.872899504541095,82.69065644084725,29.871374000000003,82.69013739764551,38.470203,0.080579483787175,5757.9683,5996.613
RGI2000-v7.0-G-15-03382,,29.808865739701538,82.73850152100272,29.811003,82.73711928181817,43.438923,0.101972490305287,5672.151,6146.647
RGI2000-v7.0-G-15-03384,,29.801971595749333,82.75382381058955,29.800202,82.75368702557708,40.893112,0.047206875344733,5483.6313,5811.9346
RGI2000-v7.0-G-15-03385,,29.79836714513063,82.7619238053808,29.791663999999997,82.7589900826923,34.245396,0.421026340920293,5661.4927,6410.664
RGI2000-v7.0-G-15-03389,,29.809411932021593,82.77128823122095,29.8070605,82.77354802165354,31.580475,0.143052306852432,5792.368,6143.0435
RGI2000-v7.0-G-15-03392,,29.758491137127457,82.8087823886164,29.75769,82.81145111731902,37.945465,0.044069456107332,5803.983,6142.408
RGI2000-v7.0-G-15-03393,,29.760456301869773,82.81230829982628,29.760179,82.81380925948133,37.83878,0.078401195837644,5970.401,6206.4746
RGI2000-v7.0-G-15-03394,,29.76827537330299,82.82139659336453,29.7638805,82.82161514438913,38.486977,0.255940935741507,5544.491,6175.4546
RGI2000-v7.0-G-15-03396,,29.731393133093658,82.84464984732703,29.73274,82.84479379497529,38.988644,0.073719208797299,5910.3506,6177.4126
RGI2000-v7.0-G-15-03398,,29.69492765545904,82.81072478099298,29.69764,82.81486498274074,40.330597,0.100395370385503,5353.496,6172.822
RGI2000-v7.0-G-15-03399,,29.687312111324783,82.81176158337149,29.688409999999998,82.81296017766459,23.458786,0.039252058513888,5255.0366,5375.7134
RGI2000-v7.0-G-15-03400,,29.68334599697551,82.81250629927791,29.6895605,82.82253558702213,31.71411,1.092278976814365,5136.1973,6213.8286
RGI2000-v7.0-G-15-03401,,29.674388528732855,82.82217229472809,29.6818405,82.8218537342246,26.844866,0.784648923624771,5232.5674,6205.309
RGI2000-v7.0-G-15-03402,,29.67244387137548,82.82627690906719,29.673883500000002,82.82683789989939,32.449047,0.055284344537095,5500.0254,5676.4956
RGI2000-v7.0-G-15-03403,,29.67886130271599,82.8379011730457,29.685407,82.83589946557561,34.957054,1.740325164421998,5193.238,6335.8984
RGI2000-v7.0-G-15-03404,,29.673223995323738,82.8464487988995,29.6811985,82.84765165971834,38.636868,0.640420893117301,5167.674,6381.8193
RGI2000-v7.0-G-15-03405,,29.66632698116964,82.86891736870425,29.677247,82.86109450851788,29.380959,1.752760879229342,5219.247,6386.5596
RGI2000-v7.0-G-15-03407,,29.660419365172874,82.8659861471687,29.6633775,82.86208253793953,22.913092,0.220897704779261,5343.1284,5680.3184
RGI2000-v7.0-G-15-03408,,29.676087965625626,82.87211634803306,29.680077,82.86986304493605,26.16084,0.191493869459076,5402.472,5798.8696
RGI2000-v7.0-G-15-03411,,29.69143675713939,82.91731914391686,29.698909999999998,82.91541217776935,33.79297,0.947099978452389,5315.3755,6262.662
RGI2000-v7.0-G-15-03412,,29.6790245070363,82.93590480271135,29.677058,82.93951420361091,41.35405,0.212402029682422,5486.8633,6090.1055
RGI2000-v7.0-G-15-03413,,29.668216546390276,82.9364837864064,29.670340500000002,82.93743135368663,32.19065,0.156101356312081,5765.791,6140.51
RGI2000-v7.0-G-15-03414,,29.666931391844617,82.9428200246706,29.6692785,82.94171966468598,32.399326,0.089325115099379,5572.983,5823.6113
RGI2000-v7.0-G-15-03415,,29.661649415009606,82.92880914840788,29.6588605,82.9378803959195,27.24989,0.983664497665263,5302.941,5996.1743
RGI2000-v7.0-G-15-03416,,29.64809633960964,82.92776434605616,29.6504415,82.92875916708607,31.11156,0.19816606800896,5678.818,5998.912
RGI2000-v7.0-G-15-03417,CN5O257C0176,29.6476603986303,83.04050708435973,29.6454445,83.0398971332041,26.980083,0.089838511847166,5603.3164,5826.7437
RGI2000-v7.0-G-15-03418,,29.641971968167965,83.04556266949811,29.640045,83.04456334253558,25.208885,0.101663698050974,5539.0586,5761.26
RGI2000-v7.0-G-15-03419,,29.63339476133136,83.04659852350458,29.63215,83.04618044119735,39.37413,0.050055341082774,5459.9985,5752.5625
RGI2000-v7.0-G-15-03420,,29.63301499527327,83.04942122798452,29.631375,83.04964876476015,41.912407,0.060257604685124,5546.2925,5840.055
RGI2000-v7.0-G-15-03421,,29.59276401033054,83.0512198870443,29.591924499999998,83.0526216768537,25.827406,0.072833355568377,5546.07,5718.151
RGI2000-v7.0-G-15-03423,,29.637041337037495,82.79362681039578,29.6360365,82.79553077756479,28.15539,0.197731910825204,5442.6978,5721.168
RGI2000-v7.0-G-15-03424,,29.636611777692554,82.78909255275843,29.6406715,82.79398717731827,25.627653,0.576847970083802,5175.53,5711.0293
RGI2000-v7.0-G-15-03426,,29.620087123062916,82.76917891440404,29.6189065,82.77136744054053,41.011448,0.047134257792121,5254.262,5581.034
RGI2000-v7.0-G-15-03427,,29.62148784663847,82.76568107155074,29.617843999999998,82.76588346460917,36.695843,0.38257620026476,5043.355,5729.2285
RGI2000-v7.0-G-15-03428,,29.61397561929336,82.7568127533694,29.611725999999997,82.75854200339563,31.12709,0.117544499797351,5439.9,5780.655
RGI2000-v7.0-G-15-03429,,29.685288743026895,82.79466280238377,29.703998499999997,82.80485742592471,22.408728,5.643794668591867,4793.4277,6423.255
RGI2000-v7.0-G-15-03430,,29.70257443278503,82.77308310180307,29.7139175,82.77765216998478,30.196407,1.331907342963591,4916.328,6202.3223
RGI2000-v7.0-G-15-03431,,29.723503729417143,82.76034297092433,29.727106,82.75916021594861,27.775297,0.184932341478105,5302.1216,5873.4365
RGI2000-v7.0-G-15-03432,,29.734996917368925,82.75185419973519,29.730677,82.75452416050052,23.289661,0.168635819085674,5134.4326,5477.151
RGI2000-v7.0-G-15-03433,,29.73654614779309,82.75521641598425,29.735456,82.75883840314403,28.117435,0.213307960660159,5156.033,5635.359
RGI2000-v7.0-G-15-03434,,29.752085509902717,82.75972812124901,29.756073,82.76161385546818,22.62632,0.745406898856438,6018.6226,6547.24
RGI2000-v7.0-G-15-03435,,29.749176440153366,82.75066637446254,29.7571765,82.75413306355932,45.057617,1.226788691528904,5081.5444,6836.789
RGI2000-v7.0-G-15-03436,,29.75096018849134,82.73935787916783,29.7612485,82.73550151098382,26.63062,2.313211065107848,5015.942,6231.5713
RGI2000-v7.0-G-15-03437,,29.75314470443562,82.72702110962456,29.754900499999998,82.72776279726418,35.477707,0.059453661786582,5504.2676,5816.8965
RGI2000-v7.0-G-15-03438,,29.755762196113412,82.72358693450087,29.757317999999998,82.72328238416989,48.257164,0.07440003524154,5747.371,6171.1553
RGI2000-v7.0-G-15-03439,,29.758634890642476,82.7202943428438,29.7586675,82.72166512464918,48.322464,0.051681254604885,5850.14,6171.023
RGI2000-v7.0-G-15-03440,,29.742511597172577,82.71623031529515,29.7558285,82.71050089787605,21.351755,1.995121209972799,5073.948,6114.85
RGI2000-v7.0-G-15-03441,,29.743261320881018,82.70449084393739,29.752808,82.69764402714948,29.873016,0.829565341745471,5099.5874,6222.8335
RGI2000-v7.0-G-15-03442,,29.751058199061973,82.68246021041728,29.7560975,82.68683013051259,21.626272,0.388292112064414,5369.7695,5753.492
RGI2000-v7.0-G-15-03443,,29.74950269113933,82.67318770790654,29.765715,82.67448549797297,20.39387,3.558990645159972,5076.5796,6275.567
RGI2000-v7.0-G-15-03444,,29.77208566049871,82.67857036851127,29.773986,82.67998483796296,54.492496,0.10598333843149,5691.915,6280.0596
RGI2000-v7.0-G-15-03445,,29.781442539398206,82.66754224280464,29.782837,82.67228505268552,42.708496,0.112248715685613,5122.7437,5805.7354
RGI2000-v7.0-G-15-03446,,29.78783872192297,82.67589230745432,29.786751,82.67588053157122,52.060226,0.024941866169156,5329.073,5589.6367
RGI2000-v7.0-G-15-03447,,29.79583083018242,82.67140533471837,29.784928999999998,82.68298871291714,32.019867,1.672550686742582,4648.5713,6284.148
RGI2000-v7.0-G-15-03448,,29.800657829077544,82.67616179466275,29.788349,82.684446212195,21.637264,1.636627039421459,4705.5024,6085.498
RGI2000-v7.0-G-15-03449,,29.793648543318472,82.68952246923992,29.791722,82.69050546083173,48.902477,0.06790474593476,5401.4033,5844.2446
RGI2000-v7.0-G-15-03450,,29.803590999999997,82.690566,29.7975885,82.69283556580955,36.48148,0.385941005623581,4965.908,5978.163
RGI2000-v7.0-G-15-03451,,29.80732857995985,82.69653594475398,29.799656499999998,82.69818103772582,31.081303,0.503387181210351,5091.4185,6010.0854
RGI2000-v7.0-G-15-03452,,29.80921150721308,82.70118783056876,29.800717,82.70382075486339,23.689245,0.648790698866021,5136.028,5905.938
RGI2000-v7.0-G-15-03453,,29.811724007396737,82.70181338356574,29.8020565,82.70975274029408,22.400757,0.839174804926079,5065.338,5945.673
RGI2000-v7.0-G-15-03454,,29.813873119872706,82.71391466761338,29.805911000000002,82.71467066625497,24.98647,0.552186643794337,5161.3496,5978.5156
RGI2000-v7.0-G-15-03455,,29.817187362383372,82.71412340551053,29.8083495,82.72005166361608,22.345139,0.965632916969058,5100.858,5901.255
RGI2000-v7.0-G-15-03456,,29.796127673205245,82.71098641769565,29.7949275,82.71119447132652,44.879772,0.03473416095173,5747.353,6002.0747
RGI2000-v7.0-G-15-03457,,29.773670912767624,82.66278903352506,29.7699585,82.66379846724479,35.645134,0.095583687126936,5024.8,5615.23
RGI2000-v7.0-G-15-03458,,29.76613198169973,82.65663735761206,29.763424999999998,82.65788251190477,36.08189,0.06906303061655,5090.6885,5568.5537
RGI2000-v7.0-G-15-03459,,29.757552168109118,82.65627366432541,29.7583345,82.65673522086092,26.975698,0.020393758008748,5494.983,5593.1226
RGI2000-v7.0-G-15-03461,,29.75928414936803,82.6415935825078,29.760823000000002,82.64342676817326,29.033289,0.076246284740577,5514.972,5705.3325
RGI2000-v7.0-G-15-03462,,29.756666304711857,82.63891833666956,29.7565715,82.63770761636692,29.63296,0.039860347792955,5429.6733,5561.551
RGI2000-v7.0-G-15-03466,,29.745169444145652,82.62154466647088,29.745237000000003,82.62438911395627,24.088688,0.357860373791232,5266.947,5563.008
RGI2000-v7.0-G-15-03467,,29.750197764782772,82.61932205906689,29.7496835,82.62251529704298,26.158869,0.164188277789298,5150.6504,5539.2197
RGI2000-v7.0-G-15-03468,,29.73325601387926,82.68948298400232,29.732446000000003,82.68987196257797,29.443493,0.017953070798371,5525.164,5624.4136
RGI2000-v7.0-G-15-03469,,29.72803717271962,82.69302285578318,29.728139499999997,82.69068140595733,25.609035,0.083463077466589,5333.4956,5525.351
RGI2000-v7.0-G-15-03470,,29.73691498851825,82.69030561027357,29.7393985,82.69524337420809,29.65149,0.135512317665247,5269.816,5622.879
RGI2000-v7.0-G-15-03471,,29.66294313573563,82.6394320997498,29.6612555,82.63839092421603,21.445374,0.228253316479403,5187.4585,5447.7056
RGI2000-v7.0-G-15-03473,,29.651935950289772,82.61833334074501,29.649743,82.6238805193453,30.75731,0.303919133860882,4895.71,5571.179
RGI2000-v7.0-G-15-03474,,29.64096993254108,82.62422544028934,29.6425055,82.62213254992743,20.142458,0.135100900876878,5171.9136,5318.963
RGI2000-v7.0-G-15-03475,,29.64902321365154,82.6111581776461,29.643694500000002,82.61511664480113,27.133549,1.278051232819942,4803.3794,5729.1074
RGI2000-v7.0-G-15-03476,,29.647548574064597,82.60558029089175,29.645490000000002,82.60247778144385,35.37461,0.14545891181144,4865.983,5268.895
RGI2000-v7.0-G-15-03477,,29.647452103769268,82.59921410317848,29.646858,82.59854033361825,34.2638,0.025106801602427,5053.2866,5184.7256
RGI2000-v7.0-G-15-03478,,29.644619002002766,82.59743473434696,29.644484,82.59544559792249,43.838203,0.032246743100278,5343.983,5608.463
RGI2000-v7.0-G-15-03479,,29.63869470318862,82.59503661249917,29.640006999999997,82.5965085602537,40.2754,0.054607010678169,5497.7397,5729.503
RGI2000-v7.0-G-15-03480,,29.63453737394903,82.604159391739,29.6355305,82.60217913440438,32.93848,0.042490232397508,5416.3364,5656.029
RGI2000-v7.0-G-15-03481,,29.62724562292957,82.58148365872711,29.6268935,82.57883663586955,36.501087,0.19234566415508,5258.757,5706.0356
RGI2000-v7.0-G-15-03482,,29.620931595943507,82.58442780047535,29.621094,82.57879781205614,26.161032,0.328999171893286,5039.9546,5645.2163
RGI2000-v7.0-G-15-03483,,29.61079384990443,82.5834910231368,29.6134045,82.57589643649378,23.560152,0.29283511578156,5194.1904,5680.925
RGI2000-v7.0-G-15-03485,,29.61224714185229,82.56456687545581,29.6166345,82.56509035730059,28.199047,0.221454473246244,5098.808,5628.4097
RGI2000-v7.0-G-15-03486,,29.619329041167543,82.55191363485531,29.6207555,82.55401502384952,42.128708,0.097991930230733,5326.581,5741.3037
RGI2000-v7.0-G-15-03487,,29.634236505522146,82.56564071523047,29.628062,82.5655915,40.502552,0.485157754356257,4349.353,5684.7114
RGI2000-v7.0-G-15-03488,,29.755897563439046,82.47461854202845,29.752115500000002,82.47199764812993,27.004684,0.282368992709937,4766.9062,5202.713
RGI2000-v7.0-G-15-03489,,29.724637593287405,82.4244857746934,29.7241875,82.4201708888931,35.057793,0.538830116165192,4541.928,5296.741
RGI2000-v7.0-G-15-03490,,29.733951893202658,82.41237612012999,29.732685,82.41175564206443,29.834476,0.046093526655555,5105.7607,5247.8057
RGI2000-v7.0-G-15-03491,,29.735710664222864,82.41562225940959,29.73489,82.41426154500874,35.89878,0.035200185974349,4942.326,5078.513
RGI2000-v7.0-G-15-03492,,29.766906189049326,82.33118958920936,29.7647835,82.33140317718798,33.272793,0.087968243430036,5036.635,5317.8364
RGI2000-v7.0-G-15-03493,,29.823580382052654,82.31508489454666,29.821948499999998,82.31247851760563,21.726208,0.173122693930478,4634.788,4836.4736
RGI2000-v7.0-G-15-03494,,29.866508902460605,82.31696907656531,29.8656925,82.3171164822344,33.98103,0.024058197592336,4870.5044,4972.739
RGI2000-v7.0-G-15-03495,,29.870962436348293,82.31864746041401,29.869304,82.31955029988703,33.364483,0.059627156144342,4905.9277,5186.6167
RGI2000-v7.0-G-15-03496,,29.874040940021697,82.32366720144199,29.8711055,82.32771119324121,36.139996,0.185512592175251,4789.137,5185.6694
RGI2000-v7.0-G-15-03499,,29.873305337274708,82.35009606052913,29.8722035,82.35037971662805,29.325354,0.036615974731534,5022.539,5154.55
RGI2000-v7.0-G-15-03500,,29.872668132096432,82.36588526412348,29.87016,82.36033652232143,27.495947,0.621999625733662,4867.401,5364.9204
RGI2000-v7.0-G-15-03502,,29.86206620257895,82.38359574751142,29.859209,82.38108629071047,28.544619,0.149063822271975,5060.2534,5423.2764
RGI2000-v7.0-G-15-03503,,29.870461635064988,82.58535750586876,29.86978,82.58611178254847,29.498741,0.018539876521835,5292.2656,5379.7827
RGI2000-v7.0-G-15-03504,,29.87837832939822,82.58692995505338,29.876714,82.58753995731547,21.519007,0.045038166197529,5293.0127,5409.7944
RGI2000-v7.0-G-15-03506,,29.515948952378753,82.4562307386759,29.511941,82.45122519894802,20.101627,0.368918044041328,5007.7676,5505.474
RGI2000-v7.0-G-15-03507,,29.514649361014943,82.4591198045394,29.510647,82.4542255989011,26.406593,0.240538717419558,5045.3145,5445.5083
RGI2000-v7.0-G-15-03510,,29.507246094610018,82.44402832418484,29.507662,82.44472196059114,24.383207,0.011439794100958,5596.192,5635.472
RGI2000-v7.0-G-15-03511,,29.4787433788607,82.4419541428334,29.476423500000003,82.44308965859918,42.628204,0.070394685428137,5010.268,5442.5938
RGI2000-v7.0-G-15-03512,,29.46903655694553,82.45408898340108,29.4674355,82.45157557316617,24.07365,0.097657455105864,4989.5615,5177.219
RGI2000-v7.0-G-15-03513,,29.461737952527393,82.44666529743834,29.461313,82.4484991702211,32.35475,0.073654261021605,4988.7446,5197.266
RGI2000-v7.0-G-15-03514,,29.45961782915282,82.45612714299565,29.458222,82.45450484169417,23.57681,0.087494736857178,5157.061,5292.858
RGI2000-v7.0-G-15-03515,,29.45262650705433,82.45314658742598,29.454236,82.45184202036313,27.505373,0.091081768131936,5182.6733,5360.2007
RGI2000-v7.0-G-15-03516,,29.460018621951527,82.4401423418552,29.4548895,82.44669011934558,28.222227,0.321153424905358,4667.921,5377.928
RGI2000-v7.0-G-15-03517,,29.456548069582293,82.4399453241035,29.453114,82.44352397787503,32.264862,0.185464939795955,4763.658,5323.289
RGI2000-v7.0-G-15-03518,,29.445743680046647,82.4540741343738,29.4461715,82.44912815833334,27.021149,0.409580696325728,4913.598,5443.089
RGI2000-v7.0-G-15-03520,,29.45631136252642,82.43357451891549,29.4501325,82.43277519376727,29.433722,0.893839523614524,4648.42,5493.1694
RGI2000-v7.0-G-15-03521,,29.453909442628483,82.4202030838571,29.4511535,82.4215675,26.69327,0.260186563902753,4755.66,5258.552
RGI2000-v7.0-G-15-03522,,29.45409760850228,82.4017816110764,29.4529815,82.40804297310478,33.54597,0.291055610032862,4735.9146,5357.6387
RGI2000-v7.0-G-15-03523,,29.45838819675616,82.40824589193168,29.457706,82.40916078619556,31.81501,0.019758970892808,5234.691,5350.437
RGI2000-v7.0-G-15-03524,,29.45835765027626,82.40566929143702,29.4579145,82.40662549999999,41.533943,0.016097237196152,4992.4673,5140.2324
RGI2000-v7.0-G-15-03525,,29.44910313953855,82.39934390149207,29.4476315,82.3990373697994,21.203903,0.101850960229217,4738.6587,4880.79
RGI2000-v7.0-G-15-03526,,29.450208652704376,82.38843221681138,29.4483125,82.38662840812755,36.58746,0.121030629819752,5059.885,5375.091
RGI2000-v7.0-G-15-03527,,29.454253897121667,82.39004843071969,29.452389,82.38702211504426,27.711817,0.123911316835084,4610.782,4995.0747
RGI2000-v7.0-G-15-03528,,29.436084366657994,82.38918469401318,29.440956999999997,82.3889282452746,25.68054,0.367745703594105,4883.8296,5286.8857
RGI2000-v7.0-G-15-03529,,29.472964000000008,82.462898,29.472119499999998,82.46356883672561,37.167908,0.014292474708615,5235.115,5378.3745
RGI2000-v7.0-G-15-03530,,29.47006155613139,82.47327653872537,29.472304,82.47105029989496,23.72837,0.157886762654069,5204.547,5437.5664
RGI2000-v7.0-G-15-03531,,29.427359505035078,82.50431382517611,29.424158,82.50649021421268,25.695969,0.173771746907536,4790.488,5090.348
RGI2000-v7.0-G-15-03532,,29.422122302002855,82.50297581374602,29.419958,82.50265115859352,39.30556,0.124204250472256,4961.572,5299.5356
RGI2000-v7.0-G-15-03533,,29.417153865937014,82.50938987010805,29.4179255,82.51101635739747,40.04783,0.042119749455583,5043.0835,5318.6636
RGI2000-v7.0-G-15-03534,,29.40924523849194,82.52077044343055,29.4146765,82.51902494128115,22.787981,0.716606305793505,5012.295,5497.168
RGI2000-v7.0-G-15-03535,,29.416242140151514,82.52873207044462,29.418599999999998,82.52361240315126,22.354908,0.330806236841748,4985.45,5348.3696
RGI2000-v7.0-G-15-03537,,29.388858144266777,82.53684471277904,29.388059,82.53899133333334,30.147865,0.046357691506203,4733.7314,4985.611
RGI2000-v7.0-G-15-03538,,29.38797618783415,82.5343901462576,29.383444500000003,82.53991083411215,36.452133,0.366605772468055,4649.2905,5961.1343
RGI2000-v7.0-G-15-03539,,29.380527334785015,82.54044515846383,29.377389,82.54185680134066,47.7628,0.18229215678621,5248.393,5845.784
RGI2000-v7.0-G-15-03540,,29.364747760408022,82.54281186820509,29.3720315,82.54781554799298,32.15822,1.759295031843523,4960.9673,5965.1523
RGI2000-v7.0-G-15-03541,,29.360992498240897,82.56087736804243,29.363343999999998,82.56093766324346,32.11084,0.643884648157743,5049.044,5753.602
RGI2000-v7.0-G-15-03542,,29.371071707062498,82.57514299383537,29.369680000000002,82.56757252777778,22.134474,0.446270190087627,4895.85,5505.2427
RGI2000-v7.0-G-15-03543,,29.36974599262512,82.58122560465509,29.364211,82.5770464163405,27.760586,0.699367080177452,4730.39,5675.549
RGI2000-v7.0-G-15-03544,,29.349802779775136,82.5779685429684,29.3538835,82.57736681060902,29.897984,0.304929976220695,5148.56,5693.609
RGI2000-v7.0-G-15-03545,,29.346076322491342,82.58050751219773,29.3509025,82.57172975367646,27.704151,0.471493105105278,5077.443,5665.618
RGI2000-v7.0-G-15-03546,,29.34115408671775,82.56297984022132,29.3396455,82.56860026931967,32.767494,0.449510265300511,4860.8843,5721.0854
RGI2000-v7.0-G-15-03547,,29.33103105508165,82.5662892434476,29.332026,82.57133182655467,28.303688,0.693730699635494,4996.071,5754.1187
RGI2000-v7.0-G-15-03548,,29.31791346883477,82.57894923845954,29.32716,82.58756885286382,26.857485,1.565804700450639,4867.377,5719.3853
RGI2000-v7.0-G-15-03549,,29.314456873722474,82.58880141517236,29.317252,82.5899473280171,33.357635,0.100864862061916,5400.951,5591.6006
RGI2000-v7.0-G-15-03550,,29.320756276264532,82.60999659054237,29.311609,82.60071551572848,29.428516,3.469856427652207,4630.457,6111.7046
RGI2000-v7.0-G-15-03551,,29.30477945000454,82.59018520512555,29.303629,82.59090884751772,52.451164,0.033895666423942,5709.6714,6095.0747
RGI2000-v7.0-G-15-03552,,29.309737815353913,82.57877070019015,29.305522,82.58679631560284,43.41118,0.429247494698753,4673.067,6111.332
RGI2000-v7.0-G-15-03553,,29.313290600624306,82.5664071274134,29.3045875,82.57606065000523,25.704857,1.458583610053577,4450.7627,6093.272
RGI2000-v7.0-G-15-03554,,29.273245818106485,82.59043503386974,29.2884155,82.57342090290443,25.9718,7.200052992363078,4413.56,6127.949
RGI2000-v7.0-G-15-03555,,29.27557780104773,82.58051776484817,29.280602000000002,82.5729889609486,28.16543,1.300041563798004,4821.2637,6356.968
RGI2000-v7.0-G-15-03556,,29.276863644744704,82.56883677573357,29.277639,82.56793674667111,38.094112,0.033250120006248,5245.9546,5443.044
RGI2000-v7.0-G-15-03557,,29.271213049183917,82.56678835446206,29.2706145,82.55688045920459,20.011805,1.289764591901476,5017.5747,5528.689
RGI2000-v7.0-G-15-03558,,29.27814550120337,82.5413917016056,29.2833775,82.54628840680651,44.819862,0.770501144959067,5191.11,6327.616
RGI2000-v7.0-G-15-03559,,29.295495345449726,82.54522855613239,29.2935335,82.54455543018018,43.96902,0.056369098858411,5038.663,5478.056
RGI2000-v7.0-G-15-03560,,29.325138511823447,82.54851796039208,29.3036035,82.55284019805197,26.673264,5.235342742980871,4173.267,6354.522
RGI2000-v7.0-G-15-03561,,29.315448142531785,82.53798728664924,29.304130999999998,82.5302295909091,30.730661,2.256606147731392,4530.8003,6050.035
RGI2000-v7.0-G-15-03562,,29.291331025464977,82.51618907656658,29.291863,82.51845172202167,42.960114,0.0695764947237,5368.55,5783.344
RGI2000-v7.0-G-15-03563,,29.280170245058272,82.5207133294282,29.2839915,82.52198219137367,20.105537,0.214805545680353,4872.764,5225.4893
RGI2000-v7.0-G-15-03564,,29.276544225381524,82.52755559677287,29.2850605,82.53203876265752,34.57504,0.479726416972499,4760.7764,6055.0557
RGI2000-v7.0-G-15-03566,,29.261143405797558,82.53133900510215,29.256648,82.53517618656716,37.77652,0.247138090098513,4664.2593,5483.588
RGI2000-v7.0-G-15-03567,,29.246872063314193,82.54175213232362,29.249355,82.53724453676926,24.867636,0.27442440778447,5104.5913,5487.3813
RGI2000-v7.0-G-15-03569,,29.242923767500624,82.528218872923,29.246344,82.52841102444678,30.464155,0.148664134273456,5020.755,5453.763
RGI2000-v7.0-G-15-03570,,29.241871983365385,82.5217484166228,29.247529999999998,82.52476165425531,22.665344,0.425077380626576,4876.145,5458.0576
RGI2000-v7.0-G-15-03571,,29.246014749670817,82.52013608187654,29.247838,82.52030823062731,23.224327,0.056919454934102,5126.722,5289.6714
RGI2000-v7.0-G-15-03572,,29.257155374936403,82.52184693215138,29.253325500000003,82.5233199992515,30.669727,0.175007575410042,4659.772,5351.5347
RGI2000-v7.0-G-15-03573,,29.255350045925017,82.52638553184586,29.2532405,82.5271937405376,32.14621,0.091716639749708,4976.297,5447.0913
RGI2000-v7.0-G-15-03574,,29.25577215618699,82.54634340773252,29.2553625,82.54447368528369,27.268282,0.044962334456424,5164.59,5302.305
RGI2000-v7.0-G-15-03575,,29.253816453812508,82.54716381463966,29.2523045,82.5448468634848,29.40009,0.058341427809006,5171.136,5456.556
RGI2000-v7.0-G-15-03576,,29.23101054296158,82.53073252377133,29.2295175,82.53121375663716,38.450512,0.028764429867278,5016.236,5262.2437
RGI2000-v7.0-G-15-03577,,29.226888786244587,82.52940533032915,29.226109,82.52978498148147,29.934685,0.022161720772968,5217.347,5332.8584
RGI2000-v7.0-G-15-03578,,29.226473283410435,82.52656683997196,29.2252375,82.52734811738037,37.48284,0.021955813059454,5172.002,5378.0107
RGI2000-v7.0-G-15-03579,,29.209907909425773,82.52484611743523,29.224938,82.5414197572737,26.499393,3.250125771590119,4547.1924,6013.638
RGI2000-v7.0-G-15-03580,,29.2231266043788,82.56264239076053,29.2229325,82.55561405448718,22.551268,0.831042868556565,5116.5986,5839.795
RGI2000-v7.0-G-15-03581,,29.232604405419885,82.56234075880013,29.231057,82.5636005,38.150974,0.049213588023817,5047.031,5344.7046
RGI2000-v7.0-G-15-03582,,29.23953330491343,82.57187003189762,29.2408615,82.57313126192287,28.517296,0.046979263648461,5306.3706,5435.9766
RGI2000-v7.0-G-15-03583,,29.215854764562994,82.56319621439243,29.212001,82.55462675127097,21.718182,1.730694494181526,4996.095,5671.802
RGI2000-v7.0-G-15-03584,,29.201697741168967,82.54125951965166,29.205688,82.54469309519607,30.329279,0.383539548229764,4902.9126,5590.9194
RGI2000-v7.0-G-15-03585,,29.201317079556073,82.54741493380983,29.2017745,82.54912159477372,33.6164,0.079784257952622,4950.2964,5172.918
RGI2000-v7.0-G-15-03586,,29.19983472268122,82.55376215199027,29.2008055,82.55447659621551,43.590385,0.019225357772758,5307.3706,5492.7944
RGI2000-v7.0-G-15-03587,,29.192966530297078,82.55485245472927,29.197958999999997,82.55811007310746,27.366407,0.414021563575783,4739.771,5509.304
RGI2000-v7.0-G-15-03588,,29.19240835067974,82.56246655547578,29.1951225,82.565763251318,43.074974,0.131556697842005,4943.373,5684.0703
RGI2000-v7.0-G-15-03589,,29.19167810133836,82.56690514048753,29.192554,82.56864061827957,45.00903,0.02814070430722,5073.7227,5366.4116
RGI2000-v7.0-G-15-03590,,29.187095409924503,82.5691860623334,29.190089,82.57586177591159,28.767935,0.477261973532835,4821.118,5511.5156
RGI2000-v7.0-G-15-03591,,29.183323876573468,82.5770882815895,29.185952999999998,82.57886079043479,36.383934,0.112632860654754,4983.462,5478.1064
RGI2000-v7.0-G-15-03592,,29.184855276824248,82.58999459403944,29.1877415,82.59193238867111,37.147655,0.106867929087388,4857.0586,5446.645
RGI2000-v7.0-G-15-03593,,29.19119392790835,82.60234856362436,29.1900945,82.5980620857319,27.237404,0.222084187347171,5075.8706,5440.445
RGI2000-v7.0-G-15-03594,,29.206544566066707,82.60053488245457,29.1982725,82.58514936990485,25.68782,1.885689550676857,4721.8916,5728.5757
RGI2000-v7.0-G-15-03595,,29.211718243782045,82.57542635327283,29.2033675,82.57599475847631,26.393782,0.894528722731452,4839.745,5742.063
RGI2000-v7.0-G-15-03596,,29.21096901675443,82.57231887287328,29.204444000000002,82.57001950800712,24.285746,0.84067406583241,4903.7056,5777.0796
RGI2000-v7.0-G-15-03597,,29.208026189194598,82.53608037125214,29.2118405,82.5407026124834,38.3009,0.198459516572002,4791.436,5679.086
RGI2000-v7.0-G-15-03598,,29.260631273904746,82.61068961045807,29.262033000000002,82.61134670401609,26.422611,0.031826366154135,5309.081,5452.044
RGI2000-v7.0-G-15-03599,,29.267065099030766,82.60763282210812,29.268363,82.60858087977431,23.151234,0.044265362396143,5434.105,5529.957
RGI2000-v7.0-G-15-03600,,29.27375331749661,82.61542105170648,29.274526,82.61295505090497,30.949638,0.146572867251892,4990.907,5300.3667
RGI2000-v7.0-G-15-03601,,29.277751690984097,82.61739432162945,29.2786265,82.61444376030713,26.8649,0.075692246391127,4966.0957,5154.6655
RGI2000-v7.0-G-15-03602,,29.28149064884987,82.61837361832268,29.2819315,82.61567535176991,24.374903,0.165937485522167,5004.7275,5237.215
RGI2000-v7.0-G-15-03603,,29.28369330498077,82.62075786656185,29.287416999999998,82.6213494138689,24.571293,0.262274478645781,5018.7026,5263.704
RGI2000-v7.0-G-15-03604,,29.304164080011667,82.62967795510492,29.2978245,82.62340834518082,28.436329,1.339056839486978,4719.4307,5994.731
RGI2000-v7.0-G-15-03605,,29.344334765212214,82.6329291050079,29.350720000000003,82.63134592271294,28.50301,0.424680213805465,5199.3486,5902.3945
RGI2000-v7.0-G-15-03606,,29.34238742863899,82.62642613188123,29.3521765,82.62585458811937,27.421505,0.618223275110301,5173.721,6224.2373
RGI2000-v7.0-G-15-03607,,29.341729015366315,82.61827559546336,29.3528515,82.62258282097412,33.33928,0.982683467088458,4915.655,6477.1387
RGI2000-v7.0-G-15-03608,,29.353761214373492,82.61189047833915,29.357066,82.61547611138434,38.529346,0.254825466112517,5185.3955,6125.9385
RGI2000-v7.0-G-15-03609,,29.341965963932147,82.64118619055371,29.358744,82.63592587925697,31.387678,2.615287370838286,4776.685,6856.579
RGI2000-v7.0-G-15-03610,,29.364565459142657,82.60322520015814,29.376501,82.63245402318586,36.747593,5.47300013196642,4797.3506,6845.0312
RGI2000-v7.0-G-15-03611,,29.37898674192553,82.64538926639305,29.38223,82.64435852650405,43.92145,0.498912215563649,6067.0146,6818.5586
RGI2000-v7.0-G-15-03612,,29.38083153146105,82.65079721715918,29.3863595,82.65141299775448,49.272152,0.371963356973762,5592.405,6375.614
RGI2000-v7.0-G-15-03613,,29.38064870579062,82.66469795539594,29.387632500000002,82.66076168146418,39.843693,0.235571520081741,4696.3203,6019.7134
RGI2000-v7.0-G-15-03614,,29.386547568140035,82.67117886384789,29.3930865,82.6686268178934,25.181067,0.455689866737471,4822.247,5521.92
RGI2000-v7.0-G-15-03615,,29.395862495869768,82.6710324371964,29.3977,82.67368437383607,39.60498,0.070736316511977,5465.1396,5869.676
RGI2000-v7.0-G-15-03616,,29.388232345475142,82.69281499920955,29.3953065,82.68681473091212,23.238726,1.55171556251907,4803.445,6019.1895
RGI2000-v7.0-G-15-03617,,29.393003851427068,82.70609470909595,29.405409,82.69398583160434,20.81854,4.701141008458907,4776.8755,6050.725
RGI2000-v7.0-G-15-03618,,29.42668668835686,82.67697912246645,29.418841,82.69231433774098,24.515375,2.403564297378341,4629.888,6054.6333
RGI2000-v7.0-G-15-03619,,29.43196386928407,82.69619697623733,29.430364,82.69778738853503,44.82138,0.072921919147013,5509.0,5960.9644
RGI2000-v7.0-G-15-03620,,29.443747768975765,82.69686516678127,29.4359275,82.70264337257164,27.843245,1.332127366494428,4835.3984,5995.181
RGI2000-v7.0-G-15-03621,,29.443835288361193,82.70234103311763,29.4392965,82.70797676068398,25.962833,0.470224395856901,5075.312,5786.253
RGI2000-v7.0-G-15-03622,,29.444026000001873,82.705225211894,29.4396095,82.71249305306569,25.615463,0.301119271989214,5154.7876,5779.554
RGI2000-v7.0-G-15-03623,,29.434359489976686,82.72176533989722,29.434305000000002,82.71849834071858,30.876865,0.129506462490733,5419.029,5806.5034
RGI2000-v7.0-G-15-03624,,29.43122221922283,82.72427621564178,29.431091000000002,82.72032266336635,25.390163,0.221388757755099,5421.742,5813.665
RGI2000-v7.0-G-15-03626,,29.411172308856102,82.73315874902703,29.413262000000003,82.71530751193674,20.12594,2.131482405760566,5088.291,5962.9507
RGI2000-v7.0-G-15-03627,,29.400141920199832,82.72100097369477,29.4036575,82.71910778249746,27.010027,0.87756054987401,5400.646,6054.6597
RGI2000-v7.0-G-15-03628,,29.40653662488146,82.72556016410456,29.4060025,82.72418655743378,30.943562,0.032637640156913,5573.8228,5681.2173
RGI2000-v7.0-G-15-03629,,29.399312404755474,82.7352785528372,29.4003245,82.73557944547325,36.750156,0.070465935138581,5812.8145,6042.3735
RGI2000-v7.0-G-15-03630,,29.403978175140615,82.73645211154023,29.402428999999998,82.73782506261672,48.601025,0.068005656233363,5608.341,6071.9507
RGI2000-v7.0-G-15-03631,,29.397920648686963,82.74105824999612,29.4002045,82.73960992529587,34.267483,0.101738163982073,5705.0557,6081.9473
RGI2000-v7.0-G-15-03632,,29.405392792168886,82.75833900663524,29.3990225,82.7514451404563,25.054865,0.774548713182941,4997.0684,5970.4214
RGI2000-v7.0-G-15-03633,,29.392200885081646,82.74905600512014,29.390898,82.75160712294237,36.79296,0.187087364212848,5733.486,6147.6006
RGI2000-v7.0-G-15-03634,,29.3900544052702,82.76765326754104,29.385103,82.76225452389872,29.091665,0.689829568775974,5274.677,6015.0063
RGI2000-v7.0-G-15-03635,,29.35511303051563,82.69664090070913,29.37314,82.77217512701964,21.856617,14.218406603237604,4070.8784,6518.8296
RGI2000-v7.0-G-15-03636,,29.34049892266475,82.79300755072154,29.354688,82.77346429643963,21.304392,2.262494612403662,4885.2603,6548.7686
RGI2000-v7.0-G-15-03637,,29.34120184944213,82.79404336294915,29.353637,82.78534985860011,24.953146,2.193315659510783,4929.9316,6502.5586
RGI2000-v7.0-G-15-03638,,29.338739110096792,82.7865077508686,29.340186000000003,82.7802301784825,27.774897,1.021461026784913,5004.4204,6084.4355
RGI2000-v7.0-G-15-03639,,29.325960844555077,82.76548859455025,29.329327,82.77035414808073,42.907608,0.195161183778861,5260.344,5999.1323
RGI2000-v7.0-G-15-03640,,29.323739389318483,82.76095411737123,29.330624999999998,82.7609939897649,34.234077,0.692202650294678,5024.971,6161.2495
RGI2000-v7.0-G-15-03641,,29.329556532842467,82.75624845951947,29.32984,82.75473172640977,27.401213,0.040898310979418,5177.843,5308.8296
RGI2000-v7.0-G-15-03642,,29.325650682788993,82.74762814798389,29.3272455,82.74514269542593,48.25779,0.398926846305951,5417.5366,6216.075
RGI2000-v7.0-G-15-03643,,29.348949922510037,82.72622672942872,29.337431000000002,82.73777989687605,27.765154,3.109386773490393,4566.012,6514.242
RGI2000-v7.0-G-15-03644,,29.32655010030316,82.71210963640311,29.323017999999998,82.72802936742424,42.007385,1.790137372547234,4798.0156,6509.5654
RGI2000-v7.0-G-15-03645,,29.31725443112281,82.73506423328983,29.3181525,82.73322268550939,51.685555,0.100516978995863,5732.7793,6358.874
RGI2000-v7.0-G-15-03646,,29.307285300379444,82.74076863223637,29.30652,82.737772752209,41.41682,0.26047416764571,5854.0747,6311.5215
RGI2000-v7.0-G-15-03647,,29.29116560699988,82.74832420252548,29.298612,82.73618921441147,34.161255,1.100120007494129,4871.4355,6312.149
RGI2000-v7.0-G-15-03648,,29.28574526078811,82.73220247566366,29.2910295,82.73182370486211,40.95419,0.570528570713938,5334.6636,6256.862
RGI2000-v7.0-G-15-03649,,29.284564523782866,82.71934921967247,29.2889635,82.72373204487178,41.08708,0.335384707130711,5094.848,6216.321
RGI2000-v7.0-G-15-03650,,29.296673067423647,82.703130210789,29.303690500000002,82.72048099542124,27.59758,4.715783247680704,4961.198,6352.396
RGI2000-v7.0-G-15-03652,,29.328072757168393,82.78293269024631,29.3243765,82.77996590222868,33.666267,0.524324412749963,5077.239,5667.493
RGI2000-v7.0-G-15-03653,,29.295578377855122,82.79265794888984,29.2963405,82.79320493126934,27.495092,0.069739938086734,5637.659,5781.0034
RGI2000-v7.0-G-15-03654,,29.28688405821628,82.78076763731589,29.287154,82.78689687284006,35.862415,1.067601206971393,4857.6274,6006.159
RGI2000-v7.0-G-15-03655,,29.273956907580114,82.78553004029654,29.2760155,82.78505483064517,29.96034,0.142435634804757,4993.2305,5307.624
RGI2000-v7.0-G-15-03656,,29.2695881837769,82.78693729459741,29.271116999999997,82.78422414255243,36.03564,0.109782733222689,4653.6763,5032.6865
RGI2000-v7.0-G-15-03657,,29.278128078983364,82.77457946932513,29.277212,82.77650139433453,43.670887,0.116869844718727,5635.0146,5891.545
RGI2000-v7.0-G-15-03658,,29.27436456320457,82.76732511260558,29.273190999999997,82.77335913231545,43.024918,0.373391680364084,5291.6694,6045.52
RGI2000-v7.0-G-15-03659,,29.261757003529347,82.76248106526077,29.262383999999997,82.7673695578971,32.016403,0.781536716219263,5001.6025,5908.0195
RGI2000-v7.0-G-15-03660,,29.25535717809459,82.76712280033041,29.253378499999997,82.77490695343312,28.686407,0.429920966415577,5230.1133,5779.445
RGI2000-v7.0-G-15-03661,,29.251619645481338,82.75765959506447,29.2448955,82.77325708581229,31.101818,3.99942666626984,4751.508,6388.449
RGI2000-v7.0-G-15-03662,,29.226442272207407,82.7754263054607,29.2305415,82.7753633015676,41.057755,0.196697936010059,5188.4854,6006.506
RGI2000-v7.0-G-15-03663,,29.22283494276299,82.76549928566676,29.2291925,82.76672266884468,29.316721,0.729739915456524,5145.2856,6029.1597
RGI2000-v7.0-G-15-03664,,29.21987619694237,82.75900307739244,29.2251315,82.75455723302468,33.760563,0.756759433377167,5149.1714,6046.587
RGI2000-v7.0-G-15-03665,,29.220098210420645,82.74540887413711,29.222610500000002,82.74515111916129,45.26755,0.304173448975432,5723.664,6377.331
RGI2000-v7.0-G-15-03666,,29.21000183976242,82.747273567265,29.2144165,82.7475431519193,26.872087,0.604340242357088,5098.59,5584.4746
RGI2000-v7.0-G-15-03667,,29.21353365188485,82.75360445513539,29.214288500000002,82.75411954029771,33.262062,0.02661980699322,5228.036,5339.0117
RGI2000-v7.0-G-15-03668,,29.20771300393997,82.7414981012736,29.212626,82.74001108187073,24.400696,0.350519912171952,5113.544,5579.7056
RGI2000-v7.0-G-15-03669,,29.203382676553385,82.73302505390407,29.209196,82.73421870961997,27.385162,0.410308943990061,5139.9976,5813.84
RGI2000-v7.0-G-15-03670,,29.209427764077788,82.72174468437606,29.213383,82.7276412270318,28.88178,0.865960343475545,4986.376,5553.91
RGI2000-v7.0-G-15-03671,,29.231498725621574,82.71916167146892,29.225431,82.73250238484601,35.01923,1.324378404320519,4921.971,6349.456
RGI2000-v7.0-G-15-03672,,29.22845331492527,82.71049754401251,29.229107,82.70980338030006,31.193872,0.016356693561614,5420.9707,5504.589
RGI2000-v7.0-G-15-03673,,29.22530647910954,82.70480352881911,29.2274135,82.70202084481255,21.056355,0.248030946236496,5212.0796,5492.584
RGI2000-v7.0-G-15-03674,,29.22920329228535,82.6932847503693,29.228932,82.69464757062781,34.9524,0.039370245705884,5251.147,5436.8706
RGI2000-v7.0-G-15-03675,,29.24728355093389,82.74561028658107,29.236812,82.75701485469233,34.54132,3.605322123420754,4630.549,6290.306
RGI2000-v7.0-G-15-03676,,29.226733645908293,82.78389117915735,29.2323055,82.7865001718971,44.614796,0.574032532515066,5108.3564,6411.1445
RGI2000-v7.0-G-15-03677,,29.229603575811215,82.7904980013977,29.232073,82.79321352319587,45.0644,0.293300573214501,5615.933,6229.7915
RGI2000-v7.0-G-15-03678,,29.23775019515443,82.81319635016474,29.233656,82.80442559987515,32.221676,0.50084812584188,4581.7563,5566.5093
RGI2000-v7.0-G-15-03679,,29.248458365265794,82.80310652061857,29.2439715,82.79860675922913,32.686115,0.970238771975819,4674.162,6042.271
RGI2000-v7.0-G-15-03680,,29.257840836054537,82.7890472250231,29.2544425,82.79139497297297,32.28388,0.21304164189735,4840.546,5309.8867
RGI2000-v7.0-G-15-03681,,29.272479652826462,82.79867573173331,29.277762000000003,82.79497683428741,28.053482,0.430785522455788,4809.849,5618.553
RGI2000-v7.0-G-15-03682,,29.28976985454995,82.80289772289983,29.2868995,82.80082631375895,37.313557,0.365329027511351,5391.998,6026.566
RGI2000-v7.0-G-15-03683,,29.293517065259152,82.80976397618683,29.292276,82.8088797956376,28.667778,0.122416901715074,4700.301,4912.493
RGI2000-v7.0-G-15-03684,,29.27634516829602,82.80900200717548,29.277036000000003,82.80999760706914,36.90678,0.042516308845127,4856.2935,5035.2495
RGI2000-v7.0-G-15-03685,,29.270299625789715,82.8123831375863,29.2719915,82.81448324254586,31.097368,0.088618656817445,5314.5034,5571.305
RGI2000-v7.0-G-15-03686,,29.27605208718134,82.81819583473305,29.274898999999998,82.81815544724677,36.778893,0.042135880820324,5615.0684,5719.4233
RGI2000-v7.0-G-15-03687,,29.281693471079155,82.82673844386025,29.279122,82.8249347091247,34.40102,0.116895424321549,4789.6694,5209.353
RGI2000-v7.0-G-15-03688,,29.27748058487492,82.83724184972648,29.274604,82.83456249867046,36.207745,0.156702665766558,4806.7847,5400.463
RGI2000-v7.0-G-15-03689,,29.270830124460694,82.83350835896152,29.268827,82.83246196052632,44.867638,0.103298353339898,5396.0117,5797.741
RGI2000-v7.0-G-15-03690,,29.26658576607725,82.82798324719279,29.267129500000003,82.83068412755682,41.810787,0.098034496916887,5502.884,5832.514
RGI2000-v7.0-G-15-03691,,29.263053732139,82.83449437494234,29.264133,82.8354236439709,38.667736,0.042574379089444,5424.8364,5660.6973
RGI2000-v7.0-G-15-03692,,29.257546440050792,82.83776437496229,29.2591465,82.84054672080745,35.991596,0.154022832571335,5000.0415,5802.315
RGI2000-v7.0-G-15-03693,,29.27085451738867,82.84419962998099,29.269882,82.8411993844226,32.65538,0.137649413347741,4842.9277,5182.1885
RGI2000-v7.0-G-15-03694,,29.271526180230733,82.85181855553247,29.2701535,82.851059608178,36.22726,0.048742198250075,4443.8364,4697.905
RGI2000-v7.0-G-15-03695,,29.27794882519441,82.86261337057026,29.274506000000002,82.86157156104781,25.535439,0.31212423486044,4052.6428,4359.223
RGI2000-v7.0-G-15-03696,,29.27423462628358,82.87355226541189,29.270529500000002,82.8744027549669,29.0594,0.25955937767662,4387.8174,4897.635
RGI2000-v7.0-G-15-03697,,29.263222250080144,82.86013533661412,29.2602245,82.86458006498732,46.048363,0.312963404501349,5473.758,6149.871
RGI2000-v7.0-G-15-03698,,29.25067083194327,82.84978399080296,29.256211,82.86096205368011,40.363945,0.505143230942989,4786.8623,6093.306
RGI2000-v7.0-G-15-03699,,29.249042483495046,82.85230462380146,29.2519095,82.86219418832599,40.224426,0.691555125386387,4914.7197,6180.7456
RGI2000-v7.0-G-15-03700,,29.245054019480747,82.85844606295625,29.244426,82.8606913610734,44.738533,0.024680536371711,5370.6636,5715.0796
RGI2000-v7.0-G-15-03701,,29.2410314838978,82.86119393064024,29.2434845,82.86616135512284,43.319756,0.172378877398194,5337.1323,6156.0186
RGI2000-v7.0-G-15-03702,,29.229146867954356,82.86160379036835,29.234904,82.8702239985926,50.14552,0.851890814582933,5271.223,6561.885
RGI2000-v7.0-G-15-03703,,29.225082487096717,82.86519681870682,29.228451,82.87213234173274,35.711975,0.423153915350804,5770.6626,6563.077
RGI2000-v7.0-G-15-03704,,29.212711569166174,82.86452364905432,29.2197665,82.86956309663867,35.608555,0.846503842913526,4877.948,6330.71
RGI2000-v7.0-G-15-03705,,29.2069698625242,82.86825357760988,29.217745999999998,82.87971773458145,34.573696,2.239554253761209,4788.219,6464.218
RGI2000-v7.0-G-15-03706,,29.201744618495113,82.88157375312778,29.206809,82.886623484375,36.735073,0.444567613155398,5111.346,6148.0957
RGI2000-v7.0-G-15-03707,,29.19683612564702,82.88561558949199,29.200748,82.89171171751173,31.155489,0.410954729968101,4804.708,5690.8296
RGI2000-v7.0-G-15-03708,,29.196157480697654,82.89776964322076,29.196761,82.89935475833596,42.371742,0.045384351010393,5660.4663,5875.4673
RGI2000-v7.0-G-15-03709,,29.205795270472517,82.90515102779108,29.206526,82.9027781518385,30.436321,0.111468943536456,5777.2217,6042.6963
RGI2000-v7.0-G-15-03710,,29.206349333632946,82.89552339238112,29.207959,82.8984221082996,34.710934,0.156548665390816,5701.3496,6180.214
RGI2000-v7.0-G-15-03711,,29.20389874350824,82.90846894853583,29.204627000000002,82.9092214167921,33.212296,0.030831293135572,5525.9595,5623.9717
RGI2000-v7.0-G-15-03712,,29.21452594682879,82.91605505606208,29.212428,82.9128703612987,32.880264,0.310397129318185,4561.246,5159.9585
RGI2000-v7.0-G-15-03713,,29.22591715563164,82.90737652094599,29.220367000000003,82.9048551502096,33.90379,0.96908702610674,4322.6597,5664.1245
RGI2000-v7.0-G-15-03714,,29.23741849006216,82.89733070568302,29.233907000000002,82.89178293088185,35.05102,0.305606394842519,4377.986,5177.587
RGI2000-v7.0-G-15-03715,,29.240927383758123,82.89019223052719,29.2389705,82.88716300467635,33.519657,0.321705134200738,4763.6997,5205.419
RGI2000-v7.0-G-15-03716,,29.23976852938633,82.9079851987755,29.238459,82.90567054913794,26.65445,0.254917132013013,3704.4473,3990.0645
RGI2000-v7.0-G-15-03717,,29.249596755741948,82.89366198764365,29.250794,82.87320692429219,28.046043,1.365890615095134,4304.588,5704.8276
RGI2000-v7.0-G-15-03718,,29.234211058244288,82.85733025437025,29.2352005,82.8600459173177,39.882347,0.24196090138864,4790.1606,5278.955
RGI2000-v7.0-G-15-03719,,29.263695284138137,82.8211564003779,29.268283500000003,82.82496605045871,33.05598,0.300084436130084,4980.182,5663.977
RGI2000-v7.0-G-15-03722,,29.328363667693868,82.83043865816013,29.332882499999997,82.82668191368803,21.409311,0.538726985167451,5556.8696,5834.588
RGI2000-v7.0-G-15-03723,,29.3252653767117,82.82570155961727,29.327403500000003,82.825463626161,30.32021,0.081873183692626,5627.783,5829.8447
RGI2000-v7.0-G-15-03725,,29.33659145014171,82.86263054020178,29.338431,82.8589735543171,23.839083,0.238737171584635,5327.6543,5615.0093
RGI2000-v7.0-G-15-03726,,29.350071147547148,82.85471197576457,29.3452965,82.8576671909938,20.905714,0.689216298382424,5166.918,5573.048
RGI2000-v7.0-G-15-03728,,29.387825479677254,82.80614545021872,29.388787999999998,82.80477315377415,36.228886,0.032111829178218,5705.5615,5817.077
RGI2000-v7.0-G-15-03729,,29.391959411474467,82.80961721723635,29.3925215,82.80911115836014,33.946213,0.02419958734131,5548.7207,5634.358
RGI2000-v7.0-G-15-03730,,29.38655630778185,82.79830794139328,29.385700999999997,82.79732772898073,38.597668,0.025911369425634,5664.959,5814.2476
RGI2000-v7.0-G-15-03731,,29.392902017848225,82.79015572994575,29.3855805,82.78983725189778,28.752178,1.295814367551029,5034.3687,6107.2793
RGI2000-v7.0-G-15-03732,,29.372034331821272,82.8010417252737,29.376991500000003,82.7968013761867,32.17062,0.288490216188528,5344.881,6116.9614
RGI2000-v7.0-G-15-03733,,29.35832737489443,82.80949608941074,29.368203,82.79284436242929,23.143284,2.436969626988028,4786.1597,6091.802
RGI2000-v7.0-G-15-03734,,29.347031932463697,82.74637422509156,29.351332999999997,82.75747197857997,29.245195,3.850076321511264,4749.643,6499.5664
RGI2000-v7.0-G-15-03735,,29.354328486714532,82.74785608322746,29.3609555,82.75208273101163,33.03593,0.643607685043784,5259.3755,6461.6636
RGI2000-v7.0-G-15-03736,,29.355964049011654,82.73914657343465,29.362765,82.74465940500369,35.509098,0.838107398148647,5065.5,6334.939
RGI2000-v7.0-G-15-03737,,29.367369858974186,82.73344990545664,29.368836,82.74115582700195,37.846233,0.299866513072771,5624.039,6287.3823
RGI2000-v7.0-G-15-03738,,29.358993731001615,82.73102684800118,29.3613255,82.7320127454159,28.387777,0.091205760847956,4978.5747,5306.0083
RGI2000-v7.0-G-15-03739,,29.36777655185383,82.7287704813067,29.369217,82.72746846659459,45.46138,0.126562356464423,5622.3564,6019.6167
RGI2000-v7.0-G-15-03740,,29.366820146505027,82.71659018660179,29.369351,82.722205694,41.71379,0.33344817905288,5110.36,5999.6724
RGI2000-v7.0-G-15-03741,,29.354038941287296,82.68179893186776,29.3572695,82.67579745272474,31.162638,0.33879954757753,4854.0835,5691.674
RGI2000-v7.0-G-15-03742,,29.363767172492146,82.67540761986666,29.362802000000002,82.67284603585526,38.62111,0.103551928747121,5324.9424,5788.1216
RGI2000-v7.0-G-15-03743,,29.372295108790144,82.67040210937905,29.367639,82.6731495,38.849796,0.255061473183584,4762.2754,5777.072
RGI2000-v7.0-G-15-03744,,29.337774409376358,82.64300169210985,29.355188499999997,82.659273597532,28.362926,5.495835449458197,4677.3647,6503.9346
RGI2000-v7.0-G-15-03745,,29.340972758194578,82.65978464181185,29.343139,82.66147454617834,46.7118,0.073647136465055,5585.7246,6003.7036
RGI2000-v7.0-G-15-03746,,29.331662043641785,82.6578605444694,29.340450500000003,82.66848508266867,28.70653,1.484074576305581,4969.559,6258.944
RGI2000-v7.0-G-15-03747,,29.420450353206864,82.66396042611485,29.4032175,82.64787594702211,33.0835,3.56772127548974,4484.0312,6737.9365
RGI2000-v7.0-G-15-03748,,29.412929786420733,82.66236612476531,29.4101235,82.6631721294586,30.838951,0.151991415566473,4920.838,5292.051
RGI2000-v7.0-G-15-03749,,29.417037372631995,82.66837351150977,29.409592500000002,82.67071878316747,36.15725,0.818039959491571,4767.579,6009.9565
RGI2000-v7.0-G-15-03750,,29.435675446887313,82.68560053873269,29.4335775,82.68970924769346,24.36333,0.266642681956426,4946.1606,5224.723
RGI2000-v7.0-G-15-03751,,29.44918342508862,82.71348245267907,29.4470485,82.7154687374004,44.492664,0.117146516295113,5369.311,5863.533
RGI2000-v7.0-G-15-03752,,29.453545581502198,82.71192497522598,29.452075,82.71564346582733,22.110826,0.142707268985333,5018.3467,5279.1514
RGI2000-v7.0-G-15-03753,,29.444060306806048,82.72440136329126,29.44446,82.72071347999999,31.07253,0.247670971669251,5442.017,5863.9956
RGI2000-v7.0-G-15-03754,,29.463926548690964,82.72120935403535,29.460758499999997,82.72483102884615,43.800247,0.156030497921017,5052.882,5917.852
RGI2000-v7.0-G-15-03755,,29.484130821194523,82.7190362291107,29.481924,82.72074539546784,43.470352,0.078464450266007,5133.497,5657.0854
RGI2000-v7.0-G-15-03756,,29.483133188721055,82.72534773150618,29.4824415,82.724402,29.531345,0.016740283052073,5570.3203,5648.9688
RGI2000-v7.0-G-15-03757,,29.459210519771908,82.66278907069584,29.457777,82.66191732587859,30.652176,0.087499616389422,4618.9854,4843.0737
RGI2000-v7.0-G-15-03758,,29.45682278404123,82.65805034745922,29.454887999999997,82.65130088610283,36.64587,0.699941884640184,5002.3726,6015.147
RGI2000-v7.0-G-15-03759,,29.459571871429556,82.63781481899699,29.4536555,82.64285298865747,40.308704,0.473934239204013,4957.154,6146.3423
RGI2000-v7.0-G-15-03760,,29.449197446442266,82.63898399118531,29.447329500000002,82.64093400109566,44.594078,0.158206155866259,5741.668,6145.506
RGI2000-v7.0-G-15-03761,,29.4404728091004,82.63869643815063,29.442498,82.64068328745394,47.99656,0.078398090634102,5553.674,6103.8105
RGI2000-v7.0-G-15-03762,,29.44920750979166,82.6543060200635,29.444825,82.64629500856951,39.180683,0.575854024321111,5499.499,6146.7197
RGI2000-v7.0-G-15-03763,,29.440867338522377,82.64996328794372,29.438897,82.64753686408451,39.80317,0.122404126050468,5410.78,5938.821
RGI2000-v7.0-G-15-03764,,29.439736556996383,82.65298675614494,29.4371325,82.65066877860886,30.61328,0.175779090190417,5205.305,5533.5386
RGI2000-v7.0-G-15-03765,,29.44271537421517,82.65575351139519,29.4439235,82.65326083786283,31.659695,0.101620450503997,5068.203,5308.174
RGI2000-v7.0-G-15-03766,,29.431313575601745,82.64766899412251,29.4341905,82.64226942829828,36.47469,0.234269163907799,5353.887,6011.202
RGI2000-v7.0-G-15-03767,,29.439685592649045,82.6319454468318,29.4362425,82.6357661496754,37.007202,0.210897866189404,5078.6504,5751.605
RGI2000-v7.0-G-15-03768,,29.438549726615243,82.62706374600418,29.435384499999998,82.6309137893695,43.00478,0.154570712011145,5031.7734,5829.9785
RGI2000-v7.0-G-15-03769,,29.45020130265116,82.62607808625376,29.4365745,82.61810390994236,25.091688,3.278317891637485,4689.6562,6087.8564
RGI2000-v7.0-G-15-03770,,29.44169127592456,82.60177894084633,29.441589,82.59814856590665,45.41434,0.077901557189292,5678.2217,6097.311
RGI2000-v7.0-G-15-03771,,29.44076110240815,82.59378277495699,29.440793499999998,82.59542039745509,42.962105,0.058854729482702,5865.5083,6093.403
RGI2000-v7.0-G-15-03772,,29.443107243600295,82.58772480537458,29.444693,82.58869521794873,24.905262,0.08229306323171,5332.513,5504.349
RGI2000-v7.0-G-15-03773,,29.45544767103794,82.59976966557237,29.448475,82.59522184627932,34.9398,0.66620140135451,4967.1875,6096.8726
RGI2000-v7.0-G-15-03774,,29.456898232816187,82.58676975095096,29.454529,82.58525318287036,41.79319,0.127531419767001,5630.215,6086.3394
RGI2000-v7.0-G-15-03775,,29.452861327572325,82.57555180379691,29.4562085,82.57803030726315,27.526915,0.197928570338151,5342.885,5617.823
RGI2000-v7.0-G-15-03776,,29.463032652404742,82.57900789968369,29.461781000000002,82.57937492112299,40.643524,0.057402840179287,5554.06,5887.1733
RGI2000-v7.0-G-15-03777,,29.460195872036348,82.59308905274844,29.460538,82.58967160416668,24.710466,0.204834304328656,5192.6216,5490.642
RGI2000-v7.0-G-15-03778,,29.457446656495815,82.56503588615108,29.455672999999997,82.56722696981662,45.023624,0.072413640574466,5249.4126,5723.4033
RGI2000-v7.0-G-15-03779,,29.463257758873784,82.56743144675947,29.460779,82.56534334363113,30.156324,0.160483993762914,4761.4316,5085.728
RGI2000-v7.0-G-15-03781,,29.44730589512071,82.54835521733214,29.453249,82.5512135613049,30.825338,0.306616859646218,5168.74,5896.6895
RGI2000-v7.0-G-15-03782,,29.44768162085005,82.54690376491122,29.4531345,82.54490842951023,25.818232,0.544609894451087,5196.2017,5869.5312
RGI2000-v7.0-G-15-03783,,29.46081405398906,82.54911031079904,29.459514,82.55119070212766,33.292717,0.093437847251119,5528.5483,5896.426
RGI2000-v7.0-G-15-03784,,29.46650325068005,82.55033955089591,29.466569999999997,82.55152233143929,36.22342,0.050815574605943,5482.975,5795.685
RGI2000-v7.0-G-15-03785,,29.467714596841414,82.55633962303935,29.4662525,82.55411400890404,40.94627,0.056771315932523,5483.865,5794.855
RGI2000-v7.0-G-15-03786,,29.474347757391115,82.55929864663764,29.4715485,82.5560123102232,25.10663,0.176144964658421,4958.1675,5376.5405
RGI2000-v7.0-G-15-03787,,29.471418478873456,82.54110396507839,29.4654625,82.54470734631865,26.397984,0.412112034302415,4802.936,5486.6064
RGI2000-v7.0-G-15-03788,,29.433527053866527,82.54414255226487,29.4254805,82.56213698373105,27.459888,6.898754867020783,4642.4688,6444.2466
RGI2000-v7.0-G-15-03789,,29.401700235650484,82.53656852324085,29.4075955,82.5537735956419,37.534973,3.608603690639552,4676.601,6463.847
RGI2000-v7.0-G-15-03790,,29.39610012375079,82.5820360135046,29.401686,82.57042846713881,27.36134,3.4958192630319,4892.844,6551.7617
RGI2000-v7.0-G-15-03791,,29.39971850999577,82.58148159295105,29.408562500000002,82.58084688766534,35.371414,1.319764177307079,5166.6416,6429.5337
RGI2000-v7.0-G-15-03792,,29.406940894978554,82.59472470805474,29.4096355,82.59453313931446,21.62371,0.167836699954743,5135.6455,5370.015
RGI2000-v7.0-G-15-03793,,29.415647339679285,82.59096329403562,29.419633,82.59190000451078,47.238853,0.295852069337097,5732.093,6397.6006
RGI2000-v7.0-G-15-03794,,29.415531618117683,82.58943495825227,29.419960500000002,82.58645619784173,37.3195,0.398286179295833,5724.5156,6466.7856
RGI2000-v7.0-G-15-03795,,29.43403586646648,82.59143926304928,29.433194999999998,82.59197114007092,39.785713,0.020428654611796,5443.844,5614.8784
RGI2000-v7.0-G-15-03796,,29.397500126422827,82.58911722938244,29.40968,82.61246332437359,25.764105,7.095214147433573,4955.8813,6217.476
RGI2000-v7.0-G-15-03797,,29.404618353359382,82.6341144749128,29.401302,82.62581983847403,39.313946,0.424177077145978,5453.589,6201.75
RGI2000-v7.0-G-15-03798,,29.392610885033875,82.6244933973195,29.395715000000003,82.62299985618247,45.473705,0.120975803287289,5560.985,6159.1777
RGI2000-v7.0-G-15-03799,,29.392068062556397,82.62015088646042,29.3940035,82.61952299412684,47.768204,0.077567744310919,5727.6772,6239.4873
RGI2000-v7.0-G-15-03800,,29.391053715239615,82.61727099414976,29.3928955,82.61674537712642,50.25019,0.033047025615764,5790.0024,6224.0996
RGI2000-v7.0-G-15-03801,,29.38151507784011,82.60111401074289,29.388818,82.60917703358209,29.03768,0.764616131546431,5083.8335,6222.872
RGI2000-v7.0-G-15-03802,,29.393252599930765,82.59537766275133,29.3906725,82.59902395279511,32.90824,0.262519936720445,5226.924,5660.1787
RGI2000-v7.0-G-15-03803,,29.37350791874092,82.57270452946975,29.38468,82.56690023192901,21.12041,3.761279218983577,4982.4917,5964.617
RGI2000-v7.0-G-15-03804,,29.396897342416207,82.53668628205558,29.389226,82.5487334957773,38.723164,1.145142486081253,4708.4697,5952.675
RGI2000-v7.0-G-15-03805,,29.40689604038424,82.63757408586183,29.408542,82.6312780017038,29.762053,0.262777937387634,5296.627,5913.175
RGI2000-v7.0-G-15-03806,,29.415505802378078,82.64386132370174,29.4195505,82.63562874779122,26.363632,1.482838321593114,5076.4067,6121.786
RGI2000-v7.0-G-15-03807,,29.4216896471252,82.64764922687617,29.426954000000002,82.64140987148231,20.60294,0.918122365857635,5182.838,5875.284
RGI2000-v7.0-G-15-03808,,29.463355266578244,82.64739660675488,29.462631000000002,82.64805095255474,25.927143,0.025532012782332,5453.9883,5551.8125
RGI2000-v7.0-G-15-03809,,29.414667080485696,82.74125787848699,29.411786,82.74564647578464,29.513615,0.221489995992667,4980.0786,5494.876
RGI2000-v7.0-G-15-03810,,29.319239487709666,82.51975220634162,29.3185715,82.52033315081384,25.586054,0.017258688446567,5068.3457,5140.954
RGI2000-v7.0-G-15-03811,,29.29307316476906,82.49110093120595,29.2917955,82.49737581304348,26.289043,0.22776732349266,4782.335,5202.688
RGI2000-v7.0-G-15-03812,,29.37778731064926,82.43750342233724,29.379582499999998,82.4365020275886,27.063004,0.107118955823091,5171.6875,5351.7627
RGI2000-v7.0-G-15-03813,,29.138331268697947,82.70259022439114,29.131603,82.70087687654845,29.313322,0.574345482885213,4727.172,5828.1226
RGI2000-v7.0-G-15-03814,,29.13903142750201,82.71562635233404,29.1324775,82.71482009419213,31.054775,0.612042934449656,4870.8286,5852.917
RGI2000-v7.0-G-15-03815,,29.141232654414015,82.71890972339318,29.135175500000003,82.72198117492309,34.156075,0.678795491857114,4784.831,5848.3066
RGI2000-v7.0-G-15-03816,,29.138205723064065,82.72557317306581,29.134985999999998,82.7253635397351,44.12489,0.091233201194144,5078.5635,5791.3594
RGI2000-v7.0-G-15-03817,,29.14799957035192,82.73105342760974,29.139986,82.73018520751984,31.725151,1.023843171968604,4739.648,5766.041
RGI2000-v7.0-G-15-03818,,29.147609772042237,82.73948993387131,29.141535500000003,82.74087638333333,29.22353,0.584876941824249,4861.6895,5703.1763
RGI2000-v7.0-G-15-03819,,29.147996869773593,82.74173593122492,29.1437945,82.74479352804488,27.152267,0.221968135378919,4911.6216,5437.967
RGI2000-v7.0-G-15-03820,,29.152051680601335,82.74065957581662,29.1434905,82.75042888966907,25.034178,0.742470130462438,4817.0186,5816.7764
RGI2000-v7.0-G-15-03821,,29.157672228320994,82.74745892735582,29.1475675,82.75400377466639,20.043922,0.869252659768242,4956.061,5879.834
RGI2000-v7.0-G-15-03822,,29.161783128483947,82.75902241638553,29.150699000000003,82.75878065,22.481884,1.362973682690226,4896.973,5915.1177
RGI2000-v7.0-G-15-03823,,29.150893258490218,82.77123378756764,29.147647,82.7653210224813,28.76981,0.322117786642004,5061.563,5495.973
RGI2000-v7.0-G-15-03826,,29.13127279180298,82.76819040913337,29.1317345,82.76612992168123,25.758144,0.143465589846585,5276.764,5441.985
RGI2000-v7.0-G-15-03828,,29.1191908126647,82.78200554907352,29.1186185,82.77507286068624,21.063263,0.854472947360925,4940.818,5586.8804
RGI2000-v7.0-G-15-03830,,29.1030720127052,82.76389716643013,29.104839,82.76912310847834,33.075512,0.34839934159184,4795.074,5468.6387
RGI2000-v7.0-G-15-03831,,29.105451407115353,82.76278483896799,29.109309500000002,82.76545538400012,28.12826,0.332510807329166,4886.1504,5612.679
RGI2000-v7.0-G-15-03832,,29.110520157322114,82.7634991861509,29.111014,82.76229911090658,35.20959,0.029669792205204,5234.1943,5390.4717
RGI2000-v7.0-G-15-03833,,29.110058402637744,82.75751345407173,29.1108005,82.7599314034091,42.104702,0.033318461670894,5085.9185,5392.039
RGI2000-v7.0-G-15-03835,,29.116640132589104,82.71840371251835,29.122404500000002,82.72671682997844,24.539227,0.716695605878812,4800.092,5657.4097
RGI2000-v7.0-G-15-03836,,29.12223985229677,82.71628945563762,29.1241245,82.71765769563032,35.38132,0.141499154063915,5190.321,5583.6367
RGI2000-v7.0-G-15-03837,,29.119460646304937,82.70706738756812,29.1194725,82.70572530650198,30.841211,0.031132329278038,5303.468,5435.275
RGI2000-v7.0-G-15-03838,,29.118117105730363,82.69916136230766,29.1160885,82.70053349158115,28.93294,0.089439354810575,4921.3433,5226.8804
RGI2000-v7.0-G-15-03839,,29.113353630317693,82.69906714244573,29.113125500000002,82.69992786223395,28.851738,0.015069074672068,5180.0107,5267.389
RGI2000-v7.0-G-15-03840,,29.108865019537472,82.79675806821042,29.106838500000002,82.79828074259868,29.559362,0.088241555419776,4934.2695,5181.544
RGI2000-v7.0-G-15-03841,,29.10282013323618,82.79381867123112,29.1010275,82.79858681048944,27.960512,0.338426124873559,5012.5728,5593.8623
RGI2000-v7.0-G-15-03842,,29.091430704052772,82.80102923569065,29.092961,82.8015722204969,31.2687,0.056804709580379,5230.439,5420.473
RGI2000-v7.0-G-15-03843,,29.17329651735182,82.8058345818269,29.1744535,82.80689050000001,25.727226,0.035419886945049,5323.3115,5442.0283
RGI2000-v7.0-G-15-03844,,29.182908623991594,82.80454217959489,29.1810695,82.80896534941226,30.87091,0.201518546689784,5046.6055,5449.184
RGI2000-v7.0-G-15-03845,,29.19414880456133,82.91556480280836,29.196437500000002,82.9120490016191,24.775703,0.210216925561964,4561.2305,5047.7563
RGI2000-v7.0-G-15-03846,,29.180790475898878,83.02342046230335,29.177715499999998,83.02232566299264,33.34211,0.130001070491763,5169.692,5584.5527
RGI2000-v7.0-G-15-03848,,29.145281253451447,83.03289683959571,29.1447455,83.03435728481861,23.9465,0.035264291065748,5253.3057,5383.779
RGI2000-v7.0-G-15-03849,,29.121640378342224,83.0449904716811,29.122593,83.0515327422311,29.31304,0.342352261691401,5099.488,5741.585
RGI2000-v7.0-G-15-03850,,29.135383745247626,83.06112699312327,29.128525,83.06001641990846,26.586546,0.667990133765485,5172.661,5915.614
RGI2000-v7.0-G-15-03851,,29.136692011938216,83.06273177349999,29.1284535,83.06727482967034,27.07368,0.911660890474996,5117.296,5992.5156
RGI2000-v7.0-G-15-03852,,29.128791696088008,83.07707593819323,29.127580000000002,83.07594819532139,37.45109,0.058362023950019,5521.7915,5767.78
RGI2000-v7.0-G-15-03853,,29.13761687635286,83.07622765735884,29.135269,83.07587182949842,38.757652,0.131447949383291,5230.2905,5671.5625
RGI2000-v7.0-G-15-03856,,29.11104701060576,83.06995394869969,29.1164105,83.0664476162193,23.364061,0.865056196289763,5273.6406,5978.999
RGI2000-v7.0-G-15-03857,,29.10787238973338,83.06510100307398,29.1094815,83.05949335774258,26.410769,0.247947205694677,5425.8647,5895.4185
RGI2000-v7.0-G-15-03859,,29.098326362338096,83.06116014486453,29.098836,83.05028443109072,20.612183,0.669645879647685,5245.5327,5715.411
RGI2000-v7.0-G-15-03860,,29.105095048877253,83.04398414792556,29.103616,83.04557030882353,37.313972,0.125298830223736,5495.698,5795.522
RGI2000-v7.0-G-15-03861,,29.098561097667595,83.03879581369267,29.097337000000003,83.0398168110678,39.542404,0.033367320218178,5480.112,5735.516
RGI2000-v7.0-G-15-03862,,29.09129523367474,83.0242959883673,29.089825500000003,83.02612554348752,26.106316,0.044672506471553,5165.1133,5367.803
RGI2000-v7.0-G-15-03865,,29.05365777565381,83.03296356310732,29.0524055,83.02657554219948,23.20153,1.210304742478427,5224.023,5893.1685
RGI2000-v7.0-G-15-03866,,29.054457474104005,83.0159663467222,29.051205000000003,83.01637456593407,47.195236,0.103153387297799,5099.6055,5823.815
RGI2000-v7.0-G-15-03867,,29.026921020265466,83.03112258249281,29.025781000000002,83.03122888589982,42.77373,0.022394305875585,5252.132,5503.0615
RGI2000-v7.0-G-15-03868,,29.01971847780419,83.02914679215739,29.021875,83.02845929579124,24.521486,0.078484376133201,5212.754,5404.373
RGI2000-v7.0-G-15-03869,,29.08383534921095,82.9847684177516,29.0837805,82.98361400739631,34.76989,0.023299790943327,5212.4473,5357.112
RGI2000-v7.0-G-15-03870,,29.08470507764117,82.9894819318865,29.085935,82.98566340010544,26.477804,0.082440332617758,5119.6235,5400.676
RGI2000-v7.0-G-15-03871,,29.086517696298102,82.97692533419234,29.088251999999997,82.97739135755396,24.918676,0.106568031605417,5174.6807,5386.8926
RGI2000-v7.0-G-15-03872,,29.090425032454746,82.97987388314871,29.09276,82.98064157224172,38.65405,0.077607284569155,5539.469,5812.6914
RGI2000-v7.0-G-15-03873,,29.09411016588265,82.97566802763609,29.094141999999998,82.97813423316913,42.8339,0.103639595388324,5279.031,5792.184
RGI2000-v7.0-G-15-03874,,29.09827350371038,82.97323054858687,29.098764000000003,82.97396235090909,34.6413,0.035046690545682,5194.0444,5319.8833
RGI2000-v7.0-G-15-03875,,29.099206570968995,82.96832758587293,29.1000445,82.97008221428572,22.654633,0.095615177243111,5232.718,5389.96
RGI2000-v7.0-G-15-03876,,29.10715342425156,82.96793589907753,29.1065865,82.9691586339928,21.714048,0.048535671225436,5619.9375,5746.475
RGI2000-v7.0-G-15-03877,,29.109672373705223,82.97170332242868,29.106997999999997,82.97093875531662,31.667463,0.160319537991367,5431.8833,5747.705
RGI2000-v7.0-G-15-03878,,29.114091562689858,82.98393479204746,29.106082,82.97821177769771,25.935059,0.956093933323838,4852.471,5808.6895
RGI2000-v7.0-G-15-03879,,29.112931355974684,82.98768159363007,29.1061255,82.984410571929,31.036736,0.973931025999643,4896.835,5891.8105
RGI2000-v7.0-G-15-03880,,29.10026587841055,83.00415415502972,29.1026405,83.00100651465202,27.920498,0.307009641570857,5505.78,5896.851
RGI2000-v7.0-G-15-03881,,29.09568210647611,83.00339039662205,29.097859,82.9989806064982,20.148005,0.416303892663317,5271.2764,5646.6084
RGI2000-v7.0-G-15-03882,,29.086057954356377,82.99942140012335,29.092695,82.9922916869748,22.153856,1.662240048165269,5001.013,5752.5405
RGI2000-v7.0-G-15-03884,,29.11491667648467,82.99925323879384,29.1092575,83.00429587936551,27.471855,0.503699942125524,4929.634,5722.476
RGI2000-v7.0-G-15-03885,,29.11429495272385,83.01184662333564,29.113336,83.0104683816935,31.269625,0.067515976703423,5201.992,5405.9795
RGI2000-v7.0-G-15-03886,,29.109032944669032,83.04331159381914,29.11309,83.04733378750001,22.69737,1.189106517571626,5256.4424,5958.2886
RGI2000-v7.0-G-15-03887,,29.249989667295996,83.05153731673931,29.248113,83.0506815,39.173332,0.108762614507414,5312.7446,5668.832
RGI2000-v7.0-G-15-03888,,29.252043728052882,83.0463219943344,29.2502365,83.04733152600485,29.28785,0.048551972325363,5326.8057,5549.5317
RGI2000-v7.0-G-15-03889,,29.242227020136827,83.32992118305664,29.2409715,83.33011608861031,37.314354,0.047569152881301,5497.1626,5673.131
RGI2000-v7.0-G-15-03890,,29.245316547541677,83.33528950960465,29.243426499999998,83.33470215735619,20.88355,0.063208951070728,5512.78,5672.268
RGI2000-v7.0-G-15-03892,,29.23332931151653,83.34509216171422,29.2323425,83.34367,20.133953,0.057714406355257,5389.8135,5475.6494
RGI2000-v7.0-G-15-03893,,29.22844118867094,83.34173986850466,29.229246500000002,83.34422715740078,24.874496,0.116074405651069,5455.444,5697.638
RGI2000-v7.0-G-15-03894,,29.23838700000001,83.354496,29.2369305,83.3561575031151,33.129456,0.030008015352867,5800.5293,5963.2427
RGI2000-v7.0-G-15-03895,,29.246850369755606,83.35773423232027,29.2417855,83.36206712090814,31.790123,0.388072040312776,5229.9375,6006.07
RGI2000-v7.0-G-15-03896,,29.24265665301545,83.37255625916028,29.238571999999998,83.37154528383796,33.89748,0.363110719300655,5258.115,5809.8696
RGI2000-v7.0-G-15-03897,,29.242165136040676,83.37572731461243,29.240037,83.37651439178389,38.178562,0.110891252149702,5343.62,5685.627
RGI2000-v7.0-G-15-03898,,29.226498185793332,83.36224271321697,29.232074500000003,83.36448878580393,29.529642,0.755642248681526,5589.706,6043.077
RGI2000-v7.0-G-15-03899,,29.258374752016604,83.33956432144605,29.256076,83.34030608786611,33.24089,0.094054552360915,5453.0884,5748.2114
RGI2000-v7.0-G-15-03900,,29.256865422227065,83.33531788657328,29.2549405,83.33519869533728,38.90134,0.069815172062178,5362.4473,5731.232
RGI2000-v7.0-G-15-03901,,29.194035557887005,83.41472824609272,29.1928675,83.41396396559446,35.139652,0.050693521417885,5558.108,5782.245
RGI2000-v7.0-G-15-03902,,29.193840403903412,83.41610167858155,29.19289,83.41622066109952,36.44333,0.027919523487772,5585.698,5756.3706
RGI2000-v7.0-G-15-03903,,29.195582496948465,83.41643630237641,29.1939635,83.41869558244682,32.73068,0.096639291423569,5389.2983,5712.472
RGI2000-v7.0-G-15-03904,,29.18818457584519,83.41797932553936,29.1898975,83.4189786736284,22.393217,0.060189524325167,5493.542,5616.246
RGI2000-v7.0-G-15-03905,,29.19040321874443,83.43072986392465,29.189584500000002,83.4320789515987,32.18181,0.031123590610398,5623.987,5759.303
RGI2000-v7.0-G-15-03906,,29.184512895014738,83.43014021766126,29.183373500000002,83.43097927014824,35.20639,0.034259520264547,5498.6963,5688.858
RGI2000-v7.0-G-15-03907,,29.192108917241143,83.44139909299238,29.1907595,83.44188850962365,40.338776,0.075220026090168,5470.1978,5756.7134
RGI2000-v7.0-G-15-03908,,29.194372646012088,83.44215831396956,29.1931415,83.44625700447634,28.559307,0.386813836438089,5379.148,5730.1836
RGI2000-v7.0-G-15-03909,,29.205952452166336,83.44112841647942,29.205033999999998,83.4405339625,39.62069,0.04307078138183,5567.6006,5706.255
RGI2000-v7.0-G-15-03910,,29.22130962851023,83.44682111510936,29.215803,83.44851641624433,26.368832,0.478200253738733,5373.4004,5804.835
RGI2000-v7.0-G-15-03911,,29.222428562905733,83.45564721695398,29.220775500000002,83.4545572512655,24.156935,0.042741315886299,5520.4487,5656.983
RGI2000-v7.0-G-15-03912,,29.212927468131472,83.46418691949115,29.210789,83.46017435672515,28.361504,0.169404870566747,5439.998,5766.4
RGI2000-v7.0-G-15-03913,,29.21277439528464,83.46800974560789,29.2105,83.46765605327869,28.18302,0.120613123502883,5449.8696,5756.487
RGI2000-v7.0-G-15-03914,,29.220627384011,83.47359441449386,29.219533,83.47335958910817,38.231285,0.0454322063782,5673.252,5866.3193
RGI2000-v7.0-G-15-03916,,29.199258525846208,83.49245112377952,29.198054,83.494398465552,24.854471,0.058785711228926,5580.384,5750.1875
RGI2000-v7.0-G-15-03917,,29.206907661592584,83.49738771353468,29.204499,83.49951295056417,28.710238,0.13227584524574,5470.411,5823.0483
RGI2000-v7.0-G-15-03918,,29.20739296525394,83.5030623789815,29.20465,83.50570137393163,21.654278,0.208292680302339,5521.7266,5769.4194
RGI2000-v7.0-G-15-03919,,29.229137387222053,83.51048910037443,29.2282075,83.511068863004,40.744324,0.032639252233501,5569.1396,5740.2583
RGI2000-v7.0-G-15-03920,,29.230592097059848,83.51377520424754,29.229466000000002,83.51397305974479,41.828114,0.048004875053032,5561.897,5796.4463
RGI2000-v7.0-G-15-03921,,29.255726197436044,83.47578334947308,29.2550405,83.47458843776823,27.182602,0.027781299506111,5552.196,5649.0806
RGI2000-v7.0-G-15-03922,,29.257095199758712,83.4725535074215,29.2555275,83.47039875537983,29.906534,0.056858175641836,5511.5757,5745.319
RGI2000-v7.0-G-15-03923,,29.224181636997486,83.43540645478905,29.2223125,83.43717128940362,38.689087,0.114274757039136,5496.685,5854.9204
RGI2000-v7.0-G-15-03924,,29.300364189252555,83.44569226479489,29.2999835,83.44531035564853,38.068733,0.016406291758568,5714.259,5812.5796
RGI2000-v7.0-G-15-03925,,29.30479741696228,83.44065633153005,29.3030395,83.44224780859369,27.147577,0.062980803902272,5521.987,5761.462
RGI2000-v7.0-G-15-03926,,29.311207321343293,83.44469608773204,29.309111,83.44305655136269,25.842249,0.140028773708795,5552.648,5788.18
RGI2000-v7.0-G-15-03927,,29.311784954587857,83.437347390562,29.3102455,83.43805838600574,38.364773,0.041398548995747,5554.7686,5808.098
RGI2000-v7.0-G-15-03928,,29.35984558190424,83.42024542157945,29.3582955,83.42080083932015,32.743958,0.096129223305961,5552.2734,5783.861
RGI2000-v7.0-G-15-03929,,29.362360890617822,83.38541455523811,29.360456499999998,83.38569566255364,42.07022,0.079736301883729,5542.6523,5798.2544
RGI2000-v7.0-G-15-03930,,29.117100245091372,83.30494192700131,29.1136005,83.306802,35.081562,0.267525431983623,5315.3633,5779.816
RGI2000-v7.0-G-15-03931,,29.023324522637672,83.30819432851082,29.022242,83.30885496330315,38.435246,0.029840333430365,5430.0845,5596.824
RGI2000-v7.0-G-15-03932,,29.017739162196946,83.30419607120605,29.016402499999998,83.30592866109302,30.346027,0.097949424383813,5297.6133,5555.2812
RGI2000-v7.0-G-15-03933,,29.014038090120014,83.29553950552935,29.013389,83.29649981771996,28.971663,0.039575908085544,5360.36,5518.37
RGI2000-v7.0-G-15-03934,,28.99915298772571,83.28605456054915,28.996384499999998,83.28423423645822,25.914995,0.103028629872303,5423.371,5718.541
RGI2000-v7.0-G-15-03936,,28.979979158009897,83.28487639463437,28.97879,83.28644007234433,20.707253,0.047819479298997,5425.982,5533.762
RGI2000-v7.0-G-15-03937,,28.97504724879124,83.27926523201636,28.972776,83.28106896988399,34.288425,0.215275949290663,5361.4287,5762.9185
RGI2000-v7.0-G-15-03938,,28.961414678075528,83.27950455326373,28.9603645,83.2793566682951,31.815521,0.060356671873161,5487.3813,5630.3657
RGI2000-v7.0-G-15-03939,,28.94854630896552,83.3049612716096,28.9462345,83.30918860672708,22.624128,0.221030634397699,5422.886,5724.5156
RGI2000-v7.0-G-15-03940,,28.938332137610637,83.30088336252808,28.9391325,83.30664239293776,32.705906,0.400271609065244,5326.3535,5814.87
RGI2000-v7.0-G-15-03941,,28.989380288080966,83.30325427238301,28.9887145,83.30145025767517,33.546585,0.048629428548626,5302.2666,5486.25
RGI2000-v7.0-G-15-03942,,28.97742224385311,83.38375818441538,28.975156,83.38521171589247,36.619698,0.174449587169463,5472.043,5819.733
RGI2000-v7.0-G-15-03943,,28.98363341670228,83.38856304373796,28.9811835,83.39045131003788,40.78895,0.444515018625017,5263.545,5839.897
RGI2000-v7.0-G-15-03944,,28.961662876308157,83.43293876836313,28.9620635,83.43432292154355,35.68602,0.089293938161461,5663.3105,5891.1006
RGI2000-v7.0-G-15-03945,,28.961014033523657,83.43920871019365,28.960814499999998,83.43800740270214,30.129185,0.025826622848776,5736.6445,5850.815
RGI2000-v7.0-G-15-03946,,28.96811795852156,83.43197873936624,28.9654895,83.43636927910052,41.412064,0.20760125927174,5314.9736,5888.2896
RGI2000-v7.0-G-15-03947,,28.958529638430754,83.45154728518938,28.955494,83.45116488692196,36.4959,0.325255482419207,5386.368,5930.293
RGI2000-v7.0-G-15-03948,,28.949558675773687,83.45581286517334,28.9502065,83.45491108070117,27.802385,0.025648047480381,5798.464,5897.1353
RGI2000-v7.0-G-15-03949,,28.95231646643343,83.45836872833196,28.9511595,83.45698317264339,36.649685,0.089941715981278,5603.0107,5848.5327
RGI2000-v7.0-G-15-03950,,28.951591310998925,83.46150684986337,28.950048,83.460772125,43.074734,0.030869163085723,5565.519,5884.646
RGI2000-v7.0-G-15-03951,,28.943575078904633,83.44101945125628,28.9404005,83.4452996030729,33.66224,0.361732639658146,5312.777,5844.972
RGI2000-v7.0-G-15-03952,,28.93511236069577,83.44955288118577,28.934581,83.44612860141845,24.09626,0.186588874558494,5577.7407,5816.893
RGI2000-v7.0-G-15-03953,,28.944250066570852,83.43497800607729,28.9391655,83.43858269765445,36.74359,0.491939384816454,5190.7744,6068.278
RGI2000-v7.0-G-15-03954,,28.940858063567706,83.4291505001796,28.937994500000002,83.4317254953443,40.525333,0.322903568356031,5399.196,6008.6255
RGI2000-v7.0-G-15-03955,,28.936535556194354,83.42762338847905,28.936362,83.42862781518424,39.060318,0.035086190736323,5682.614,5877.154
RGI2000-v7.0-G-15-03956,,28.93448315311739,83.42646385804437,28.933844999999998,83.42757650862069,37.156815,0.029642109564488,5563.428,5787.9395
RGI2000-v7.0-G-15-03957,,28.93545212667888,83.42264330647713,28.933308,83.42496870984041,35.353065,0.099930906604578,5335.7773,5736.128
RGI2000-v7.0-G-15-03958,,28.929327368384584,83.43369335664507,28.932267500000002,83.43583459772361,31.915396,0.108088923219868,5690.42,6079.625
RGI2000-v7.0-G-15-03959,,28.925501195960695,83.44116570267865,28.9275375,83.43673717139603,24.52929,0.404973704803654,5496.041,5971.277
RGI2000-v7.0-G-15-03960,,28.90627029257192,83.45649872207635,28.90271,83.45500409279515,24.587292,0.243824359364929,5455.1006,5755.8975
RGI2000-v7.0-G-15-03961,,28.900043553486512,83.44971153676465,28.9006605,83.45218447922318,35.60257,0.064459774861433,5557.333,5769.0684
RGI2000-v7.0-G-15-03962,,28.89922866377938,83.45994638984588,28.8984515,83.45909061115808,29.444803,0.039610576353355,5610.4556,5754.872
RGI2000-v7.0-G-15-03963,,28.90573202716919,83.46606375774006,28.903061,83.47343909125662,26.50738,0.874406187347335,5417.857,5956.9336
RGI2000-v7.0-G-15-03964,,28.891156611422524,83.47766311946974,28.888859,83.4745437555631,24.442472,0.230625338978864,5542.6226,5861.719
RGI2000-v7.0-G-15-03965,,28.883033881013862,83.46591392637977,28.885026000000003,83.46910584031622,26.339622,0.263798900882688,5481.501,5854.1924
RGI2000-v7.0-G-15-03966,,28.87713012229511,83.45884281309706,28.876219,83.45969770461241,26.411654,0.048386165684745,5345.551,5442.236
RGI2000-v7.0-G-15-03967,,28.87153432448378,83.45083869259261,28.870307,83.45037641047219,28.975956,0.024546083560909,5396.3105,5528.9043
RGI2000-v7.0-G-15-03968,,28.870394831240443,83.44460260206195,28.869266,83.44544929861902,38.008873,0.041219260365643,5311.6587,5608.61
RGI2000-v7.0-G-15-03969,,28.87044240003734,83.44247373985029,28.868734,83.44319506964467,33.35986,0.056346691106739,5254.0396,5565.7124
RGI2000-v7.0-G-15-03970,,28.871106544062958,83.4331622006847,28.865582000000003,83.43443934533678,33.40651,0.590715511739848,5212.8325,5847.6875
RGI2000-v7.0-G-15-03971,,28.855152343890612,83.42545771558814,28.859819,83.42978702002867,31.59386,0.45491915878332,5179.741,5775.7075
RGI2000-v7.0-G-15-03972,,28.852628720857748,83.42763766910284,28.8530035,83.43068001005915,30.192928,0.201466592094199,5427.792,5770.393
RGI2000-v7.0-G-15-03973,,28.848848955892848,83.42616720889662,28.849392,83.42898255294045,32.881695,0.118577717204778,5425.334,5800.607
RGI2000-v7.0-G-15-03974,,28.84704070319802,83.4286278868312,28.846668,83.42952975383044,30.696815,0.020091191994839,5614.2217,5749.173
RGI2000-v7.0-G-15-03975,,28.86195030931546,83.41658915697785,28.862194,83.41978982461025,34.431103,0.061660823382968,5491.7227,5685.494
RGI2000-v7.0-G-15-03976,,28.863226712017404,83.41427200448706,28.8614485,83.41452297842886,39.784027,0.047317700385495,5244.431,5571.132
RGI2000-v7.0-G-15-03977,,28.860790059025685,83.4103461743944,28.859744499999998,83.41103525582412,38.896965,0.029272485400565,5497.674,5695.982
RGI2000-v7.0-G-15-03978,,28.898782326472425,83.44251580600998,28.897395500000002,83.44268427751066,38.053257,0.100025531285859,5460.58,5766.097
RGI2000-v7.0-G-15-03979,,28.91749274290338,83.47854765616755,28.9175885,83.48017474351875,30.948732,0.091004996832831,5815.741,6029.2876
RGI2000-v7.0-G-15-03980,,28.923666222034605,83.47984730881247,28.921809500000002,83.4810708523057,37.856976,0.112518692403224,5577.1177,5948.0293
RGI2000-v7.0-G-15-03981,,28.927139233631028,83.49276886153164,28.922243,83.48702724495874,26.131516,0.671971703602077,5479.6216,6032.9976
RGI2000-v7.0-G-15-03982,,28.893379317032053,83.51044969897391,28.890912,83.50955789624506,33.423855,0.110719710683647,5649.769,6028.2163
RGI2000-v7.0-G-15-03983,,28.894951919657206,83.51332879040707,28.8913375,83.51256212980769,29.307842,0.146451616126157,5613.5747,6072.7593
RGI2000-v7.0-G-15-03984,,28.890544910750457,83.49896464937189,28.887561,83.50700179733333,29.179749,0.440559592983987,5600.825,6130.873
RGI2000-v7.0-G-15-03985,,28.885896430641598,83.49551052863146,28.8816065,83.49917870509978,29.693123,0.584797255807424,5520.6265,6070.832
RGI2000-v7.0-G-15-03986,,28.872330756464322,83.49288445359245,28.8737725,83.4984579826135,31.757994,0.347678374747611,5537.0493,6148.5586
RGI2000-v7.0-G-15-03987,,28.862466431407373,83.49143866664352,28.8637985,83.4962677329786,23.605854,1.09091921809562,5477.4033,6173.3037
RGI2000-v7.0-G-15-03988,,28.857997598546422,83.484142289221,28.8518295,83.49233802827587,30.738468,2.304410618651949,5292.5093,6478.183
RGI2000-v7.0-G-15-03989,,28.843539343535742,83.50241584194725,28.844611999999998,83.50225159353519,38.38085,0.056982249553626,6171.9116,6393.2207
RGI2000-v7.0-G-15-03993,,28.866559565759736,83.52942345740018,28.870019,83.53134248166303,27.874811,0.370332168969813,5879.0996,6263.5884
RGI2000-v7.0-G-15-03994,,28.876917223331695,83.53094567786529,28.8745285,83.53338518172595,39.9183,0.167976061953021,5904.0005,6289.6475
RGI2000-v7.0-G-15-03995,,28.873468731642326,83.53884817036493,28.872229,83.53666758298465,20.21969,0.097195233370774,6065.497,6196.977
RGI2000-v7.0-G-15-03996,,28.86200793120492,83.5363838177206,28.8667405,83.53787390336134,26.33008,0.217128193330399,5870.74,6247.4814
RGI2000-v7.0-G-15-03997,,28.859693309757905,83.54555114276374,28.863304499999998,83.5460413125114,21.851679,0.191955750203594,5805.595,6129.0356
RGI2000-v7.0-G-15-03998,,28.87141638189876,83.56021018357244,28.867415,83.55245258968611,23.519241,0.655717416590439,5507.339,6109.5312
RGI2000-v7.0-G-15-03999,,28.87338228382581,83.54851469239532,28.872516,83.54950890197738,29.17193,0.027004624698924,5933.404,6083.3765
RGI2000-v7.0-G-15-04000,,28.883454204328295,83.54864057071424,28.874064,83.54494223638613,22.74888,0.869622959386422,5526.1846,6199.317
RGI2000-v7.0-G-15-04001,,28.87895576749204,83.54058509157494,28.878109000000002,83.53882002783362,29.854496,0.058398199530229,6018.7246,6246.488
RGI2000-v7.0-G-15-04002,,28.88370036305118,83.53425036724873,28.879657,83.53706000892856,36.507427,0.262257192797698,5709.7627,6312.101
RGI2000-v7.0-G-15-04003,,28.877546614916664,83.52596441365269,28.8754575,83.52344483908504,28.29761,0.124389623249217,5782.4185,6038.552
RGI2000-v7.0-G-15-04005,,28.88279898795334,83.48580029410654,28.879009500000002,83.48744742401664,27.130472,0.570491953899664,5464.8525,5905.7173
RGI2000-v7.0-G-15-04006,,28.851291571593077,83.46823461417814,28.8481775,83.4757977511062,43.38409,0.76834538811888,5312.7065,6250.6816
RGI2000-v7.0-G-15-04007,,28.83666337708268,83.47216321067258,28.8414255,83.47807753398877,29.514193,0.614193791562837,5539.3003,6288.8477
RGI2000-v7.0-G-15-04008,,28.835265919759113,83.47684019343549,28.8381905,83.4804901952821,33.905838,0.146511182652335,5653.8257,6239.996
RGI2000-v7.0-G-15-04009,,28.82678709790798,83.47065665863175,28.830937499999997,83.47765289606079,27.906544,0.798645067514344,5376.881,6001.902
RGI2000-v7.0-G-15-04010,,28.821924721599196,83.46512604109121,28.822338000000002,83.4734825353876,27.56107,0.885122948499449,5314.181,6003.7227
RGI2000-v7.0-G-15-04011,,28.81136301570777,83.46548918632425,28.813853,83.4722152854437,29.40382,0.703172329733865,5287.8364,6061.5723
RGI2000-v7.0-G-15-04012,,28.80915970420853,83.46793526858774,28.808311,83.46959,45.678192,0.118409389221278,5486.102,5946.572
RGI2000-v7.0-G-15-04013,,28.79791658244104,83.47678341642802,28.8077275,83.47933124665272,22.890368,0.97590234178398,5383.6626,6062.7217
RGI2000-v7.0-G-15-04014,,28.799123611413098,83.48279413439296,28.803252999999998,83.48488887539003,29.014208,0.18065346664361,5639.9116,6101.961
RGI2000-v7.0-G-15-04015,,28.799915643328568,83.50467639754972,28.798668,83.50068950818022,21.764698,1.634155278866853,5385.1133,6096.679
RGI2000-v7.0-G-15-04016,,28.790377752317333,83.50098206255899,28.7922455,83.50223728168203,23.677757,0.123822803274,5638.9165,5811.526
RGI2000-v7.0-G-15-04018,,28.77598644579179,83.5022303760642,28.7754335,83.49966662856568,34.904636,0.364035003966406,5704.064,6075.5454
RGI2000-v7.0-G-15-04019,,28.75741421273186,83.49101156258094,28.769004000000002,83.49438220868538,30.519518,1.788760423520952,4886.4673,6375.1133
RGI2000-v7.0-G-15-04020,,28.767155775051943,83.47956329043839,28.7750715,83.48246242944032,35.96656,1.209675394203422,5318.2983,6620.1235
RGI2000-v7.0-G-15-04021,,28.783454182234713,83.48748426082894,28.782287,83.48576772115385,51.46568,0.067031659777063,6056.192,6476.171
RGI2000-v7.0-G-15-04022,,28.756041318580337,83.47454998954589,28.769005999999997,83.46968471795748,37.43164,2.629624810619486,4603.5527,6661.484
RGI2000-v7.0-G-15-04023,,28.75337057794881,83.45612635807353,28.763965499999998,83.45323402741693,31.632214,1.428832066661681,4965.0225,6324.1226
RGI2000-v7.0-G-15-04024,,28.742624742401663,83.44270553199249,28.756381,83.43223817080745,29.96137,3.823155032400837,4765.5938,6517.1787
RGI2000-v7.0-G-15-04025,,28.736772618184137,83.43055577355511,28.7516785,83.42415308872647,25.561209,3.719896096034797,4996.4424,6602.949
RGI2000-v7.0-G-15-04026,,28.73304844204099,83.42051904811538,28.7471155,83.41485645672171,23.95974,1.433693363319321,5075.296,6612.731
RGI2000-v7.0-G-15-04027,,28.695833073895876,83.41739771745901,28.7240515,83.39806057111255,24.342495,27.181067090952755,4170.692,7729.7275
RGI2000-v7.0-G-15-04028,,28.705455187523672,83.358951401527,28.7090425,83.36868854951683,34.0329,1.38630640649905,5322.0747,6636.64
RGI2000-v7.0-G-15-04029,,28.711009811387925,83.35362148799024,28.720833499999998,83.35326046663019,39.668076,0.957946826187765,5336.9556,7174.3657
RGI2000-v7.0-G-15-04030,,28.690766124196447,83.36171783339775,28.691699,83.36333775272331,38.01149,0.039206940603268,5030.6714,5302.0415
RGI2000-v7.0-G-15-04031,,28.68500162858582,83.3619255143478,28.684964,83.36725243516446,40.52383,0.33524443234879,4778.3237,5511.895
RGI2000-v7.0-G-15-04032,,28.67135721836061,83.3843211990031,28.6704075,83.38283061952089,27.950212,0.100591111450059,4991.2754,5127.0713
RGI2000-v7.0-G-15-04033,,28.672283909265705,83.38773339550924,28.673023,83.38658913385433,36.942257,0.04173334043578,4890.3867,5073.167
RGI2000-v7.0-G-15-04034,,28.682051498738506,83.40071874490536,28.6803535,83.39433239767442,32.56969,0.336511240324933,4597.1387,5202.3564
RGI2000-v7.0-G-15-04035,,28.68871903459308,83.40368985771839,28.688191500000002,83.4024261428107,51.43011,0.058191215332409,4796.965,5063.658
RGI2000-v7.0-G-15-04036,,28.695713236390755,83.4408434166642,28.696665000000003,83.44304950777271,25.294004,0.129458662086592,3621.5266,3830.029
RGI2000-v7.0-G-15-04037,,28.705376847973014,83.45210977767685,28.7083095,83.45642231546134,41.34596,0.269135537898937,4806.36,5769.896
RGI2000-v7.0-G-15-04038,,28.724503396391817,83.45483884884922,28.717253499999998,83.46368683531998,38.214848,1.640465459211861,5429.1274,6805.7993
RGI2000-v7.0-G-15-04039,,28.699212605850253,83.45699393112864,28.6978835,83.46489550950473,40.765675,0.224058898772047,4707.5464,5682.236
RGI2000-v7.0-G-15-04040,,28.694264158292434,83.45402222257432,28.689079,83.46253463769429,41.086742,0.925903848877185,4455.9014,5584.2686
RGI2000-v7.0-G-15-04041,,28.684860517063235,83.47474147471968,28.6874715,83.47888510062131,31.652334,0.248977159538674,7144.4585,7710.1753
RGI2000-v7.0-G-15-04042,,28.695081058855227,83.47043736727717,28.696751499999998,83.4772182812996,48.434372,0.786359665791633,6251.447,7555.012
RGI2000-v7.0-G-15-04043,,28.67432982080632,83.48378399747719,28.677975,83.48158899190088,50.52465,0.749394637028221,5848.1704,7309.5576
RGI2000-v7.0-G-15-04044,,28.678786249561828,83.45532107363123,28.6717525,83.46225077390807,27.744436,1.236098627411188,4669.3984,5744.7744
RGI2000-v7.0-G-15-04045,,28.669808387460378,83.46242793252088,28.660065000000003,83.46828708668679,39.226154,1.057475572666072,5223.1626,6337.524
RGI2000-v7.0-G-15-04046,,28.663723254836835,83.44404651178813,28.6561815,83.44814939679752,31.326235,2.816268532575153,4554.3887,6187.4146
RGI2000-v7.0-G-15-04047,,28.64064952264973,83.44183429649259,28.638548,83.44799945327341,37.697136,1.022569990266737,4661.46,5854.449
RGI2000-v7.0-G-15-04048,,28.635057498133474,83.44133805653716,28.6291075,83.44375217588725,42.012127,0.549215784622838,4757.687,6030.173
RGI2000-v7.0-G-15-04049,,28.629576931346385,83.43810467710856,28.62809,83.43873120727272,37.751236,0.042016519147366,4882.474,5137.467
RGI2000-v7.0-G-15-04050,,28.625398218342887,83.43637172773383,28.624384,83.44042387362096,42.030045,0.435775882706394,5032.0713,5943.531
RGI2000-v7.0-G-15-04051,,28.621349567932324,83.449089410491,28.6226895,83.44866955940083,36.96038,0.049603447255311,5867.825,6040.52
RGI2000-v7.0-G-15-04052,,28.622510145955307,83.4564359028799,28.621384,83.45565291514598,38.89071,0.030569602023645,5448.08,5674.0996
RGI2000-v7.0-G-15-04053,,28.638644235813146,83.50119397136207,28.6297305,83.45958953806272,26.845957,4.077185857160397,4133.6504,5940.5034
RGI2000-v7.0-G-15-04054,,28.61149791017323,83.46624594697363,28.612801500000003,83.46608028423287,41.72371,0.021553653295341,5252.2295,5458.3174
RGI2000-v7.0-G-15-04055,,28.611552531740543,83.46750495568634,28.613216,83.46792472786885,39.215366,0.028390272754333,5251.39,5550.9517
RGI2000-v7.0-G-15-04056,,28.61720549257749,83.48186389737684,28.614213499999998,83.47646025129504,27.626284,0.576801465811501,4822.9194,5422.3027
RGI2000-v7.0-G-15-04057,,28.615196312606077,83.48715465908488,28.613847,83.48551461906553,23.635067,0.040852755609586,4967.7993,5089.701
RGI2000-v7.0-G-15-04058,,28.605442229566194,83.45758997489236,28.610332,83.45764703690037,28.422964,0.278852378954194,4859.904,5227.111
RGI2000-v7.0-G-15-04059,,28.60709939733884,83.45077241752446,28.613642,83.44995725773197,30.115782,0.585970097086104,4824.2686,5663.202
RGI2000-v7.0-G-15-04060,,28.615451584322475,83.43348678143994,28.617095499999998,83.43634369387755,27.928808,0.196752382730461,4656.593,5009.931
RGI2000-v7.0-G-15-04061,,28.6475501204842,83.48776384308196,28.650012500000003,83.48577780274418,37.78211,0.673999475695685,4929.6025,6337.019
RGI2000-v7.0-G-15-04062,,28.657472569539404,83.49454953866767,28.6555385,83.48934598811881,30.253942,0.298349802588248,5025.1772,5479.325
RGI2000-v7.0-G-15-04063,,28.652971751570686,83.51800618563338,28.675361000000002,83.50982154978573,30.392202,10.806188519655857,3955.0693,8020.514
RGI2000-v7.0-G-15-04064,,28.681804607183217,83.52246688447313,28.6826185,83.522582575858,52.175156,0.029153241027107,5492.3984,5756.46
RGI2000-v7.0-G-15-04065,,28.685716581318786,83.52319781544031,28.686874500000002,83.52180089230467,31.050982,0.053811539145064,6084.074,6202.7954
RGI2000-v7.0-G-15-04066,,28.690452188263727,83.52499202748905,28.6894375,83.5214196817399,24.272226,0.177372470682114,6014.041,6371.7827
RGI2000-v7.0-G-15-04067,,28.69695803358996,83.56797695916606,28.697072,83.52484453342632,24.094856,6.687069410237114,3968.438,7611.8433
RGI2000-v7.0-G-15-04068,,28.694196387220444,83.51133982380377,28.694339499999998,83.50833389012573,42.112804,0.175441386841437,6660.0635,7183.297
RGI2000-v7.0-G-15-04069,,28.698755728948278,83.51089762472185,28.6974555,83.50402203891971,47.129192,0.155556423002641,6627.3496,7588.4644
RGI2000-v7.0-G-15-04070,,28.67849404203608,83.52718528221132,28.6796705,83.52704367584613,47.93126,0.027896820342348,5003.2227,5294.2427
RGI2000-v7.0-G-15-04071,,28.716679473546023,83.55025544733797,28.718514499999998,83.5505989854033,33.88223,0.059051725219169,4929.917,5176.1
RGI2000-v7.0-G-15-04072,,28.709784993233146,83.56679052283339,28.726315999999997,83.57119075199066,31.620493,5.42990138620046,4260.3535,6853.9336
RGI2000-v7.0-G-15-04073,,28.73052982322095,83.58006160434961,28.732308500000002,83.57936573348519,36.935017,0.116173275663167,5371.7446,5644.6074
RGI2000-v7.0-G-15-04074,,28.739145936768196,83.60072354461029,28.743581,83.58217990013495,39.292503,0.988283112743184,3917.6675,5732.58
RGI2000-v7.0-G-15-04075,,28.75346538744359,83.58297168642275,28.7541995,83.57534202888793,28.563524,0.355787318140017,4573.146,5258.1353
RGI2000-v7.0-G-15-04076,,28.75983382890747,83.56404152975139,28.7609535,83.56262519812361,35.70286,0.171622372293482,5628.666,5848.054
RGI2000-v7.0-G-15-04077,,28.756645329475703,83.56182926894056,28.752011500000002,83.55970477745682,48.055695,0.352207311902644,5967.785,6694.6753
RGI2000-v7.0-G-15-04078,,28.76434269291688,83.52105699916503,28.7586495,83.53491099217682,35.53818,1.218620634672813,4945.587,6797.9453
RGI2000-v7.0-G-15-04079,,28.769263894446137,83.5287585340762,28.7659155,83.53629525567146,32.44618,3.451385982105805,5091.47,6695.789
RGI2000-v7.0-G-15-04080,,28.778947335688304,83.54864546825205,28.7764255,83.55140500117628,27.341858,0.192251480173416,5511.7065,5877.407
RGI2000-v7.0-G-15-04082,,28.770131799732663,83.5718299397008,28.774195,83.57133857099289,27.380898,0.198048216591261,5608.0825,5841.553
RGI2000-v7.0-G-15-04083,,28.753798846308907,83.51333500261836,28.748331,83.5322327062201,30.053097,2.941027033606471,4748.984,6640.2773
RGI2000-v7.0-G-15-04084,Dhaulagiri,28.732786622195736,83.44671984619573,28.7279075,83.51960883954831,27.649433,29.725230673075856,4031.6704,8086.866
RGI2000-v7.0-G-15-04085,,28.715455565247318,83.5838455090951,28.7192685,83.58193656908549,21.23038,0.33583765293807,4243.2314,4613.061
RGI2000-v7.0-G-15-04086,,28.804871644831096,83.6025231004616,28.801898,83.60929665852626,25.688837,1.037405598312516,5465.909,6041.046
RGI2000-v7.0-G-15-04087,,28.818882969062184,83.61118055346697,28.816072499999997,83.61111827613742,32.909103,0.145276345954789,5490.5273,5871.083
RGI2000-v7.0-G-15-04088,,28.819485045920345,83.6178857972254,28.817365000000002,83.61834885298474,25.95815,0.109412093499523,5568.413,5788.5635
RGI2000-v7.0-G-15-04089,,28.841342176687483,83.60934013990392,28.844215,83.61118710840344,28.101025,0.119938842800703,5865.193,6182.1445
RGI2000-v7.0-G-15-04090,,28.848692068996783,83.60792825364626,28.848303,83.61149137695428,35.801052,0.142925050922265,5753.2744,6172.1304
RGI2000-v7.0-G-15-04091,,28.852972623891926,83.6094073208614,28.8503115,83.61103915347664,35.079056,0.147135864440476,5657.057,6159.0757
RGI2000-v7.0-G-15-04092,,28.859719072658304,83.61140792640528,28.8517565,83.62304704121841,26.719664,1.03722372312951,5409.935,6379.22
RGI2000-v7.0-G-15-04093,,28.847151042889582,83.63337647443318,28.848336500000002,83.6319488100007,21.714985,0.061433422128119,5871.0713,5981.636
RGI2000-v7.0-G-15-04094,,28.84625854961836,83.63783988499775,28.847286,83.63617583715597,37.353096,0.043179339307268,5526.042,5809.8037
RGI2000-v7.0-G-15-04095,,28.83906061129316,83.62677306016626,28.8433305,83.63193302794772,21.333923,0.32447253658725,5585.1924,5947.277
RGI2000-v7.0-G-15-04096,,28.859061621031813,83.62151569121347,28.8606835,83.62488919534721,36.096622,0.235829320900333,5826.7256,6385.034
RGI2000-v7.0-G-15-04097,,28.86803624161681,83.63069083135534,28.865507,83.62954407137843,45.359154,0.104595071603674,5779.0586,6379.062
RGI2000-v7.0-G-15-04098,,28.870193406264576,83.62159446211402,28.867585,83.6241813560051,40.51867,0.227680136526765,5807.3506,6333.498
RGI2000-v7.0-G-15-04099,,28.876437934406635,83.6383220501649,28.864565,83.63910278609356,25.48646,2.334539980324106,5004.411,6382.8745
RGI2000-v7.0-G-15-04100,,28.859267062117322,83.65499145884152,28.861245,83.65082878834029,38.746883,0.215411719687094,5800.9434,6329.2397
RGI2000-v7.0-G-15-04101,,28.87182322121479,83.65961473117923,28.8666755,83.65705577316056,38.135197,0.70748438887849,5273.1772,6312.599
RGI2000-v7.0-G-15-04102,,28.8711743125518,83.66504054318602,28.8667965,83.66364236428201,28.11542,0.550473334678468,5278.04,5959.3257
RGI2000-v7.0-G-15-04103,,28.86149706428877,83.56826881841866,28.8596605,83.56211425866624,30.893614,0.546979689917023,5501.9097,6190.398
RGI2000-v7.0-G-15-04104,,28.86691942580755,83.56338628810785,28.8645145,83.56052384506069,27.495771,0.234827431217084,5638.686,6141.1064
RGI2000-v7.0-G-15-04105,,28.854926278488527,83.55816879624585,28.858768,83.55465690093158,32.46733,0.347820620074718,5917.8833,6194.438
RGI2000-v7.0-G-15-04106,,28.878115116666052,83.55793474926467,28.876147500000002,83.55469588495524,30.43736,0.217849812037063,5696.8223,6101.789
RGI2000-v7.0-G-15-04107,,28.889456295101915,83.55546764648156,28.8880205,83.55616251841039,36.37845,0.039904816010825,5733.032,5971.4595
RGI2000-v7.0-G-15-04108,,28.891417176926645,83.56256865775093,28.88922,83.5616972125706,24.345867,0.08324882565458,5567.8794,5772.0083
RGI2000-v7.0-G-15-04109,,28.904102848977644,83.53160526579013,28.902594999999998,83.5281004368421,26.80045,0.133605460906139,5633.7705,6067.9766
RGI2000-v7.0-G-15-04110,,28.90471501991974,83.52835781758179,28.9024815,83.52614989473685,30.64541,0.086200677008807,5745.323,6099.796
RGI2000-v7.0-G-15-04111,,28.947227079901623,83.565003070708,28.944881,83.56625400574288,39.217598,0.204142910311657,5636.9707,6028.718
RGI2000-v7.0-G-15-04112,,28.93956852593549,83.60013652520865,28.936541,83.59998930303203,34.493782,0.232846395420026,5592.9897,6046.076
RGI2000-v7.0-G-15-04114,,28.95247945930029,83.60748772346503,28.951090999999998,83.60654725319449,32.7478,0.036744329227695,5711.444,5923.536
RGI2000-v7.0-G-15-04116,,28.96557168044859,83.61835075359124,28.961108,83.61975301687764,23.22645,0.40188115990547,5591.39,6020.383
RGI2000-v7.0-G-15-04120,,28.97760484738707,83.62649301625105,28.972681,83.62579709228189,24.144678,0.327596664635933,5528.7197,5973.027
RGI2000-v7.0-G-15-04123,,29.006428168874994,83.61264033089923,29.008235499999998,83.61292538426108,27.766783,0.078872983964673,5736.265,5973.1733
RGI2000-v7.0-G-15-04124,,29.01156219800861,83.6063121668914,29.0112445,83.6099905045927,26.921848,0.244985167803047,5591.9893,5971.504
RGI2000-v7.0-G-15-04125,,29.013150032493325,83.61984909701766,29.0120135,83.61498651664544,25.801054,0.174698243294318,5605.71,5969.0547
RGI2000-v7.0-G-15-04126,,29.01830786152404,83.61981683298116,29.0180675,83.61791360721378,25.858883,0.100301517611811,5805.239,5942.108
RGI2000-v7.0-G-15-04127,,29.02220081671669,83.61915332500125,29.0223835,83.61725032334367,23.145617,0.123468604439599,5653.8184,5888.1685
RGI2000-v7.0-G-15-04129,,29.040152130305483,83.59714619459857,29.034021,83.60108625807652,25.33903,1.320694749821167,5414.2363,6091.5273
RGI2000-v7.0-G-15-04130,,29.030379904600625,83.58912335094959,29.0255645,83.59322900000001,21.370655,0.398543845872381,5443.164,5828.4053
RGI2000-v7.0-G-15-04131,,29.02401931342211,83.58867414170396,29.021064,83.58837179988774,26.75382,0.172045086316864,5638.5127,5892.9272
RGI2000-v7.0-G-15-04132,,29.030088005107658,83.582630493379,29.0270685,83.5820821636373,24.441782,0.216480484331064,5550.146,5871.935
RGI2000-v7.0-G-15-04133,,29.023195428187368,83.57418380430471,29.022833,83.57822341696536,27.531523,0.25489087583588,5519.675,5912.5938
RGI2000-v7.0-G-15-04134,,29.039001366148344,83.56998087922122,29.034278,83.5712318706903,24.509186,0.291836626217805,5401.75,5897.9585
RGI2000-v7.0-G-15-04135,,29.059523494484736,83.57216015847445,29.059372500000002,83.57372964362054,39.72618,0.114147548892421,5637.4824,5829.2554
RGI2000-v7.0-G-15-04136,,29.06415508497431,83.57843636424607,29.062928,83.57751195652173,34.771297,0.066085516480628,5612.7607,5842.8735
RGI2000-v7.0-G-15-04137,,29.069291317367,83.58146993163348,29.065317,83.58091973422292,27.306486,0.163754325182096,5414.422,5874.3916
RGI2000-v7.0-G-15-04138,,29.06482385394257,83.59007397860817,29.0629825,83.5900780789825,32.736633,0.063887690960938,5506.256,5780.586
RGI2000-v7.0-G-15-04139,,29.064355191124275,83.60047134473665,29.0608985,83.59793243873861,30.720978,0.377493078783832,5484.7104,5904.938
RGI2000-v7.0-G-15-04143,,29.03093561671897,83.6259685496686,29.0324635,83.62771628352829,32.340458,0.110473980297488,5710.044,5985.576
RGI2000-v7.0-G-15-04144,,29.030958203918022,83.63075015115432,29.0327965,83.63215789405811,29.63979,0.063542622659954,5810.0576,6080.904
RGI2000-v7.0-G-15-04145,,29.021893680155053,83.63895285334655,29.0265545,83.64293370624893,21.811901,0.642705178173623,5604.169,6051.9375
RGI2000-v7.0-G-15-04146,,29.02386372285014,83.65235329307345,29.022156000000003,83.64952227367938,25.102438,0.083320835077709,5756.2363,5972.549
RGI2000-v7.0-G-15-04148,,29.013693872282648,83.63632040679887,29.0098575,83.63927550080558,31.27508,0.274688064042201,5629.335,5971.964
RGI2000-v7.0-G-15-04149,,29.013052774445196,83.66157168053927,29.012300500000002,83.66280978110413,35.590836,0.123083709551938,5797.243,6037.135
RGI2000-v7.0-G-15-04151,,29.02337934052431,83.65622198948813,29.025374499999998,83.66092186931819,29.611088,0.377966829759833,5642.544,6071.382
RGI2000-v7.0-G-15-04152,,29.038754085868224,83.66907538245137,29.0288125,83.67168564899859,20.877567,1.581512378846002,5470.5996,6150.0312
RGI2000-v7.0-G-15-04153,,29.033551486370808,83.67714184636505,29.03247,83.67840128068411,30.401697,0.078342674273614,5902.3525,6118.219
RGI2000-v7.0-G-15-04154,,29.03891449168357,83.68455965059542,29.034391499999998,83.68271314667444,28.381351,0.347732999325503,5652.063,6152.5586
RGI2000-v7.0-G-15-04156,,29.03909131330831,83.70961083581672,29.029327000000002,83.707674,22.967989,0.781427003458055,5608.2734,6372.0474
RGI2000-v7.0-G-15-04157,,29.03667142147684,83.71626512908966,29.0260095,83.71767167924529,23.178907,1.487200960211587,5522.0215,6379.6973
RGI2000-v7.0-G-15-04159,,29.031598083498086,83.73236634214788,29.020103,83.73778218511302,23.242365,2.19117045994054,5541.1045,6329.0728
RGI2000-v7.0-G-15-04160,,29.00097354486573,83.7496553686579,29.0070485,83.74252078402367,24.215029,1.33997272543922,5612.684,6279.5103
RGI2000-v7.0-G-15-04161,,28.99877466606553,83.74645797339575,28.996137,83.74388308886654,31.511179,0.176161099181394,5703.1235,6117.132
RGI2000-v7.0-G-15-04162,,28.98918874774042,83.74323509716122,28.990981499999997,83.74342548193871,32.483734,0.110851934459301,5905.603,6148.044
RGI2000-v7.0-G-15-04164,,28.997733114340587,83.71952397506587,28.999328,83.72253276117442,37.354702,0.119099807940603,5850.879,6056.9287
RGI2000-v7.0-G-15-04165,,28.98785912253572,83.71617629014675,28.992671,83.72125664612692,22.917522,0.319232980309213,5654.051,6061.6616
RGI2000-v7.0-G-15-04166,,29.0082556697984,83.71995379600871,29.011723,83.72472783196828,31.548212,0.518619073642367,5686.321,6278.3447
RGI2000-v7.0-G-15-04167,,29.01508030576994,83.71515523727963,29.0162325,83.71256829601354,39.244595,0.173765169326468,6062.5356,6383.7905
RGI2000-v7.0-G-15-04168,,29.003822722546428,83.70092519219246,29.013493,83.70235794888889,22.472445,1.756703646182084,5543.754,6354.0376
RGI2000-v7.0-G-15-04170,,29.01154469640648,83.68227095633196,29.013005,83.6814696852536,28.344883,0.057545105805802,5915.652,6061.435
RGI2000-v7.0-G-15-04171,,29.006983733644134,83.67241967678956,29.012780499999998,83.67575902622536,26.052895,0.741270327619437,5548.7646,6114.907
RGI2000-v7.0-G-15-04172,,29.006509195535777,83.67720813515407,29.007628,83.67917941465323,28.702194,0.094750767738415,5803.074,5963.696
RGI2000-v7.0-G-15-04173,,29.06062888859327,83.68736758557328,29.060596500000003,83.68584528534836,40.6913,0.033917200129594,5949.3774,6087.4077
RGI2000-v7.0-G-15-04174,,29.06015022414021,83.6776967354209,29.0612305,83.67891063581489,32.852943,0.06601386981885,5918.422,6118.0513
RGI2000-v7.0-G-15-04180,,29.08802314872826,83.62835275288462,29.087031500000002,83.62743166667053,36.547913,0.036549353352171,5657.0757,5840.6025
RGI2000-v7.0-G-15-04181,,29.09194935013574,83.62129320625326,29.090325,83.6216746229336,30.031387,0.096728656239232,5732.9863,5877.7437
RGI2000-v7.0-G-15-04182,,29.100820929312526,83.61497341236196,29.1000615,83.61516716440914,40.078747,0.049455018857404,5760.8213,5926.0146
RGI2000-v7.0-G-15-04183,,29.105024454261667,83.62445115472936,29.1042255,83.62382591423697,29.670029,0.024922864609995,5655.1006,5752.7085
RGI2000-v7.0-G-15-04185,,29.107490864686568,83.63202501847299,29.1076065,83.63073901331981,25.861181,0.038847717157357,5790.5156,5940.6084
RGI2000-v7.0-G-15-04186,,29.125382121081653,83.62253631744237,29.123717499999998,83.62122373423006,31.23215,0.088901269871289,5696.9746,5915.8545
RGI2000-v7.0-G-15-04187,,29.12820737889947,83.643923567732,29.127206,83.64305467949171,34.793987,0.039595864929038,5805.927,6002.801
RGI2000-v7.0-G-15-04188,,29.130129895961996,83.6541400848694,29.124979,83.6555604998594,24.64712,0.692256544580442,5613.814,6026.1343
RGI2000-v7.0-G-15-04191,,29.12908728826194,83.6616447751174,29.126478,83.66440211229394,30.668285,0.274426000473343,5630.772,5976.933
RGI2000-v7.0-G-15-04195,,29.089721365395317,83.68267958241825,29.0880225,83.68169838861279,31.840284,0.156484683485532,5767.0254,6012.314
RGI2000-v7.0-G-15-04196,,29.093817965930477,83.70980430441804,29.092509,83.70420552897983,36.674335,0.207027451427776,5685.01,6099.508
RGI2000-v7.0-G-15-04197,,29.10302058387287,83.70506512097523,29.099618999999997,83.70183896597149,20.31081,0.385463526543234,5785.1885,6091.514
RGI2000-v7.0-G-15-04200,,29.111986929621743,83.72188719154383,29.1109765,83.71708608676539,20.272106,0.314276505034966,5814.8105,6100.2983
RGI2000-v7.0-G-15-04201,,29.11047001890494,83.73379924243677,29.108865,83.73401357390111,42.16378,0.138523060326968,5839.2305,6145.86
RGI2000-v7.0-G-15-04202,,29.10772936318491,83.73905880315107,29.1072085,83.73845241826348,42.78367,0.017884192787244,5903.4634,6057.004
RGI2000-v7.0-G-15-04203,,29.10217883987753,83.74532086056338,29.100687,83.73846663795217,26.123358,0.598763769700253,5740.541,6210.418
RGI2000-v7.0-G-15-04204,,29.100918139919546,83.73130718599599,29.099525,83.73243868466174,33.86759,0.09808702345915,6008.6157,6224.0127
RGI2000-v7.0-G-15-04206,,29.08800444828698,83.71482079640295,29.0861435,83.71110633640102,29.022013,0.263622661340871,5637.3516,5934.725
RGI2000-v7.0-G-15-04208,,29.15263107042616,83.6854863229699,29.150520999999998,83.6901537189534,34.871437,1.690212550100109,5589.049,6059.243
RGI2000-v7.0-G-15-04209,,29.150027130929715,83.7195924493112,29.1473735,83.71628712106752,35.60457,0.245450377586799,5665.9355,6066.7393
RGI2000-v7.0-G-15-04210,,29.15050626104305,83.72722986794696,29.1491785,83.72882865429688,37.00759,0.055125489386388,5838.4453,6054.7114
RGI2000-v7.0-G-15-04212,,29.14249326573611,83.7353906315734,29.143356,83.73840263444606,35.06828,0.322265718148946,5979.744,6272.2563
RGI2000-v7.0-G-15-04214,,29.12716635122426,83.75709792661834,29.126224,83.75797341085271,40.827187,0.044946059797317,6025.3853,6198.1943
RGI2000-v7.0-G-15-04216,,29.119767817863668,83.77157259455166,29.118457,83.76991809599286,36.02475,0.091789002215391,5782.6533,6076.0796
RGI2000-v7.0-G-15-04218,,29.136461750743536,83.7801546122062,29.1387635,83.77986308240742,30.46225,0.244056748881527,6003.538,6296.1606
RGI2000-v7.0-G-15-04219,,29.14701569224063,83.80029210392797,29.144042,83.78684689027546,20.830465,0.925078576571578,5683.9775,6246.84
RGI2000-v7.0-G-15-04220,,29.15026127403761,83.78105689888154,29.149629500000003,83.78192326576615,38.863297,0.037878921717358,6041.469,6216.695
RGI2000-v7.0-G-15-04222,,29.15761021123771,83.76613280988431,29.1544475,83.7663395,32.205696,0.147135036991495,5820.2007,6215.7812
RGI2000-v7.0-G-15-04224,,29.161821893340704,83.75155758539563,29.1601415,83.75126438663244,40.904083,0.090281388043622,5860.1,6132.8135
RGI2000-v7.0-G-15-04225,,29.15853819736825,83.74369386834437,29.154906500000003,83.74696356726963,32.46967,0.419523175791738,5830.6553,6258.3022
RGI2000-v7.0-G-15-04227,,29.1697444081203,83.77214606416707,29.1663205,83.77408906437525,24.022692,0.197443165238875,5845.764,6195.092
RGI2000-v7.0-G-15-04228,,29.159045880843436,83.7885743549596,29.1540385,83.78856546691176,23.889118,0.433127033633719,5750.2397,6221.7134
RGI2000-v7.0-G-15-04229,,29.160627011937752,83.79657785728104,29.1588245,83.79753493377528,37.720474,0.148471794442038,5878.201,6178.491
RGI2000-v7.0-G-15-04230,,29.15549720518241,83.80041230950351,29.156558,83.79869707420858,22.261047,0.106699495728639,6043.937,6173.302
RGI2000-v7.0-G-15-04232,,29.115129094658442,83.81566495945489,29.112838500000002,83.8119887482197,31.534466,0.158156906053217,5659.3506,6028.5957
RGI2000-v7.0-G-15-04233,,29.04889628278352,83.80085758786251,29.0444745,83.79811200296768,24.511084,0.354480524475501,5545.341,6106.112
RGI2000-v7.0-G-15-04237,,29.02490193953191,83.78141318416645,29.0253735,83.78313452421224,34.373856,0.052177161678478,6071.0186,6260.5684
RGI2000-v7.0-G-15-04238,,29.017624452764647,83.77906575172804,29.016140999999998,83.7775896147541,35.061886,0.090312822293812,5779.666,6078.7573
RGI2000-v7.0-G-15-04239,,29.016900631958634,83.77187307469757,29.018,83.77183029129755,34.167145,0.062184620864829,6045.65,6234.347
RGI2000-v7.0-G-15-04240,,29.008180664402637,83.77321943719933,29.015351000000003,83.7658282636166,25.609783,0.663467471081564,5619.3555,6383.4263
RGI2000-v7.0-G-15-04241,,29.017221762499123,83.75445990567435,29.018212,83.75516560070095,38.051113,0.321300747384748,6038.312,6351.9897
RGI2000-v7.0-G-15-04243,,29.040921833953494,83.75106012540024,29.030451,83.75089002904602,23.125301,0.662082913059884,5565.081,6369.6553
RGI2000-v7.0-G-15-04245,,28.973183987884088,83.74105657869526,28.9719895,83.73516943004587,26.566437,0.266446467894498,5685.803,6155.5923
RGI2000-v7.0-G-15-04246,,28.970054410837594,83.72559367662299,28.9687875,83.72873075461638,35.727516,0.163583936083463,5752.5103,6182.0806
RGI2000-v7.0-G-15-04247,,28.961542995504974,83.72289533497211,28.963308499999997,83.72729018830336,21.556292,0.272523567060153,5775.4463,6187.6157
RGI2000-v7.0-G-15-04248,,28.95924862174417,83.71650369108018,28.957857,83.71972977968022,24.251638,0.62026043727216,5588.051,6170.678
RGI2000-v7.0-G-15-04249,,28.949469590364743,83.7169947897175,28.949377,83.72278048160038,25.807724,0.39734933069357,5734.8613,6174.7915
RGI2000-v7.0-G-15-04250,,28.946013130578528,83.71571296855538,28.943357,83.72148507251907,25.662313,0.213252629205918,5642.3267,5997.216
RGI2000-v7.0-G-15-04252,,28.952014598293502,83.73178012391213,28.952022499999998,83.72983289996267,27.381554,0.074217602120309,5965.736,6173.5615
RGI2000-v7.0-G-15-04254,,28.96834332451719,83.74921665267816,28.9670205,83.74850474198718,37.6534,0.169930446565049,5782.5605,6096.9487
RGI2000-v7.0-G-15-04255,,28.958423333526344,83.75410943227074,28.957327,83.75070635731171,35.869335,0.184346676236603,5824.8154,6181.8955
RGI2000-v7.0-G-15-04257,,29.06111119131515,83.55456134727723,29.059478499999997,83.55839022383721,37.31498,0.087335825457997,5530.1123,5952.9727
RGI2000-v7.0-G-15-04258,,29.063636335374486,83.55510345625248,29.061789,83.55822198243803,40.388233,0.10493722317816,5413.9263,5916.64
RGI2000-v7.0-G-15-04259,,29.063822239952835,83.54524407002106,29.0638035,83.54635359772382,30.73987,0.055536895893624,5606.4663,5742.6196
RGI2000-v7.0-G-15-04260,,29.026332891904,83.5314300142698,29.022592,83.53207003037011,36.23124,0.448446260061435,5314.2974,5891.867
RGI2000-v7.0-G-15-04261,,29.001191255250713,83.53796287671642,29.001853,83.54136038524743,22.686176,0.139907307675784,5484.169,5748.2896
RGI2000-v7.0-G-15-04262,,28.997158181580346,83.54395133436006,28.9966225,83.54459683248936,36.155342,0.044708171979697,5744.851,5897.1523
RGI2000-v7.0-G-15-04263,,28.990432525113107,83.54350012452433,28.990045000000002,83.5445950906591,31.426159,0.019022515643589,5775.918,5905.8286
RGI2000-v7.0-G-15-04264,,28.987248961260313,83.54230056781513,28.986421,83.54366558307534,37.848347,0.058666894607495,5631.8228,5886.5625
RGI2000-v7.0-G-15-04265,,28.996440146146078,83.5619000257636,28.994795,83.5613917901432,26.979761,0.076850194964742,5698.8223,5848.835
RGI2000-v7.0-G-15-04266,,28.99854134470606,83.57034342274989,28.993183000000002,83.5674190553521,29.26783,0.288119044668707,5380.029,5952.4673
RGI2000-v7.0-G-15-04267,,29.007771524490234,83.50252349439351,29.005565,83.50263786649275,23.077938,0.056516164074348,5371.808,5523.888
RGI2000-v7.0-G-15-04268,,29.010086043697797,83.49437249565302,29.0087005,83.49429217556533,37.436226,0.061669790505984,5601.049,5807.9175
RGI2000-v7.0-G-15-04269,,29.036230192384295,83.43384431640447,29.0353145,83.43404066390636,42.231018,0.033141702093713,5624.849,5763.6304
RGI2000-v7.0-G-15-04270,,29.062048981291973,83.42507311578181,29.059686,83.42352004743951,34.68852,0.095161684075978,5492.5737,5795.209
RGI2000-v7.0-G-15-04271,,29.006027424298093,83.2059634287297,29.0067815,83.2036225937515,21.422586,0.088994537308145,5361.811,5511.6235
RGI2000-v7.0-G-15-04272,,28.99703474522677,83.18632746571403,28.9938635,83.18718286268472,33.47507,0.236162592698222,5224.6216,5707.587
RGI2000-v7.0-G-15-04273,,28.99289214973968,83.19979084066416,28.9868785,83.19166720761865,31.915737,1.330814989127203,5143.8013,6015.341
RGI2000-v7.0-G-15-04274,,28.990720695526957,83.17821701456533,28.9859625,83.18446572738463,35.526974,0.576455964144305,5072.0303,5983.7627
RGI2000-v7.0-G-15-04275,,28.991295343566847,83.17534258860564,28.985442,83.17970236613756,43.85589,0.643728583124327,4833.5186,6112.257
RGI2000-v7.0-G-15-04276,,28.977041575929814,83.17545733939399,28.9780595,83.17623434462357,49.084843,0.019935872281945,5596.3096,5826.488
RGI2000-v7.0-G-15-04277,,28.975318275536257,83.17656773726648,28.977127,83.1783429714369,46.21078,0.091046941229673,5567.7266,6081.7397
RGI2000-v7.0-G-15-04278,,28.971402917313483,83.18380956235158,28.975274,83.18113973389677,37.38292,0.240976715785555,5536.2627,6088.561
RGI2000-v7.0-G-15-04279,,28.957463414086234,83.18604732216978,28.970646000000002,83.18875304028282,24.40129,1.717601113689205,5064.1465,6097.111
RGI2000-v7.0-G-15-04280,,28.966356264470015,83.19639795898104,28.966887,83.19760894924313,31.349228,0.018653911920316,5543.534,5690.8135
RGI2000-v7.0-G-15-04282,,28.97668808406954,83.19908250139612,28.976998000000002,83.19741830862174,41.083717,0.04681310684591,5705.068,6021.3115
RGI2000-v7.0-G-15-04283,,28.98845494556767,83.167121232942,28.983515500000003,83.1698488546268,36.69935,0.676470308344264,4939.5605,6088.567
RGI2000-v7.0-G-15-04284,,28.978628001824468,83.16751294173962,28.979224000000002,83.16837374144869,40.93717,0.03794460312595,5487.7646,5688.751
RGI2000-v7.0-G-15-04285,,28.984327179599966,83.14466503361108,28.980556999999997,83.15170581052632,30.050491,1.189408160277956,5007.9907,5839.264
RGI2000-v7.0-G-15-04286,,28.980082234771643,83.13499704879148,28.9767875,83.14144913135902,32.331383,0.523787905779314,5055.56,5888.8286
RGI2000-v7.0-G-15-04287,,28.83790030372526,83.16864958470148,28.8364775,83.16941026458824,51.508274,0.024206029445586,5346.1772,5736.7837
RGI2000-v7.0-G-15-04288,,28.835807016109197,83.1759146825753,28.834043,83.17360340765765,31.605036,0.168742521001981,5371.622,5753.078
RGI2000-v7.0-G-15-04289,,28.83672298066675,83.16442631136135,28.8338075,83.16273714099395,42.048225,0.196939404124107,5134.9785,5709.0967
RGI2000-v7.0-G-15-04290,,28.83296446058128,83.15640304204086,28.832096999999997,83.15723917511521,43.499126,0.059388222779619,5419.691,5664.676
RGI2000-v7.0-G-15-04291,,28.821820564233573,83.15206518710359,28.8206995,83.1544821579279,47.799,0.209617151686039,5323.095,5892.2627
RGI2000-v7.0-G-15-04292,,28.819319764892473,83.1664153612839,28.816661500000002,83.16460103816325,39.416584,0.252728694402349,5297.1665,5882.1396
RGI2000-v7.0-G-15-04293,,28.81356520008221,83.17237179549711,28.8072555,83.16696636813691,27.522392,0.586726387275196,5235.493,6207.5864
RGI2000-v7.0-G-15-04294,,28.812489993116255,83.17641147845693,28.8070475,83.17535711488028,27.658285,0.379857550722733,5183.6924,5966.816
RGI2000-v7.0-G-15-04295,,28.797196428155644,83.17434514374652,28.7969225,83.17073680411079,33.76752,0.318518370225115,5580.8623,6231.2866
RGI2000-v7.0-G-15-04296,,28.79345369455092,83.16388679405567,28.795688,83.16544074515134,41.244213,0.06502129909777,5908.3994,6118.8633
RGI2000-v7.0-G-15-04297,,28.79901396420195,83.16164345945053,28.799099,83.1636618452346,47.227367,0.079597814975329,5740.761,6228.9976
RGI2000-v7.0-G-15-04298,,28.786993558126404,83.1766671842627,28.791263,83.1711166436296,28.104118,0.631839600916929,5460.402,6140.6953
RGI2000-v7.0-G-15-04299,,28.78143959006569,83.17632193296375,28.7821115,83.17102713210615,26.845488,0.34116492927062,5575.9473,6069.861
RGI2000-v7.0-G-15-04300,,28.771988285226048,83.17836732257341,28.7675925,83.17194815,27.919392,0.681980984038123,5475.3955,6206.2446
RGI2000-v7.0-G-15-04301,,28.785169130035023,83.21313546911821,28.7591325,83.17261938195188,25.47898,19.42767983050595,4899.2188,7214.138
RGI2000-v7.0-G-15-04302,,28.77937533432594,83.15772879939496,28.770916,83.15891670973156,29.002758,0.581068467551669,5286.278,6464.7495
RGI2000-v7.0-G-15-04303,,28.775104441016197,83.15509527131954,28.773228,83.15681578506374,40.885826,0.088983556766163,5526.2153,5941.287
RGI2000-v7.0-G-15-04304,,28.769398737973503,83.15071619691858,28.768479499999998,83.15311688669266,39.12715,0.030371596949232,5773.7153,6094.5024
RGI2000-v7.0-G-15-04305,,28.80394237140938,83.14727538522048,28.774125,83.14406001834863,24.188183,10.74627595226872,4929.5425,6928.4233
RGI2000-v7.0-G-15-04306,,28.786394466161553,83.1395821752422,28.7880015,83.13819418210527,22.08962,0.075431575812198,5559.023,5747.7393
RGI2000-v7.0-G-15-04307,,28.79149973342006,83.1297533594166,28.790227,83.12798888821077,37.428646,0.197878858546232,5549.2466,5926.8325
RGI2000-v7.0-G-15-04308,,28.793771462933147,83.12536502046898,28.792529000000002,83.12662738818719,45.99089,0.052533350389164,5511.1753,5837.182
RGI2000-v7.0-G-15-04309,,28.790274109663255,83.12200030295288,28.789231,83.12467283921163,38.64641,0.042970981443226,5531.2334,5891.437
RGI2000-v7.0-G-15-04310,,28.78150408576907,83.1239596796739,28.783127,83.12511587111698,41.0336,0.139342787628948,5776.3306,6036.704
RGI2000-v7.0-G-15-04312,,28.777554923708735,83.1200312153054,28.776419,83.11836075000001,38.53693,0.113631790948794,5796.465,6079.7305
RGI2000-v7.0-G-15-04313,,28.79184650737818,83.11699542730571,28.783184,83.1179374986102,29.667482,0.724663011717813,5186.711,6119.478
RGI2000-v7.0-G-15-04314,,28.788687000000003,83.111548,28.786460499999997,83.11324856505817,28.96776,0.102417739846502,5098.93,5368.8804
RGI2000-v7.0-G-15-04315,,28.799252248328408,83.11785653509422,28.782909,83.0952296151054,28.542864,5.419632227563808,4905.0938,6507.1924
RGI2000-v7.0-G-15-04317,,28.802469036455296,83.0680864969512,28.791717499999997,83.07287852673267,30.331326,2.830832096609237,4856.3975,5814.6323
RGI2000-v7.0-G-15-04318,,28.806366278011378,83.07653875016833,28.805173500000002,83.07631794452017,34.463818,0.040159688999212,5237.576,5420.281
RGI2000-v7.0-G-15-04321,,28.816980810308007,83.08551879444275,28.817445,83.08660045244227,33.748283,0.058617074249734,5450.9927,5617.902
RGI2000-v7.0-G-15-04322,,28.8306790164957,83.0918935391583,28.8260635,83.08701974560901,20.503681,1.05227654977641,5198.6255,5636.3516
RGI2000-v7.0-G-15-04323,,28.83410710324338,83.08349610908843,28.831786,83.07892137114439,25.68958,0.308460294678427,5199.315,5556.05
RGI2000-v7.0-G-15-04324,,28.83744763360665,83.07584405814698,28.836268500000003,83.07656186764706,27.916937,0.053600537816186,5370.8374,5572.4
RGI2000-v7.0-G-15-04325,,28.841914290248702,83.07353517221125,28.8391285,83.07499526666427,34.293724,0.242090152974583,4999.3896,5456.994
RGI2000-v7.0-G-15-04326,,28.851434664986417,83.06185559654749,28.850164,83.06258693001911,33.62382,0.068768996809884,5077.526,5301.23
RGI2000-v7.0-G-15-04327,,28.816067854386365,83.10120355318946,28.811791499999998,83.09634539321095,30.37837,0.375869528816128,5287.9956,5792.1084
RGI2000-v7.0-G-15-04328,,28.811762680491835,83.10530800242431,28.810642,83.10325348846126,34.755356,0.118982764890263,5434.7417,5782.02
RGI2000-v7.0-G-15-04329,,28.77062115076553,83.07646421253645,28.7778785,83.0756851298186,31.489517,0.559506200432395,4899.68,5656.7544
RGI2000-v7.0-G-15-04330,,28.77304606460514,83.07951358714396,28.772956999999998,83.08133203609958,35.078106,0.090995602920291,5051.728,5285.5923
RGI2000-v7.0-G-15-04331,,28.76682329834973,83.08183876127521,28.767584499999998,83.08428062986859,41.499283,0.161735792987074,4887.776,5332.124
RGI2000-v7.0-G-15-04332,,28.76181011069453,83.08936095683202,28.7649115,83.0919124580696,46.949886,0.1312654790064,5430.476,6353.7295
RGI2000-v7.0-G-15-04333,,28.758067285484085,83.08988763980517,28.758781,83.09119728394847,33.296425,0.090178406542092,5139.2246,5346.0083
RGI2000-v7.0-G-15-04334,,28.75189691521589,83.08964554068788,28.7564335,83.09601412005108,41.783974,0.440675879609991,4792.152,5844.82
RGI2000-v7.0-G-15-04335,,28.74089245703504,83.0968458090892,28.7408045,83.10115693353475,28.611513,0.85783108966421,4938.239,5504.7866
RGI2000-v7.0-G-15-04336,,28.73291567566274,83.10239198063687,28.73391,83.1025815,28.116852,0.028525006167386,5304.034,5418.5273
RGI2000-v7.0-G-15-04337,,28.73125791775723,83.10922372762143,28.7357145,83.11288812740216,42.915592,0.324276859217627,5083.2197,5972.9863
RGI2000-v7.0-G-15-04338,,28.731679346856584,83.11491932855186,28.732893500000003,83.11635814119171,31.163002,0.063435296107116,5446.4517,5677.653
RGI2000-v7.0-G-15-04339,,28.737419875212733,83.12226650113718,28.7395055,83.12113087768144,44.117928,0.070001176258891,5476.0283,6055.73
RGI2000-v7.0-G-15-04340,,28.74150914090363,83.1251304235803,28.743081500000002,83.11429454595398,46.122574,0.39637310329012,5816.947,6590.634
RGI2000-v7.0-G-15-04342,,28.71398900486919,83.14506897296177,28.714828,83.14624149553944,52.916447,0.021189868631985,5371.8794,5697.7856
RGI2000-v7.0-G-15-04343,,28.71101072426279,83.1482665712451,28.712304,83.14962432333508,41.892254,0.052026547003909,5404.905,5720.168
RGI2000-v7.0-G-15-04344,,28.70577768916294,83.16149021210576,28.705591,83.15673628931869,21.30191,0.633978429336552,5025.955,5600.4634
RGI2000-v7.0-G-15-04345,,28.714650377920826,83.1808134169392,28.7298045,83.17495314143835,26.861706,13.714752911272821,4624.4414,7164.394
RGI2000-v7.0-G-15-04346,,28.712745353544054,83.19738445060648,28.7164565,83.19940646448796,41.204338,0.347340284227085,5314.363,6192.1016
RGI2000-v7.0-G-15-04347,,28.705477192103853,83.20011150417994,28.7062175,83.20143498477327,29.417805,0.043444912457634,4727.338,4895.902
RGI2000-v7.0-G-15-04348,,28.70542524201389,83.21631455881145,28.707217999999997,83.21203849311091,30.815374,0.158227391686108,5199.348,5524.0273
RGI2000-v7.0-G-15-04349,,28.701411099759557,83.1894995481419,28.7073465,83.24349985536392,26.624699,28.099910901988284,4253.445,7373.9414
RGI2000-v7.0-G-15-04350,,28.695661947200005,83.22197513602065,28.68243,83.22807394349837,27.589426,3.016576103686032,4791.709,6436.097
RGI2000-v7.0-G-15-04351,,28.681267826791267,83.20912501453047,28.677111,83.21951696666666,28.584255,2.718281112559728,4779.242,6045.9546
RGI2000-v7.0-G-15-04352,,28.66740644922787,83.20725645999562,28.668879,83.21075083494208,32.38731,0.140439772268027,4972.01,5419.1455
RGI2000-v7.0-G-15-04353,,28.663223124174486,83.21112920644433,28.665559000000002,83.21567581263935,24.867386,0.230595896507559,4885.997,5292.837
RGI2000-v7.0-G-15-04354,,28.661095242874048,83.23450276087074,28.6627595,83.23672498834551,37.743626,0.083711063243965,5030.7695,5408.0986
RGI2000-v7.0-G-15-04355,,28.67447740867803,83.24847836075114,28.672634,83.24543514504525,38.59576,0.325113645069054,6183.4683,6479.1406
RGI2000-v7.0-G-15-04357,,28.664032349301976,83.25776979589253,28.664558,83.25862103875122,45.441105,0.041716633098645,5223.0854,5448.24
RGI2000-v7.0-G-15-04358,,28.66384076191423,83.26541869787926,28.665060500000003,83.26460642835778,49.16932,0.062953730393038,5378.802,5637.4277
RGI2000-v7.0-G-15-04359,,28.660902489525657,83.26778030022884,28.6623565,83.26977276055815,42.276695,0.087975132446892,5172.84,5648.041
RGI2000-v7.0-G-15-04360,,28.6520468026482,83.2804682925102,28.660981,83.28007036738285,40.146614,2.255451397798189,4788.6113,6437.619
RGI2000-v7.0-G-15-04361,,28.671177338432095,83.26530916307101,28.671985,83.27237701219978,48.396584,0.621103901569086,6432.029,7140.6064
RGI2000-v7.0-G-15-04362,,28.660520196233552,83.29679113366197,28.662872,83.29778025541006,52.42414,0.110078106260234,5834.1523,6390.3545
RGI2000-v7.0-G-15-04363,,28.652870685407873,83.30491539434995,28.654935000000002,83.30460501738128,47.292877,0.112272967057755,5593.349,6096.7407
RGI2000-v7.0-G-15-04364,,28.64864224951466,83.30437629794035,28.6505825,83.30378382484149,37.206554,0.075362840321081,5256.292,5565.9653
RGI2000-v7.0-G-15-04365,,28.645575939339952,83.31175537168423,28.652457,83.3120926556341,39.39632,0.684108295120331,4870.078,6398.748
RGI2000-v7.0-G-15-04366,,28.647248887320572,83.32424568884647,28.654001,83.31921068748426,42.849407,0.235621380821667,4521.132,6126.836
RGI2000-v7.0-G-15-04367,,28.646332900579285,83.32876320733949,28.6516685,83.32456636455525,42.234074,0.203741998920611,4251.7944,5501.6367
RGI2000-v7.0-G-15-04368,,28.66669356390517,83.33100492831836,28.6626615,83.3269548602141,37.091312,0.403759810924343,5361.4517,6026.33
RGI2000-v7.0-G-15-04369,,28.66893325749877,83.33717943524027,28.668745,83.33474052559913,46.496273,0.164297636824666,4772.8936,5271.8184
RGI2000-v7.0-G-15-04370,,28.662614919294285,83.34007001509029,28.6584485,83.33710300477517,36.304173,0.335479705083349,4474.352,5120.742
RGI2000-v7.0-G-15-04371,,28.661246851865613,83.34802573511051,28.663165,83.34564847419172,29.903906,0.085793465909932,3879.268,4140.022
RGI2000-v7.0-G-15-04372,,28.67068307321864,83.3555228991694,28.668778,83.34735844795918,32.019302,0.300960489076619,3543.751,4305.3496
RGI2000-v7.0-G-15-04373,,28.698033253355963,83.34505678637431,28.6848185,83.33281000638655,23.756184,2.347293379062815,4988.2783,5974.9233
RGI2000-v7.0-G-15-04374,,28.70050665930892,83.3262087948042,28.692884499999998,83.33142505952381,30.16025,1.247399062348514,5000.347,5752.234
RGI2000-v7.0-G-15-04375,,28.687328981868752,83.35555660825547,28.698287999999998,83.31331979178829,26.84008,29.991066995646122,4272.752,7310.3096
RGI2000-v7.0-G-15-04376,,28.715283548945553,83.32509305021749,28.7275435,83.31318818922853,32.905987,3.706423504088557,5197.1445,7376.825
RGI2000-v7.0-G-15-04377,,28.733944171114246,83.32047260163787,28.7340825,83.31219715282148,43.407135,0.294123530802012,7181.724,7620.133
RGI2000-v7.0-G-15-04378,,28.763249493942535,83.28349987272017,28.7490955,83.31912918145804,34.481003,16.217022101722847,4483.8145,7149.8594
RGI2000-v7.0-G-15-04379,,28.775681761078836,83.31927803937504,28.7733185,83.31505476634877,48.843063,0.198762764268303,5733.4795,6569.384
RGI2000-v7.0-G-15-04380,,28.784714975991676,83.33467470966372,28.759918,83.35013274352308,27.621126,19.58101239595213,4442.678,7554.158
RGI2000-v7.0-G-15-04381,,28.786430590954996,83.34491319543204,28.771361499999998,83.37677544058559,29.501614,3.418069143433863,4726.5366,7618.8916
RGI2000-v7.0-G-15-04382,,28.789401,83.37,28.783896499999997,83.37543678632478,33.195755,0.812417884591619,5714.181,7014.6323
RGI2000-v7.0-G-15-04384,,28.79922981652028,83.37037275993103,28.801033,83.37131454880294,30.668245,0.076861934280386,5464.771,5666.423
RGI2000-v7.0-G-15-04385,,28.799343647667953,83.37382396088505,28.800037,83.3754668430657,39.712536,0.052364192698426,5786.851,5942.3843
RGI2000-v7.0-G-15-04386,,28.804749824041615,83.3870400064087,28.800944,83.38681051578666,47.09611,0.812668978789807,5087.393,5990.4565
RGI2000-v7.0-G-15-04387,,28.81024956136632,83.40930317471307,28.786683500000002,83.39719620566387,31.332777,10.88427470319478,4090.8477,7471.408
RGI2000-v7.0-G-15-04388,,28.799295407325165,83.43096671224205,28.795957,83.43198180138569,40.540714,0.164352947895252,5101.473,5782.8105
RGI2000-v7.0-G-15-04389,,28.79793025488809,83.43244468414939,28.7955895,83.43580755339316,42.529358,0.092337543921853,5289.38,5952.026
RGI2000-v7.0-G-15-04390,,28.80140915364363,83.43438171234423,28.797601999999998,83.4384793825671,40.966484,0.165749073388511,5109.539,5955.923
RGI2000-v7.0-G-15-04391,,28.80137511136045,83.44820207044046,28.791852499999997,83.46331977682593,26.151625,4.102579644824243,4911.8813,6602.1763
RGI2000-v7.0-G-15-04393,,28.833673249425612,83.49997230526344,28.83488,83.49904306473786,30.989515,0.035645837470875,6208.035,6331.3643
RGI2000-v7.0-G-15-04395,,28.844078349932474,83.52369556714966,28.840318500000002,83.51842349024244,36.294037,0.559542007539401,5606.4253,6372.5757
RGI2000-v7.0-G-15-04396,,28.84170144711499,83.5314089790505,28.838347,83.53012142979797,36.790226,0.20841982821733,5790.8936,6248.704
RGI2000-v7.0-G-15-04397,,28.838676122396333,83.53954184091137,28.8346825,83.54262619913838,33.09194,0.70091312235226,5537.334,6215.4414
RGI2000-v7.0-G-15-04398,,28.834686629273563,83.55413710743055,28.8311575,83.54918958819476,32.735874,0.529376852791038,5466.046,6177.5947
RGI2000-v7.0-G-15-04399,,28.831328262567325,83.55943103503768,28.8298505,83.5576353334144,26.853718,0.123900939703495,5657.1646,5962.24
RGI2000-v7.0-G-15-04400,,28.819863996879295,83.54919642490334,28.824665000000003,83.54437797117085,26.821247,1.297320181706622,5560.6206,6222.1514
RGI2000-v7.0-G-15-04401,,28.814408543958933,83.5350620388698,28.8262335,83.52568331990693,24.511776,2.540848825086738,5424.689,6356.815
RGI2000-v7.0-G-15-04402,,28.819926693150673,83.52359586420451,28.8233425,83.52107517578125,30.882849,0.362267024447296,5803.803,6295.504
RGI2000-v7.0-G-15-04403,,28.83874460502372,83.46430704701916,28.8375855,83.46667551722575,41.72162,0.101732965890435,5500.5566,5853.7007
RGI2000-v7.0-G-15-04404,,28.84186022638138,83.4624666760053,28.842757499999998,83.46419416464374,32.172394,0.241715577267016,5469.376,5985.947
RGI2000-v7.0-G-15-04405,,28.817792754987487,83.34120601826164,28.815803000000002,83.34137433134273,35.0426,0.152778959884021,5219.723,5586.9644
RGI2000-v7.0-G-15-04406,,28.76891785938932,83.26800210166628,28.7684025,83.26687070749242,35.28163,0.050969216650222,5256.959,5415.9663
RGI2000-v7.0-G-15-04407,,28.770238043335958,83.26427262065236,28.770249,83.26123015804168,30.892193,0.095618990675266,5300.2163,5498.5806
RGI2000-v7.0-G-15-04408,,28.762894340272975,83.26499398085602,28.7630375,83.25837389965939,23.785053,0.897733888058138,5248.473,6073.278
RGI2000-v7.0-G-15-04409,,28.77946451574253,83.26137630101626,28.7639955,83.23933539529915,36.19762,5.162993255984649,5148.854,7365.891
RGI2000-v7.0-G-15-04410,,28.782246430522196,83.22096464547741,28.779713,83.2299210650981,43.11823,1.269877260947344,5278.8975,6747.3555
RGI2000-v7.0-G-15-04411,,28.786274012674824,83.22191589707279,28.788802500000003,83.23143710714285,40.488922,0.867645850757496,5360.227,6625.2925
RGI2000-v7.0-G-15-04412,,28.794396189309253,83.22032259449479,28.7967945,83.230941825,32.1936,0.848088784508275,5443.633,6563.1646
RGI2000-v7.0-G-15-04413,,28.80189533494961,83.21844111064394,28.805543,83.22670489876032,25.130138,0.747573186367992,5501.4937,6135.727
RGI2000-v7.0-G-15-04414,,28.812688445743937,83.21769607758371,28.812639,83.22267464268836,28.405731,0.628089160163763,5450.7627,6061.3867
RGI2000-v7.0-G-15-04415,,28.823256852473754,83.22382785497557,28.8201335,83.22408939019152,42.472576,0.245124601166741,5191.8633,5858.995
RGI2000-v7.0-G-15-04416,,28.813700172020287,83.23762713865891,28.814071,83.23162174665526,27.831238,0.882044272028384,5463.5474,6052.091
RGI2000-v7.0-G-15-04417,,28.824910193150444,83.23905260311653,28.822798,83.23718253600407,28.857996,0.331545586677861,5604.9087,5871.154
RGI2000-v7.0-G-15-04418,,28.81956525429366,83.24398356877971,28.8212925,83.24498712140849,26.134653,0.177590512347829,5563.925,5757.9507
RGI2000-v7.0-G-15-04419,,28.798682603166988,83.25408261992717,28.7996955,83.24729435945088,27.453163,0.49659327398075,5226.0396,5574.873
RGI2000-v7.0-G-15-04420,,28.78216450842038,83.19931189832678,28.779074,83.1975837017281,34.05916,0.15129483145177,5728.2666,6169.546
RGI2000-v7.0-G-15-04421,,28.780965854739513,83.19247558972826,28.778569,83.19525851469533,39.09573,0.240156589944532,5563.1895,6166.995
RGI2000-v7.0-G-15-04422,,28.780398476287452,83.186113529914,28.774182,83.18699824982897,33.455364,0.739122677190615,5241.936,6118.1245
RGI2000-v7.0-G-15-04423,,28.769711180315255,83.11879673832627,28.769648500000002,83.11359133705886,29.616444,0.291007231204701,5590.5044,6138.3936
RGI2000-v7.0-G-15-04424,,28.769904670768536,83.06333825309515,28.7743455,83.06334731027628,25.824732,0.294573463717238,5118.918,5592.515
RGI2000-v7.0-G-15-04427,,28.790164852128626,83.04130053825625,28.791826999999998,83.04157247979798,21.308825,0.074064246585551,5116.742,5208.9736
RGI2000-v7.0-G-15-04428,,28.796507213082695,83.04360704600032,28.795264500000002,83.0437453118644,33.748985,0.031258938087855,5156.692,5347.551
RGI2000-v7.0-G-15-04429,,28.800465379458167,83.01732218762521,28.796895499999998,83.01771060215879,35.051197,0.336254460084281,5150.118,5570.7915
RGI2000-v7.0-G-15-04430,,28.793425930015783,83.01614417307236,28.7945895,83.01746760119703,30.500532,0.120677521762955,5293.925,5523.7847
RGI2000-v7.0-G-15-04431,,28.79274428225946,83.01313282063421,28.7971635,83.01104368535117,27.112055,0.227390916179349,5041.759,5629.0786
RGI2000-v7.0-G-15-04432,,28.809529524071003,83.00720277654169,28.804805,83.00418149663346,36.199802,0.30616059237028,4749.734,5620.383
RGI2000-v7.0-G-15-04433,,28.806028456794504,82.99719119364411,28.804705,82.99680131596156,39.602364,0.052819275622534,5318.0845,5561.4463
RGI2000-v7.0-G-15-04434,,28.79433710928713,82.99937838155444,28.797566,82.99953279242251,31.07505,0.320363922196943,5039.3574,5625.15
RGI2000-v7.0-G-15-04435,,28.794886589108703,82.99042105443205,28.798932,82.99102263912762,21.239445,0.227693932763082,5020.9805,5361.3784
RGI2000-v7.0-G-15-04438,,28.831718726906512,82.63669585096693,28.8298675,82.62960501053473,24.331339,0.749454111487762,4762.3765,5153.4614
RGI2000-v7.0-G-15-04439,,28.833962164565392,82.61901187085024,28.832801,82.61988835493821,39.22107,0.016710959486741,5442.5225,5672.299
RGI2000-v7.0-G-15-04440,,28.838386727991924,82.62020416400736,28.8369955,82.6228587782185,40.908356,0.079586684596429,5358.286,5760.6533
RGI2000-v7.0-G-15-04441,,28.831110650669256,82.61363054584014,28.8292895,82.61453737385763,48.339626,0.051298675807576,5318.19,5864.0127
RGI2000-v7.0-G-15-04442,,28.829835824772022,82.61125060271739,28.828221,82.61185932558492,46.041267,0.024117374818423,5349.938,5811.3223
RGI2000-v7.0-G-15-04443,,28.82097692635215,82.61484909308766,28.8237235,82.6132535779984,43.090324,0.09415668963141,5157.1445,5758.6914
RGI2000-v7.0-G-15-04445,,28.85876415328932,82.63276291889201,28.856195,82.63241459894283,27.92033,0.115969700042257,4998.1934,5211.241
RGI2000-v7.0-G-15-04448,,28.997437119236974,82.40310987456905,28.9946665,82.39956192864716,20.837252,0.269598365776629,4953.0684,5259.361
RGI2000-v7.0-G-15-04449,,29.001697999999994,82.390269,28.998354,82.3940795762295,35.44571,0.146132642354097,4864.896,5382.6597
RGI2000-v7.0-G-15-04450,,29.88159603920728,82.11187646852473,29.879196999999998,82.11186049688038,21.6861,0.19326771651005,4524.7764,4703.356
RGI2000-v7.0-G-15-04451,,29.886128787571124,82.09526476074024,29.885101,82.09402227252252,30.761913,0.079671698061276,4589.9873,4768.3877
RGI2000-v7.0-G-15-04452,,29.88645200370557,82.0904819003153,29.8857045,82.08917493223184,51.61148,0.027481414967798,4789.1216,5026.99
RGI2000-v7.0-G-15-04453,,29.88464392484157,82.08487834406826,29.885461999999997,82.08448591710183,37.48773,0.037878929706544,4956.572,5117.152
RGI2000-v7.0-G-15-04454,,29.89102213572834,82.09050656205613,29.8940275,82.08120176957831,30.901884,0.515047148563248,4556.36,5064.5967
RGI2000-v7.0-G-15-04455,,29.895440930806146,82.0718129161374,29.894864499999997,82.0732634768025,37.058903,0.026716090793906,5019.349,5217.3154
RGI2000-v7.0-G-15-04456,,29.897456487735575,82.06895595702697,29.8968235,82.06990744046979,28.292027,0.032293597599246,4855.5425,4994.23
RGI2000-v7.0-G-15-04457,,29.89790322611788,82.0705458696197,29.898077,82.0713452362092,31.744457,0.025455026330799,4927.1562,5019.918
RGI2000-v7.0-G-15-04458,,29.902074823204895,82.08609869815854,29.9020485,82.08163137995643,30.282711,0.789377515558626,4682.5254,5422.025
RGI2000-v7.0-G-15-04459,,29.90975303648247,82.08864503082411,29.909962,82.08170070293399,24.299551,0.952898703324618,4739.3716,5295.6304
RGI2000-v7.0-G-15-04460,,29.920456241618226,82.08817128733564,29.9177565,82.08660968682327,25.604342,0.252136683280504,4588.557,4917.0083
RGI2000-v7.0-G-15-04461,,29.921441551772965,82.09031723015751,29.919312499999997,82.09127813473135,30.94537,0.096269189962707,4549.495,4822.636
RGI2000-v7.0-G-15-04462,,29.91918323635844,82.07192065494627,29.91392,82.07005697573803,33.916977,0.289895785130241,4527.7446,5373.9985
RGI2000-v7.0-G-15-04463,,29.939795911654173,82.10881204528938,29.933527499999997,82.11715801720648,21.099304,1.916384519580827,4582.2285,5344.004
RGI2000-v7.0-G-15-04464,,29.935820521282793,82.1266698133504,29.9350275,82.12581501609174,40.046764,0.065952356933984,5083.9014,5289.754
RGI2000-v7.0-G-15-04465,,29.938863252769632,82.13244290771114,29.9361085,82.13014109289651,28.979378,0.387471114911137,4774.2373,5282.156
RGI2000-v7.0-G-15-04466,,29.93993223699846,82.13750567570838,29.9355595,82.13987510996446,27.791924,1.035394192723633,4638.165,5199.6655
RGI2000-v7.0-G-15-04467,,29.939340914819258,82.14892037160396,29.934504,82.15142101533705,23.517447,0.625665913441853,4698.2573,5157.32
RGI2000-v7.0-G-15-04468,,29.927903936660254,82.14307789948998,29.927487499999998,82.1475055971591,20.719183,0.334308581631699,4856.6084,5193.075
RGI2000-v7.0-G-15-04469,,29.941384677481153,82.15111788108773,29.9523365,82.17304014906304,21.105387,2.799699049574234,4760.4717,5757.303
RGI2000-v7.0-G-15-04470,,29.9558670116305,82.15363626677157,29.963124999999998,82.16107181079124,21.259365,1.32518364575891,4854.6294,5722.7114
RGI2000-v7.0-G-15-04471,,29.96491656401891,82.15388323099141,29.967817,82.15477783558558,36.2311,0.110917808061016,5143.042,5638.9824
RGI2000-v7.0-G-15-04472,,29.990544898856932,82.15214199200184,29.9788475,82.16277906471817,22.50009,1.290128507244324,4306.1943,5414.531
RGI2000-v7.0-G-15-04473,,29.981086928401524,82.1794788381983,29.9823565,82.17537018514852,22.129074,0.450399349598574,5113.687,5599.503
RGI2000-v7.0-G-15-04475,,30.197532762262412,81.38033507847348,30.198677,81.3811816748117,32.217464,0.063129848615342,5556.9287,5735.7295
RGI2000-v7.0-G-15-04476,,30.270431798860493,81.31993582091438,30.26991,81.32025018636364,41.023346,0.01916794038455,5759.7617,5870.884
RGI2000-v7.0-G-15-04477,,30.422351854901375,81.44140069564281,30.419431,81.4422521778639,31.370613,0.146222494983251,5590.764,5963.3228
RGI2000-v7.0-G-15-04478,,30.149164026075756,80.70652865757387,30.148028,80.70670584235668,40.27399,0.022030659498542,5077.401,5291.7505
RGI2000-v7.0-G-15-04479,,30.15149916635427,80.70230613062026,30.149867,80.70276225119517,30.383781,0.058301362471167,4760.2485,4956.0146
RGI2000-v7.0-G-15-04480,,30.142147226071394,80.68978256532627,30.1390965,80.70437791010116,26.510096,3.088852409187187,4385.74,6014.3447
RGI2000-v7.0-G-15-04481,,30.13709288312157,80.68790775673294,30.1289125,80.69378372256458,20.068386,2.522312674159783,4417.648,5317.43
RGI2000-v7.0-G-15-04482,,30.11617475271557,80.66510440563445,30.1161015,80.66857478128676,20.917545,0.108580694018553,4677.509,4910.3916
RGI2000-v7.0-G-15-04483,,30.489554982852685,80.37068076091974,30.486466,80.36851070502283,23.26658,0.198472809663264,5117.197,5549.873
RGI2000-v7.0-G-15-04485,,30.489996679449202,80.35453802349325,30.489188,80.355094196337,30.198027,0.035133205380263,5554.023,5669.797
RGI2000-v7.0-G-15-04486,,30.502520127138055,80.36695663033076,30.500977,80.35974784869067,21.468128,0.281067441325385,5254.034,5697.049
RGI2000-v7.0-G-15-04488,,30.509953406344216,80.37013757082566,30.5160935,80.35822388455766,26.368294,0.98932749204508,5006.407,6023.0376
RGI2000-v7.0-G-15-04489,,30.53314320568457,80.3261977283942,30.5372665,80.32847671837885,39.399113,0.262278067036775,5393.9844,5945.4087
RGI2000-v7.0-G-15-04490,,30.543044338740476,80.31959046605954,30.544485,80.32056705643893,27.468493,0.053780522817664,5686.6997,5903.8687
RGI2000-v7.0-G-15-04491,,30.54902015149307,80.30275672131084,30.548609,80.31042528513258,25.035746,0.699988544085811,5148.6445,6007.642
RGI2000-v7.0-G-15-04513,,29.263088280631752,83.81373778708152,29.260365,83.81085753549783,27.96471,0.348440422771349,5672.357,6109.2446
RGI2000-v7.0-G-15-04514,,29.26300917154748,83.81812274339937,29.258725499999997,83.81781217927983,24.41316,0.342100279109779,5642.1914,6108.4375
RGI2000-v7.0-G-15-04516,,29.24916362067369,83.82375788689691,29.2524655,83.82277238047779,25.392988,0.199333944849577,5843.0044,6195.2515
RGI2000-v7.0-G-15-04517,,29.259182136445066,83.83142568471533,29.257695499999997,83.82777110822116,42.209297,0.329379230978948,5777.598,6202.2715
RGI2000-v7.0-G-15-04518,,29.26022471078428,83.83985590060534,29.256447,83.83654561510022,35.47323,0.272948731527242,5508.1626,6157.054
RGI2000-v7.0-G-15-04519,,29.251083193263938,83.83538837760972,29.2518525,83.83574967102615,37.17682,0.027261723440563,6078.685,6197.2827
RGI2000-v7.0-G-15-04520,,29.25930797341556,83.84502247211267,29.255354500000003,83.84338450565693,36.30132,0.48077184460703,5501.838,6153.3257
RGI2000-v7.0-G-15-04521,,29.248400592895617,83.8448832123185,29.250335,83.846788284305,29.411156,0.203200092344992,5764.0713,6117.1753
RGI2000-v7.0-G-15-04522,,29.272495283610237,83.8569407162252,29.2734895,83.85627324770785,39.91319,0.050239321674131,6093.208,6292.047
RGI2000-v7.0-G-15-04523,,29.28191199859123,83.85171067047685,29.2782015,83.85364469558824,40.334724,0.443024263767891,5575.0835,6294.0845
RGI2000-v7.0-G-15-04524,,29.279041495500724,83.84478457679694,29.2751795,83.84840681861962,28.709087,0.503136374664749,5680.636,6319.802
RGI2000-v7.0-G-15-04525,,29.28001779252056,83.84011101023162,29.276018,83.83702447626804,22.178164,0.422634783028618,5636.73,6119.851
RGI2000-v7.0-G-15-04526,,29.281272123946753,83.83316562515701,29.2769775,83.82941710367979,20.82852,0.475982073120506,5731.148,6141.5303
RGI2000-v7.0-G-15-04527,,29.287126782134337,83.86355213454935,29.2803845,83.86459148126278,22.482359,0.780266384674756,5426.746,6198.5713
RGI2000-v7.0-G-15-04528,,29.285396160204353,83.8737611390904,29.283743,83.87259838597859,48.336838,0.063147369954411,5450.1846,5939.464
RGI2000-v7.0-G-15-04529,,29.234835442430025,83.82503479273838,29.232014,83.826755373595,38.70004,0.41961052133642,5672.02,6155.7485
RGI2000-v7.0-G-15-04530,,29.222752985323396,83.82290081699117,29.226101,83.82007406987788,21.23298,0.535337678678439,5810.731,6155.057
RGI2000-v7.0-G-15-04531,,29.23548245680451,83.82223598284232,29.231228,83.81693118945809,21.237291,0.700494338580003,5644.593,6104.1055
RGI2000-v7.0-G-15-04532,,29.240160987590635,83.81330994181077,29.2355285,83.81141907822351,20.628696,0.489816448460832,5701.963,6106.2964
RGI2000-v7.0-G-15-04533,,29.229388793064977,83.8053625336588,29.2308675,83.80571799202187,31.71117,0.072857107358317,6018.1416,6158.1206
RGI2000-v7.0-G-15-04534,,29.2291293004441,83.80035374312625,29.2274205,83.80028517528737,35.994602,0.094297128466095,5875.2837,6140.4263
RGI2000-v7.0-G-15-04536,,29.224494592986225,83.83797210000316,29.217995,83.82856438251012,24.609245,1.348649095853249,5508.437,6109.746
RGI2000-v7.0-G-15-04537,,29.21366110351862,83.83644504810975,29.215152,83.83369723167155,24.885843,0.071805509527901,5783.4614,6004.739
RGI2000-v7.0-G-15-04539,,29.201342323902516,83.82558149431503,29.202749,83.82562550227061,29.698381,0.022419203671116,5858.605,6021.1924
RGI2000-v7.0-G-15-04540,,29.204538780935135,83.82088080062432,29.2042095,83.82205050188212,34.047497,0.043103470439292,6046.401,6162.0083
RGI2000-v7.0-G-15-04541,,29.20452257149998,83.84546668419664,29.2029135,83.83949523288823,29.834272,0.588207853913455,5622.332,6159.548
RGI2000-v7.0-G-15-04542,,29.197506340473414,83.83894214704625,29.1983,83.83832634330025,30.336721,0.041873832282088,6049.8105,6176.3677
RGI2000-v7.0-G-15-04543,,29.191590972867008,83.83896981607413,29.194606999999998,83.83861700048678,25.359434,0.160852583892268,5807.0913,6091.5137
RGI2000-v7.0-G-15-04544,,29.18868968222974,83.84443294137512,29.187357,83.84279859506529,31.347681,0.086371857434982,5825.024,6091.6133
RGI2000-v7.0-G-15-04545,,29.184818496476492,83.83864132998971,29.1836635,83.83919068992654,33.637547,0.112419274635598,5968.4893,6148.986
RGI2000-v7.0-G-15-04546,,29.21544026970507,83.85260201863596,29.214285500000003,83.85095769387368,36.511925,0.060014473332991,5624.682,5840.8184
RGI2000-v7.0-G-15-04547,,29.018164825844043,84.1468917420533,29.017619,84.14833546214153,36.069866,0.084068971806038,5851.4575,6081.112
RGI2000-v7.0-G-15-04548,,29.02326022847338,84.1536318256316,29.0202715,84.15242674518008,30.746067,0.199324038535281,5656.617,6080.8223
RGI2000-v7.0-G-15-04549,,28.968033917944243,84.12577366244197,28.962232999999998,84.12189711928404,23.172415,0.433148111543117,5615.229,6236.758
RGI2000-v7.0-G-15-04550,,28.964650574046864,84.12867260892585,28.9603325,84.12514820150975,27.58475,0.299427859990406,5638.2295,6239.9287
RGI2000-v7.0-G-15-04551,,28.960420267834472,84.13574876730563,28.954847,84.13049745135575,26.946188,0.749128091583915,5625.3174,6252.1953
RGI2000-v7.0-G-15-04552,,28.954481505437403,84.14429936385838,28.9488505,84.13964273815526,25.108139,0.687781709249432,5638.2803,6387.297
RGI2000-v7.0-G-15-04553,,28.94103491908423,84.13778580394019,28.9399675,84.13316978732229,35.796284,0.232303855393042,6126.27,6399.567
RGI2000-v7.0-G-15-04554,,28.935865397662436,84.12839712423143,28.9372565,84.12913142588039,33.787106,0.078193405563199,6201.967,6401.992
RGI2000-v7.0-G-15-04555,,28.93728290070984,84.14314081778954,28.933245499999998,84.13542354960188,25.619072,0.603705878503173,5812.1196,6426.9487
RGI2000-v7.0-G-15-04556,,28.943632000000004,84.114264,28.9273445,84.13043159522408,22.047523,3.145475724429444,5386.6313,6434.662
RGI2000-v7.0-G-15-04557,,28.925475600095414,84.11733900127625,28.9220635,84.11397899308511,25.85298,0.20277137457896,6028.574,6304.057
RGI2000-v7.0-G-15-04558,,28.936206397737088,84.10650668895934,28.9300735,84.10781237392308,30.494072,0.770695305255081,5556.5684,6281.7573
RGI2000-v7.0-G-15-04559,,28.93512494632108,84.1032380821813,28.931106,84.10195141004701,29.223099,0.208610966271519,5704.5454,6193.2295
RGI2000-v7.0-G-15-04560,,28.937945791656496,84.0995732935366,28.933961,84.09981471911647,27.696331,0.158128438037444,5634.8364,6048.298
RGI2000-v7.0-G-15-04561,,28.93980224075616,84.0981162014881,28.9350775,84.0969414578633,31.895514,0.349114145645038,5534.476,6182.0557
RGI2000-v7.0-G-15-04562,,28.94250965198453,84.09067943957886,28.9377695,84.09214968052724,31.399372,0.187618876633099,5424.52,6102.7817
RGI2000-v7.0-G-15-04563,,28.94012538289615,84.08826939380687,28.937227,84.08792154832366,31.966274,0.141587772199486,5607.416,6038.187
RGI2000-v7.0-G-15-04564,,28.940806001277647,84.08490002514617,28.9375815,84.0856006206761,30.370575,0.155325832759684,5645.278,6011.764
RGI2000-v7.0-G-15-04565,,28.941968174120326,84.07706630893028,28.9408315,84.08033002980736,28.817034,0.059826777888935,5606.1094,5895.5146
RGI2000-v7.0-G-15-04566,,28.94269047933261,84.07198282004506,28.93738,84.07775384037558,24.631453,0.574851902209065,5444.8486,6041.517
RGI2000-v7.0-G-15-04567,,28.927688538448766,84.08293233620938,28.931151999999997,84.08991639909826,24.847689,0.464105562648937,5690.41,6190.066
RGI2000-v7.0-G-15-04568,,28.92385958469405,84.08538866045299,28.926099,84.09658838417616,24.76997,0.671081197271243,5586.4756,6280.2344
RGI2000-v7.0-G-15-04569,,28.920018958332914,84.08491341120133,28.916058,84.10354119906248,23.564,3.557914677288374,5392.5894,6373.6323
RGI2000-v7.0-G-15-04570,,28.937138687793556,84.11505987656591,28.9360125,84.11545480754744,39.16765,0.035964954051854,5654.73,5850.495
RGI2000-v7.0-G-15-04571,,28.9448944831251,84.11795197317434,28.9451735,84.12692934767531,29.471817,0.972942864696708,5630.769,6404.5444
RGI2000-v7.0-G-15-04572,,28.95222004018141,84.11551109248035,28.954569,84.11854927848398,26.850748,0.261551843593264,5845.9385,6255.828
RGI2000-v7.0-G-15-04573,,28.96755809324235,84.11554642175098,28.961592500000002,84.11505997721838,30.064566,0.571233629327313,5435.048,6248.02
RGI2000-v7.0-G-15-04574,,28.944631612588474,84.15097290539045,28.9319975,84.14881437384793,25.78972,1.880253304429505,5594.0093,6440.1377
RGI2000-v7.0-G-15-04575,,28.920729006700284,84.16412671182081,28.9229315,84.15790001021915,30.917648,0.394672497253817,5936.3486,6407.084
RGI2000-v7.0-G-15-04576,,28.918644730149584,84.149007840939,28.9198655,84.14899857397369,39.663143,0.146152340664474,6193.5996,6442.5957
RGI2000-v7.0-G-15-04577,,28.91482783910188,84.15436426698405,28.9138125,84.14995391129032,29.727734,0.310048255585068,5937.6724,6294.7515
RGI2000-v7.0-G-15-04579,,28.903323109196748,84.06960667769492,28.8931635,84.11042097201262,23.53212,7.241271408463985,5316.523,6746.758
RGI2000-v7.0-G-15-04580,,28.89514833237055,84.09706872601032,28.893541,84.09609122244422,30.138731,0.062310275748418,5828.104,6071.0566
RGI2000-v7.0-G-15-04581,,28.883362053777425,84.10026342286805,28.882592000000002,84.09667700463883,22.45704,0.19766488041839,5858.9937,6136.918
RGI2000-v7.0-G-15-04582,,28.873784767808004,84.10010670240256,28.876467499999997,84.09739101010638,26.96596,0.559988752036223,5642.6777,6210.953
RGI2000-v7.0-G-15-04583,,28.87047633480894,84.09147366311066,28.8719205,84.09121687972973,36.1895,0.051638757821315,5938.3906,6112.1304
RGI2000-v7.0-G-15-04584,,28.877059461983713,84.0587176738271,28.875005,84.08699391071087,24.210667,2.254393603726487,5326.172,6234.4717
RGI2000-v7.0-G-15-04585,,28.86437508549833,84.07566962181825,28.865505,84.0765714885072,34.70633,0.047433337023096,6091.3994,6259.6113
RGI2000-v7.0-G-15-04586,,28.86384198630014,84.06728466175858,28.865130999999998,84.07054012222221,36.262905,0.176812035298743,5852.582,6256.7935
RGI2000-v7.0-G-15-04587,,28.87291626238984,84.07090104751624,28.869847999999998,84.07071878993227,35.944054,0.17350799234877,5766.412,6210.5166
RGI2000-v7.0-G-15-04588,,28.873224087183118,84.0657565504962,28.86996,84.06714715336288,35.018314,0.154164816342281,5570.5664,6083.022
RGI2000-v7.0-G-15-04589,,28.85552791669345,84.06803172720659,28.859586,84.07474454467055,22.03103,0.314734282575555,5672.3447,6090.1763
RGI2000-v7.0-G-15-04591,,28.850690449260586,84.08716200775896,28.849463,84.08511311003363,32.86079,0.059268983120252,5988.1772,6173.61
RGI2000-v7.0-G-15-04592,,28.858665433523196,84.09337914939871,28.8572045,84.09084350761124,37.868958,0.431058581983817,5658.44,6176.9644
RGI2000-v7.0-G-15-04593,,28.845431789191924,84.07220003859734,28.8440855,84.07293957337684,37.090218,0.060913251172695,5675.252,5887.5786
RGI2000-v7.0-G-15-04594,,28.82712711269568,84.04453577538615,28.8248325,84.04832614644351,20.560835,0.229332104869157,5480.252,5702.8755
RGI2000-v7.0-G-15-04595,,28.82988872197268,84.03772420532215,28.8156685,84.0291854375,20.269442,2.609340390265872,5246.1167,6299.119
RGI2000-v7.0-G-15-04596,,28.809107481484272,84.03337156843772,28.806236499999997,84.02945302734723,21.274082,0.437071709670916,5487.881,5891.4756
RGI2000-v7.0-G-15-04597,,28.8031678128674,84.02680234422346,28.801877,84.02554679214037,46.19448,0.051374951193768,5826.578,6252.8413
RGI2000-v7.0-G-15-04598,,28.801438613706143,84.04562395908981,28.7962805,84.0387652402968,25.842844,1.421266550787261,5214.642,6228.399
RGI2000-v7.0-G-15-04599,,28.795007616336168,84.05311917921459,28.787604,84.04762928564307,29.7002,1.865063581199478,5152.1504,6095.4355
RGI2000-v7.0-G-15-04601,,28.77777346216252,84.00310054800354,28.7840395,84.01748687541047,25.825445,4.056792304256962,5067.2573,6301.9253
RGI2000-v7.0-G-15-04602,,28.78672405704162,83.99773432279633,28.7919485,84.00614394988344,21.227133,1.000229132390938,5054.7656,5882.28
RGI2000-v7.0-G-15-04603,,28.793823157234677,83.98153315978894,28.800232,83.98844530894259,23.475304,1.476335276594764,5242.4883,6185.105
RGI2000-v7.0-G-15-04604,,28.798104031940692,83.97834304060437,28.80697,83.9907528900795,22.793413,1.541992957159829,5292.899,6154.715
RGI2000-v7.0-G-15-04606,,28.815357569217294,83.98090565540322,28.815021,83.98505090643182,25.564096,0.138244027330461,5845.3257,6067.0747
RGI2000-v7.0-G-15-04607,,28.82216554129689,83.9912935356279,28.818773,83.98954969927073,26.740164,0.413088151542462,5620.035,6111.367
RGI2000-v7.0-G-15-04608,,28.829607357078093,84.00495408645298,28.813453000000003,84.00432596691829,22.384678,3.100717909964347,5292.9907,6399.736
RGI2000-v7.0-G-15-04609,,28.824660099771563,84.00558749797547,28.8189695,84.01073619491525,32.032,0.536879576133001,5431.3438,6245.1235
RGI2000-v7.0-G-15-04610,,28.824551876105435,84.0109298425149,28.8212,84.013360210148,32.012115,0.085569590034557,5561.3926,6006.0684
RGI2000-v7.0-G-15-04611,,28.828424723081433,84.01107736206988,28.8215175,84.01544197625236,30.710299,0.417377307758054,5312.2114,6175.5703
RGI2000-v7.0-G-15-04612,,28.826606803203703,84.01856173298108,28.8256425,84.02074730262798,21.874874,0.179767025880428,5517.9355,5748.9277
RGI2000-v7.0-G-15-04613,,28.83108494834623,84.02393032588755,28.827852,84.02316740058576,22.246107,0.155438669756127,5459.2334,5767.012
RGI2000-v7.0-G-15-04614,,28.830522415896198,84.02681053284392,28.828271,84.02601913695652,26.455332,0.089752844804488,5524.525,5772.98
RGI2000-v7.0-G-15-04615,,28.839464813820186,83.9881831509143,28.834985,83.98830974099886,21.160744,0.29257107916132,5682.5522,6003.563
RGI2000-v7.0-G-15-04616,,28.841843176268366,83.97625858908518,28.834424,83.9809106995767,20.80997,1.065240308773434,5569.4487,6156.269
RGI2000-v7.0-G-15-04618,,28.84103798907297,83.9626474834029,28.8377935,83.96220007974838,20.93108,0.293991405120922,5730.7827,6027.1846
RGI2000-v7.0-G-15-04619,,28.83253262746364,83.95779069088452,28.832845,83.95967487914785,22.275476,0.049467072725003,5907.4175,6003.0537
RGI2000-v7.0-G-15-04620,,28.82955808758513,83.95546040900602,28.830946500000003,83.95648671802935,20.627321,0.055278437975281,5755.4775,5849.275
RGI2000-v7.0-G-15-04621,,28.834175123799923,83.94978281954997,28.834792999999998,83.95185941743401,20.356104,0.045951064530142,5916.893,6035.5703
RGI2000-v7.0-G-15-04628,,28.8040313292472,83.95485117560477,28.8048145,83.95309621973189,26.514309,0.042971457576605,5560.6587,5699.4404
RGI2000-v7.0-G-15-04629,,28.80338790932847,83.9421992224825,28.8063775,83.94254564623259,31.960032,0.390271029374935,6138.282,6479.269
RGI2000-v7.0-G-15-04630,,28.815169753852725,83.96357671646325,28.814299,83.94277136182845,23.230852,1.9326684852631,5428.271,6487.4785
RGI2000-v7.0-G-15-04631,,28.81185149161324,83.9334107410187,28.812339,83.93563589073324,33.839363,0.151933997564136,6064.8223,6436.102
RGI2000-v7.0-G-15-04634,,28.823975984996817,83.95212538357353,28.822114499999998,83.94799281587673,26.269642,0.276399981838177,5653.094,6124.863
RGI2000-v7.0-G-15-04635,,28.789945751973786,83.9366288465629,28.786345,83.93254637762237,36.400436,0.542346480469788,5388.0566,6131.3833
RGI2000-v7.0-G-15-04636,,28.78656190624347,83.93790869645511,28.784512499999998,83.93712499892169,34.425888,0.12017461024637,5522.943,5877.0625
RGI2000-v7.0-G-15-04637,,28.77869675666757,83.93403324855983,28.780771,83.93466582371252,26.894047,0.204201913180041,5695.544,6138.445
RGI2000-v7.0-G-15-04638,,28.781587378194228,83.94496259674929,28.7803385,83.940914940382,27.370287,0.22774347045652,5423.4507,5796.9316
RGI2000-v7.0-G-15-04639,,28.77726585579995,83.95083583891866,28.7733715,83.94002921305906,22.52751,1.687494890054317,5255.0874,6005.886
RGI2000-v7.0-G-15-04641,,28.75366417342093,83.93932385885873,28.7593435,83.93881020015425,21.5338,0.548233923892146,5371.884,5923.442
RGI2000-v7.0-G-15-04642,,28.77219283394576,83.92537740031808,28.774757,83.92108230161395,34.204693,0.200637982742594,5971.3447,6445.234
RGI2000-v7.0-G-15-04643,,28.784312686725105,83.91253495681764,28.7815795,83.91299724190182,39.444904,0.180510674879652,5845.451,6310.2344
RGI2000-v7.0-G-15-04644,,28.792170847121564,83.91387968915824,28.785031500000002,83.91604841067539,33.713062,0.577990435264403,5280.9233,6442.2515
RGI2000-v7.0-G-15-04645,,28.793069715740423,83.92439742024408,28.7855705,83.92325163227372,35.52129,0.78000680332981,5247.2617,6415.187
RGI2000-v7.0-G-15-04646,,28.7807092552133,83.90640247868821,28.779667,83.90651484746348,43.753563,0.037693378307994,5628.1475,5883.032
RGI2000-v7.0-G-15-04649,,28.775511597762907,83.89754214227305,28.774238,83.89404449916924,45.59342,0.134038186450888,5568.226,5883.025
RGI2000-v7.0-G-15-04650,,28.76247218216318,83.89240442323761,28.761222,83.89334603563248,45.618313,0.041733353960284,5651.725,6009.9097
RGI2000-v7.0-G-15-04651,,28.754212805185503,83.90770683077477,28.7547255,83.90440161054876,37.95495,0.085462304632315,5652.231,5888.2144
RGI2000-v7.0-G-15-04654,,28.73800050749686,83.89502007437885,28.73999,83.89516765217391,33.645405,0.060202807257565,5473.2476,5773.8193
RGI2000-v7.0-G-15-04655,,28.736744662975326,83.89897983181727,28.737697,83.90104083480519,29.504992,0.428320245833533,5334.645,5689.5923
RGI2000-v7.0-G-15-04656,,28.73434442252264,83.89947505937874,28.734104,83.90165270553179,23.880684,0.053605505357128,5262.2573,5484.5312
RGI2000-v7.0-G-15-04657,,28.731166520051254,83.90680550572489,28.7345915,83.90936170511885,25.776007,0.235475041142862,5373.8027,5683.7383
RGI2000-v7.0-G-15-04658,,28.738083445673134,83.90983433670765,28.7366155,83.9102522284683,35.77943,0.084138364154952,5486.1514,5670.6997
RGI2000-v7.0-G-15-04659,,28.728933357806607,83.91695206691205,28.730875,83.91359491449415,22.657219,0.147356356804463,5424.387,5605.1597
RGI2000-v7.0-G-15-04660,,28.736305061502993,83.88491493863428,28.739837,83.8869929505036,31.88559,0.417147662388359,5400.438,6017.7764
RGI2000-v7.0-G-15-04661,,28.745137657074647,83.8832494989565,28.7439065,83.88765771837673,36.80704,0.309103350914394,5394.394,6027.6313
RGI2000-v7.0-G-15-04662,,28.74150735060186,83.87688328130267,28.739663,83.8779308074621,29.990332,0.143882021882089,5296.3735,5586.87
RGI2000-v7.0-G-15-04663,,28.738035149660856,83.87529576225215,28.7372365,83.87667237553926,33.8224,0.055024096609043,5390.3857,5616.7085
RGI2000-v7.0-G-15-04664,,28.72864619357476,83.86122617393517,28.726204,83.86249540351531,35.069042,0.200424300828486,5482.123,5855.0747
RGI2000-v7.0-G-15-04667,,28.66925680721614,83.87468667486326,28.659667,83.86580575137671,26.06943,2.962228528996933,4875.0933,6531.598
RGI2000-v7.0-G-15-04668,,28.65359988272153,83.88647020575966,28.644692499999998,83.8689093167844,29.56271,4.3164304597019,4677.6123,6612.0864
RGI2000-v7.0-G-15-04669,,28.630294278476278,83.87271421082718,28.629446,83.86766123572218,40.824276,0.355087674903736,5776.498,6455.0024
RGI2000-v7.0-G-15-04670,,28.642223494835363,83.78885043691207,28.6224335,83.85375307692712,30.449368,19.192406290831684,4050.3901,7940.1177
RGI2000-v7.0-G-15-04671,,28.64240946661475,83.83151837848861,28.648985,83.8389573297483,34.98089,2.285092880634227,5098.316,6612.4995
RGI2000-v7.0-G-15-04672,,28.650300788886288,83.829580574374,28.654291999999998,83.83197015958955,33.331497,0.285298972147378,5123.2017,5681.966
RGI2000-v7.0-G-15-04673,,28.654930419357548,83.82336432687185,28.6570175,83.82534021664614,38.92949,0.122594703823161,4861.858,5242.239
RGI2000-v7.0-G-15-04674,,28.652710519847034,83.81568090722746,28.655271,83.81575922540983,29.952457,0.09730379440385,4563.803,4845.1743
RGI2000-v7.0-G-15-04675,,28.658026148694926,83.81102336699841,28.66179,83.80908546391754,36.15474,0.170303542547637,5332.3735,5814.498
RGI2000-v7.0-G-15-04676,,28.657419970955488,83.8039584437695,28.660262000000003,83.80416933526234,35.21771,0.130600086493704,5012.585,5418.869
RGI2000-v7.0-G-15-04677,,28.66109393907933,83.79505008408752,28.662622499999998,83.79641122118184,41.39382,0.06566290944705,5047.3745,5323.0547
RGI2000-v7.0-G-15-04678,,28.66149460639193,83.78485929607731,28.666175000000003,83.78903177954383,24.97031,0.271237666500518,4475.019,5014.2183
RGI2000-v7.0-G-15-04679,,28.666888481217594,83.77849722019282,28.6815635,83.78615567138199,37.99484,3.225578628197926,4717.3027,6847.4805
RGI2000-v7.0-G-15-04680,,28.702965093041072,83.78585946784851,28.6972455,83.78700226530502,48.04602,0.267618142063291,5278.6055,6507.448
RGI2000-v7.0-G-15-04681,,28.701951256693796,83.79329105120944,28.6992615,83.7920031578937,44.332104,0.146351011140437,5515.8755,6073.866
RGI2000-v7.0-G-15-04682,,28.701408491287754,83.79509077995324,28.7002965,83.79576982015011,42.16472,0.034058725335199,5604.453,5856.9883
RGI2000-v7.0-G-15-04684,,28.698275445338844,83.81167252772318,28.690866,83.80960969614316,44.23267,1.147235635271167,5683.1626,7088.825
RGI2000-v7.0-G-15-04685,,28.700951607189538,83.84034604735804,28.6922615,83.82078957934783,26.104967,2.884355396779029,4928.5767,7060.199
RGI2000-v7.0-G-15-04686,,28.675419411970278,83.85350402093903,28.6768355,83.82548536431499,27.350712,6.077953631753649,4910.918,6943.7715
RGI2000-v7.0-G-15-04687,,28.65219652451788,83.83384000849465,28.6646085,83.8356190877696,43.403233,2.34663003644316,5572.4307,7080.7124
RGI2000-v7.0-G-15-04688,,28.664739015141784,83.7982119867357,28.6748775,83.80785131493506,37.5088,2.136152270179694,5407.2646,7122.853
RGI2000-v7.0-G-15-04689,,28.675696986571264,83.76959127224123,28.677298999999998,83.76709248036951,37.574802,0.070138435844498,5626.142,5911.946
RGI2000-v7.0-G-15-04690,,28.657068354781277,83.77238653705899,28.6661145,83.75452176737969,30.51976,11.254578521680694,4484.611,6995.0137
RGI2000-v7.0-G-15-04691,,28.646888822068483,83.74257815657758,28.647256499999997,83.74077777524347,47.680054,0.045182245655901,5591.093,5898.635
RGI2000-v7.0-G-15-04692,,28.637009137388382,83.73880383710217,28.639635499999997,83.73961269596808,23.986168,0.245111307785194,5166.044,5383.756
RGI2000-v7.0-G-15-04693,,28.637096304386176,83.74462354389475,28.6390025,83.74648768419382,30.602554,0.107560975574842,5133.477,5352.317
RGI2000-v7.0-G-15-04694,,28.63520659655513,83.73004058301296,28.63654,83.73252369010102,40.530983,0.035865848802339,5184.0947,5505.1914
RGI2000-v7.0-G-15-04695,,28.639386850947805,83.72377002316102,28.642121,83.72462407841141,36.395267,0.107722729350376,5000.5425,5304.1514
RGI2000-v7.0-G-15-04696,,28.6372651716673,83.71933820782564,28.641759999999998,83.7205442300237,28.489994,0.241764917056784,4734.1978,5296.4385
RGI2000-v7.0-G-15-04697,,28.647886742507172,83.73259318699341,28.64935,83.73184269251558,30.38564,0.048310518359573,6234.285,6416.621
RGI2000-v7.0-G-15-04698,,28.66254154564457,83.72243387964016,28.658679499999998,83.72579202454224,40.393402,0.310204644556074,5992.8486,6583.825
RGI2000-v7.0-G-15-04699,,28.67162275433877,83.70811359141722,28.6762345,83.71662315321893,34.267056,1.317481487268689,4688.8486,6524.9243
RGI2000-v7.0-G-15-04700,,28.68824879806777,83.71663607143601,28.686605,83.719521782,44.48986,0.11385245461559,4979.4966,5581.5083
RGI2000-v7.0-G-15-04701,,28.691328666289742,83.7071320546786,28.6906955,83.71007025540769,25.736712,0.13509088107081,4378.2075,4745.816
RGI2000-v7.0-G-15-04702,,28.692785440283846,83.72073223067866,28.694407499999997,83.72826633293978,32.42614,0.418021109041211,5061.0513,5716.4663
RGI2000-v7.0-G-15-04703,,28.692058993065846,83.73403053261038,28.691029,83.73720623432288,50.295815,0.130106830534575,6079.5825,6821.727
RGI2000-v7.0-G-15-04704,,28.686336376316873,83.72422011219686,28.6809655,83.73342654900338,38.52496,1.727768299546695,5660.153,6985.3696
RGI2000-v7.0-G-15-04705,,28.703009476128443,83.75381701852797,28.6971835,83.74749866850588,44.557747,1.396922418368444,5082.6797,6976.298
RGI2000-v7.0-G-15-04706,,28.697142153769505,83.77958771111486,28.6922725,83.75681487642768,45.83786,1.672334266656757,5413.904,6928.5273
RGI2000-v7.0-G-15-04707,,28.69482791190263,83.76768755250497,28.694635499999997,83.76544152766895,44.28299,0.114736133005558,5463.6426,5778.6445
RGI2000-v7.0-G-15-04708,,28.693970916444965,83.77020392376252,28.6930755,83.769571704952,58.57225,0.037704362702101,5552.8706,5896.4995
RGI2000-v7.0-G-15-04709,,28.723955906169394,83.76366626223265,28.707933,83.77561740142518,26.671263,1.234560847059407,3849.1086,5898.389
RGI2000-v7.0-G-15-04710,,28.71815081208674,83.76179728310379,28.7127495,83.75800969905563,26.380585,0.436637473120524,3965.0845,4623.814
RGI2000-v7.0-G-15-04711,,28.709961586810092,83.7253374046958,28.708911999999998,83.72508810039369,35.554417,0.045532546095158,5382.209,5553.2773
RGI2000-v7.0-G-15-04712,,28.617032555440307,83.78673701143536,28.6123735,83.79184476411291,34.56992,0.481803850238151,4800.0957,5857.2656
RGI2000-v7.0-G-15-04713,,28.627733229917222,83.78195943102413,28.6136725,83.80778304259307,35.295395,3.395466664553002,4037.3442,6936.442
RGI2000-v7.0-G-15-04714,,28.599463535653847,83.80966498765032,28.5950215,83.80713757527027,44.870502,0.29434045726973,6865.103,7624.902
RGI2000-v7.0-G-15-04715,,28.59441459290416,83.81022973373094,28.592136,83.81004687755103,34.716766,0.08905624822541,7368.7627,7651.696
RGI2000-v7.0-G-15-04716,,28.571991790355856,83.79511829243138,28.5730645,83.79645293874128,47.954147,0.136079386070841,6388.261,6805.9297
RGI2000-v7.0-G-15-04717,,28.564657218714196,83.7917001464577,28.5722875,83.79012141927083,41.94152,0.825119178307654,5483.5083,6372.856
RGI2000-v7.0-G-15-04718,,28.583561850656267,83.77154531675089,28.5815345,83.7711821357162,50.89105,0.115155470412783,5389.551,5984.2754
RGI2000-v7.0-G-15-04719,,28.580315741449176,83.75679453542442,28.580370000000002,83.76085980093444,34.33087,0.187090894987282,5252.9746,5844.8984
RGI2000-v7.0-G-15-04720,,28.588985372221106,83.75034421873889,28.584553,83.75316114513464,40.745037,0.3031764142104,4620.096,5608.1675
RGI2000-v7.0-G-15-04721,,28.60409452587094,83.77682919490097,28.5925,83.7768716147541,34.737076,5.551312775074986,4634.5693,7420.6846
RGI2000-v7.0-G-15-04722,,28.548888156040253,83.7934967130247,28.55196,83.794919,43.47893,0.419272044675725,5117.665,5757.8423
RGI2000-v7.0-G-15-04723,,28.542255598213103,83.79590457230375,28.543384,83.80619838942116,33.16948,8.9183615836322,4978.5845,7299.723
RGI2000-v7.0-G-15-04724,,28.54012896423692,83.79070729685637,28.528098999999997,83.79344528462767,38.15847,1.447694999109051,4635.0728,6460.2993
RGI2000-v7.0-G-15-04725,,28.526549360880022,83.7849845863109,28.523913999999998,83.78479149710522,45.57921,0.087877258006364,4921.728,5331.628
RGI2000-v7.0-G-15-04726,,28.52538473863963,83.78272148149027,28.523857,83.78229405952382,44.43486,0.039346586920696,4853.158,5105.195
RGI2000-v7.0-G-15-04727,,28.51983852513152,83.79032336614594,28.518569499999998,83.79114936879446,44.446716,0.036482193690458,5565.296,5858.1846
RGI2000-v7.0-G-15-04728,,28.51231652341494,83.78828687142094,28.5106595,83.79081334413713,40.76566,0.19736000045659,5224.4854,5914.664
RGI2000-v7.0-G-15-04729,,28.516156898884393,83.7799991282332,28.510571,83.78498473506647,34.303383,0.369600553826295,4543.2207,5491.7236
RGI2000-v7.0-G-15-04730,,28.504122395676724,83.77734184321146,28.5007735,83.78248989697266,38.07307,0.535847867768981,4841.7383,5682.4785
RGI2000-v7.0-G-15-04731,,28.494089490581487,83.78764302557231,28.495692,83.78543661788214,35.556335,0.13789922117864,5219.5566,5605.1753
RGI2000-v7.0-G-15-04732,,28.496461563422187,83.79604340713738,28.4968985,83.79175945638998,33.27821,0.076927783835175,4997.0474,5371.1206
RGI2000-v7.0-G-15-04733,,28.487355671987537,83.77251406725152,28.4928245,83.7764825,22.520912,0.605034909696063,4910.766,5480.1196
RGI2000-v7.0-G-15-04734,,28.496039843882244,83.77073999009947,28.4955165,83.77171049645781,36.303158,0.025073894319804,5151.6533,5314.041
RGI2000-v7.0-G-15-04735,,28.497964219239506,83.7712562041924,28.497084,83.77289538555556,40.949997,0.044075055273758,5076.0547,5343.9634
RGI2000-v7.0-G-15-04736,,28.532475822215826,83.86783650953184,28.5161625,83.80898461076576,35.57381,11.99378090996158,4119.3184,7143.068
RGI2000-v7.0-G-15-04737,,28.501926384945595,83.8197799190906,28.5023495,83.81773366540864,42.32477,0.083118083901061,5277.139,5643.1196
RGI2000-v7.0-G-15-04738,,28.482452134955118,83.83025609502036,28.493036,83.83355983830769,27.747665,0.768217122490296,3500.158,4838.4937
RGI2000-v7.0-G-15-04739,,28.507604713316333,83.84060956079117,28.507863999999998,83.84267379913419,44.05692,0.082169846793815,5414.445,5810.5864
RGI2000-v7.0-G-15-04740,,28.501887097753794,83.84607083457641,28.5061155,83.84848793491341,44.093983,0.276587908864893,5418.8354,6393.937
RGI2000-v7.0-G-15-04741,,28.50240847503643,83.87660696190295,28.499894,83.86131240149626,23.387335,1.254458113988066,4466.2,5363.501
RGI2000-v7.0-G-15-04742,,28.50510611718617,83.8778091955959,28.506749499999998,83.87419900504665,34.8552,1.247570780986385,4488.623,6337.5205
RGI2000-v7.0-G-15-04743,,28.50999550671138,83.87587686915356,28.510578000000002,83.87430685759081,31.55799,0.052018629433538,5050.9575,5222.983
RGI2000-v7.0-G-15-04744,,28.52029591443856,83.87536040661743,28.5179265,83.87237514947782,30.733002,0.224534261400858,4506.9883,4963.689
RGI2000-v7.0-G-15-04745,,28.52066684766047,83.87020014412722,28.519650499999997,83.8676874837441,29.417023,0.083796709915185,4595.3193,4842.2354
RGI2000-v7.0-G-15-04746,,28.51637312681683,83.88372722686478,28.515467,83.88213005760056,33.959763,0.050383208677067,4671.072,4826.428
RGI2000-v7.0-G-15-04748,,28.5019117385644,83.92592870042041,28.501358,83.93140564265141,36.51476,1.062647612348102,4664.29,6212.873
RGI2000-v7.0-G-15-04749,,28.49324313026342,83.9325604519125,28.493115500000002,83.93381314716396,45.991497,0.032900201385237,5154.537,5686.089
RGI2000-v7.0-G-15-04750,,28.489483776640746,83.93354959568438,28.489469,83.93531160826365,56.191433,0.037991529429771,5192.277,5655.6313
RGI2000-v7.0-G-15-04751,,28.4918542837662,83.92289344585261,28.487302999999997,83.9298524281844,32.55827,0.574172274476162,4518.4395,5631.0396
RGI2000-v7.0-G-15-04752,,28.486160949827354,83.92371859144853,28.479805499999998,83.92513154956349,32.983837,0.696739281621478,4742.6797,5597.5757
RGI2000-v7.0-G-15-04753,,28.47058706959841,83.92726464506563,28.4713835,83.92776451739357,42.356358,0.017077628946529,5212.9707,5422.7427
RGI2000-v7.0-G-15-04754,,28.468994005580317,83.92148422491911,28.470857000000002,83.92417324408177,34.32524,0.125395639048676,4913.7305,5374.1997
RGI2000-v7.0-G-15-04755,,28.472068606677006,83.91599671428584,28.471004,83.91593209719366,36.410538,0.071697636655059,4803.4805,5005.523
RGI2000-v7.0-G-15-04756,,28.467878432293308,83.93174345628513,28.468780000000002,83.93211813772454,25.465551,0.045336871579766,4940.523,5033.26
RGI2000-v7.0-G-15-04757,,28.47223803127961,83.93660523936666,28.471384999999998,83.9345521572327,34.41952,0.087518745606762,4959.5034,5209.684
RGI2000-v7.0-G-15-04758,,28.48048289215809,83.94395720030235,28.4807865,83.94197991483516,23.916243,0.090711713912514,5176.534,5337.948
RGI2000-v7.0-G-15-04759,,28.474331621795542,83.94774721353012,28.480457,83.9498465704871,26.15008,1.058290513386776,4791.917,5553.4126
RGI2000-v7.0-G-15-04760,,28.492585622196557,83.95545913111651,28.4920165,83.95212323515327,40.009823,0.122322569715682,5735.949,6286.386
RGI2000-v7.0-G-15-04761,,28.497779229614522,83.95258805869406,28.495729,83.9485155,43.627464,0.19789345242661,6137.2744,6802.3965
RGI2000-v7.0-G-15-04762,,28.494878113233064,83.9367442801848,28.492769000000003,83.94130883158374,48.98358,0.214709061934762,5730.5317,6529.935
RGI2000-v7.0-G-15-04763,,28.50446488695199,83.96737341580872,28.5068265,83.95166391763341,36.4089,1.38503438172311,4876.8447,6858.935
RGI2000-v7.0-G-15-04764,,28.516974186143038,83.93895380262656,28.5191065,83.95237014768341,38.481724,2.462762853659042,4746.9136,6193.258
RGI2000-v7.0-G-15-04765,,28.53589464848441,83.94226921004027,28.534246,83.94827541647963,33.700836,1.486179271967876,4823.9,6141.2236
RGI2000-v7.0-G-15-04766,,28.54001532056906,83.94624309412472,28.5400975,83.94873455176162,44.64222,0.093504205725347,5280.837,5807.901
RGI2000-v7.0-G-15-04767,,28.544907886441756,83.94953992176428,28.541783000000002,83.95652428314918,39.764793,0.595309206038288,5426.544,6163.7573
RGI2000-v7.0-G-15-04768,,28.55089210240803,83.94835386815068,28.547835,83.9602843777063,31.273369,1.429082476092092,4787.423,6126.84
RGI2000-v7.0-G-15-04769,,28.561805100779853,83.9574764161823,28.5583315,83.96927726952781,31.214005,1.991949917583993,4779.908,5946.334
RGI2000-v7.0-G-15-04770,,28.557894238093514,83.98681922079575,28.55922,83.98516996050914,44.09625,0.05387904041591,5969.0576,6366.0815
RGI2000-v7.0-G-15-04771,,28.56147610438598,83.98684448734181,28.562147500000002,83.98525969935709,55.823433,0.036703357442946,5912.8184,6275.724
RGI2000-v7.0-G-15-04772,,28.56572535924096,83.99229269266957,28.5679205,83.99174608946171,52.40873,0.07775083156864,5825.368,6490.8853
RGI2000-v7.0-G-15-04773,,28.567148266916153,83.95377667796825,28.577643000000002,83.98254646845794,36.04192,4.990664553499045,4711.381,7497.665
RGI2000-v7.0-G-15-04774,,28.56919154724846,83.95136094189932,28.5871435,83.96396063750306,30.589735,5.422028881804468,4713.2363,7038.0317
RGI2000-v7.0-G-15-04775,,28.56665939803991,83.94610675994058,28.5843715,83.93237144660412,31.60227,3.805097507680109,4613.6904,7120.144
RGI2000-v7.0-G-15-04776,,28.556549462754777,83.91300508007426,28.582230000000003,83.91034144021192,30.500437,12.512558017013104,4313.2227,7162.5825
RGI2000-v7.0-G-15-04777,,28.567731543060308,83.89704571464584,28.5728065,83.89114486034802,24.697536,1.793748823806929,5105.623,5931.017
RGI2000-v7.0-G-15-04778,,28.57149047047436,83.88718230448096,28.571241,83.88564392670953,31.583305,0.045191549724554,5453.2583,5605.307
RGI2000-v7.0-G-15-04779,,28.568128294931277,83.87197330271674,28.570889,83.87544779048451,30.224829,0.365886638382099,4951.55,5540.152
RGI2000-v7.0-G-15-04780,,28.55718421841495,83.87353164794762,28.5638175,83.87874191642442,24.182562,0.690291862662284,4732.8003,5510.1694
RGI2000-v7.0-G-15-04781,,28.55332345600156,83.88359206966435,28.5611745,83.88401997422409,21.68557,0.812131372421343,4918.603,5595.6777
RGI2000-v7.0-G-15-04782,,28.55926059161703,83.89133064452089,28.5614385,83.88994105916427,36.278442,0.09172877022542,5453.224,5653.5464
RGI2000-v7.0-G-15-04783,,28.562334378400703,83.89675471623637,28.563214,83.89537996866508,31.569796,0.048486198538979,5183.8823,5371.7407
RGI2000-v7.0-G-15-04784,,28.533148704735936,83.89196120749371,28.5733465,83.84257019320876,30.650957,29.91545967425985,3877.9026,7894.6865
RGI2000-v7.0-G-15-04785,,28.673616774043165,83.9048878670114,28.640304999999998,83.89454114285715,29.695992,13.187698918362306,4096.6333,7137.6
RGI2000-v7.0-G-15-04786,,28.65028492319222,83.9139148667649,28.637704,83.910507382593,22.759012,2.937714417421398,5032.3228,5946.371
RGI2000-v7.0-G-15-04787,,28.654119315121655,83.91974857178715,28.6475315,83.92027193843526,38.205627,0.700654890983487,4948.252,6100.9873
RGI2000-v7.0-G-15-04788,,28.657553419163378,83.92716812489134,28.651180500000002,83.93058680921129,31.526396,0.982204544856385,5050.038,5987.353
RGI2000-v7.0-G-15-04789,,28.642047253621293,83.93560771148368,28.6436245,83.93262378712238,38.92486,0.090977134331615,5588.0513,6020.862
RGI2000-v7.0-G-15-04790,,28.63906790778,83.93285866175162,28.641509,83.92954119382034,37.15153,0.163152672264148,5591.464,6061.0347
RGI2000-v7.0-G-15-04791,,28.63638685083852,83.9325275612407,28.638635,83.928858492205,31.793245,0.173895559073446,5568.195,6075.594
RGI2000-v7.0-G-15-04792,,28.64734550134311,83.97714844712539,28.625045,83.94341238527608,27.266657,13.660892416609032,4666.4644,7064.5664
RGI2000-v7.0-G-15-04793,,28.640677767076163,83.957267226466,28.631571,83.96720196400129,29.692717,2.253488573287068,5133.6035,6386.851
RGI2000-v7.0-G-15-04794,,28.650869101706295,84.00377043539692,28.6182545,83.98851738027206,27.425385,18.086969972368966,3708.2273,7463.551
RGI2000-v7.0-G-15-04795,,28.633546295175442,83.99916120452119,28.6319725,84.00368649585876,40.407375,0.132071849430654,5146.4404,5486.5923
RGI2000-v7.0-G-15-04796,,28.636665924759868,84.01467938935438,28.624745,84.01345276678043,31.92128,1.547383775883159,4679.419,6359.5054
RGI2000-v7.0-G-15-04797,,28.613954057779203,84.0211904046468,28.612011000000003,84.01893648182363,52.16603,0.172732486025481,5709.499,6424.969
RGI2000-v7.0-G-15-04798,,28.60155364436791,84.02933594031492,28.605819500000003,84.0228595658163,44.518276,0.585258903229556,5463.6826,6634.9683
RGI2000-v7.0-G-15-04799,,28.59450724230295,84.04105614016667,28.596297,84.03823925588866,28.075525,0.199959023021578,4282.4683,4613.073
RGI2000-v7.0-G-15-04800,,28.587321484692364,84.0419234765231,28.584118,84.03809184440479,31.220331,0.447170679597918,4293.6606,4844.9053
RGI2000-v7.0-G-15-04801,,28.589620373098153,84.03176141795265,28.587372,84.02619361290323,36.06724,1.750561287949991,5178.742,6218.521
RGI2000-v7.0-G-15-04802,,28.588956380241378,84.04909825208058,28.5823985,84.05047834304884,28.014708,0.344144564680679,4008.9424,4779.625
RGI2000-v7.0-G-15-04803,,28.586932418353808,84.06077689260962,28.5633055,84.08378377656209,32.727985,10.915628788501081,4292.684,7379.144
RGI2000-v7.0-G-15-04804,,28.578395386642416,84.12005976214705,28.557901,84.10372341531892,35.474464,10.584899275315,4170.7124,7614.5366
RGI2000-v7.0-G-15-04805,,28.563340485459296,84.12669450590558,28.560747999999997,84.12476834979734,49.72174,0.10839642749,5424.991,5993.6934
RGI2000-v7.0-G-15-04806,,28.562974195661976,84.13313015397952,28.561566499999998,84.13124599803535,41.6069,0.088620439803494,5754.816,6054.292
RGI2000-v7.0-G-15-04807,,28.583226299255234,84.1428510491027,28.565737,84.14081164743817,36.63121,3.142549675267189,4113.9634,6902.6553
RGI2000-v7.0-G-15-04808,,28.551494238178986,84.17734173365619,28.5299765,84.17250291885514,29.938663,8.021233534449369,3880.5032,7625.419
RGI2000-v7.0-G-15-04809,,28.465135949338386,84.10861633717253,28.502380000000002,84.16293555601098,24.069138,46.92150399876442,3676.604,7669.125
RGI2000-v7.0-G-15-04810,,28.495312238263395,84.20298488192704,28.497265,84.19136303027645,37.361137,2.266189091290623,5579.28,6946.8965
RGI2000-v7.0-G-15-04811,,28.4826289407574,84.19502002640756,28.4860605,84.19325278356523,45.824886,1.041347943787917,5867.818,6962.561
RGI2000-v7.0-G-15-04812,,28.47808802155364,84.20396523559734,28.4798585,84.20212649394188,39.480198,0.078944543244537,5353.78,5698.2812
RGI2000-v7.0-G-15-04813,,28.46424252560819,84.20521055708477,28.472362500000003,84.19898000874944,28.379017,1.204622738436294,4393.7124,5704.2466
RGI2000-v7.0-G-15-04814,,28.45697015664432,84.190936775315,28.4706815,84.18555374348958,27.668673,2.076325216985832,4218.6743,6198.798
RGI2000-v7.0-G-15-04815,,28.46253966494752,84.17914307829963,28.4653,84.17686964639354,21.371668,0.365803999641254,4749.0024,5056.048
RGI2000-v7.0-G-15-04816,,28.464327379134996,84.15781362934959,28.468476000000003,84.17044604478642,34.75465,0.581204035404558,4340.998,5653.8584
RGI2000-v7.0-G-15-04817,,28.472402712070025,84.16356464744428,28.4746065,84.16510317517681,43.273117,0.239199047810277,5519.723,6070.251
RGI2000-v7.0-G-15-04818,,28.469551859897514,84.13809950182393,28.477801499999998,84.14590623026162,30.117287,2.853386758747663,5231.2935,6820.5723
RGI2000-v7.0-G-15-04819,,28.468983806283717,84.13705956122602,28.468541000000002,84.13826197642358,32.806396,0.013598272067229,5101.6704,5195.745
RGI2000-v7.0-G-15-04820,,28.47073871878514,84.11889068697212,28.4741295,84.12154914274441,45.280926,0.15523193399502,3841.5437,4605.082
RGI2000-v7.0-G-15-04821,,28.44598820157844,84.11733160936734,28.456936,84.11751180684325,35.806713,0.602239645772055,2438.671,3987.7537
RGI2000-v7.0-G-15-04822,,28.472039462498916,84.08677659881724,28.471238,84.08486634268164,22.520432,0.089136419376491,4930.4863,5082.1274
RGI2000-v7.0-G-15-04823,,28.48175892342048,84.07100550783373,28.4819985,84.0720373925367,48.02866,0.055054905522965,5528.959,5798.881
RGI2000-v7.0-G-15-04824,,28.47979751535513,84.0602862441029,28.480325,84.06304345991984,28.00148,0.16779263775243,4672.8447,4915.0493
RGI2000-v7.0-G-15-04825,,28.485815225611248,84.06022960231601,28.485391,84.062198,29.027012,0.117338160392127,4629.856,4847.043
RGI2000-v7.0-G-15-04826,,28.49576131569941,84.06075136488258,28.5046125,84.06895563618046,28.278347,3.853563683934222,4876.107,6455.015
RGI2000-v7.0-G-15-04827,,28.50452781026755,84.08154449024781,28.5014585,84.08187377118047,47.088562,0.222825247006088,5969.1514,6508.8296
RGI2000-v7.0-G-15-04828,,28.538246617327648,84.06965666576623,28.540436,84.0717404222019,47.588985,0.125166085116642,5960.7637,6564.2437
RGI2000-v7.0-G-15-04829,,28.53917132697141,84.06581668620997,28.5401065,84.0673358375347,49.27204,0.067766766983951,5577.98,6140.449
RGI2000-v7.0-G-15-04830,,28.52679856095464,84.0282606530854,28.5429715,84.04573089201895,25.411396,13.191420962869323,4116.3477,7522.075
RGI2000-v7.0-G-15-04831,,28.537948621139897,83.99431148731259,28.5624805,84.01334538589126,31.758018,9.024783646503774,4057.1387,7418.0557
RGI2000-v7.0-G-15-04832,,28.552302571453424,83.9915800286347,28.55483,83.99060836205112,37.345684,0.10552751772425,5116.416,5642.729
RGI2000-v7.0-G-15-04833,,28.541743300943097,83.98902662017574,28.546375,83.98242241890685,33.669777,0.405407862451104,4290.896,5362.5093
RGI2000-v7.0-G-15-04834,,28.537494786644483,83.98216065225468,28.5402015,83.98013512861272,27.635433,0.188659815854633,4773.7144,5166.7915
RGI2000-v7.0-G-15-04835,,28.53486562672254,83.97804288616541,28.539552999999998,83.97515533082249,40.375813,0.202296932222373,4751.051,5768.9575
RGI2000-v7.0-G-15-04836,,28.526962500198557,83.97213049779165,28.5322625,83.97009230269575,35.33995,0.28895105382926,4537.895,5404.245
RGI2000-v7.0-G-15-04837,,28.52603599838349,83.97953575039702,28.523353999999998,83.973151078281,30.97811,0.455683475467991,4214.3486,5191.1694
RGI2000-v7.0-G-15-04838,,28.51703953071378,83.97217583032372,28.515121999999998,83.97113271155204,36.377174,0.096934763790944,4739.8726,5066.4956
RGI2000-v7.0-G-15-04840,,28.50070280801114,83.97784594208944,28.491274500000003,83.96473061845771,30.617537,2.204245353538851,4047.0283,5639.77
RGI2000-v7.0-G-15-04841,,28.637928732323118,84.0429964601919,28.6250985,84.03390297122502,28.079306,1.051086894185604,3887.4182,5493.3306
RGI2000-v7.0-G-15-04842,,28.708398679685377,84.03616982568428,28.7087385,84.03842987801335,35.179707,0.083368544148665,5312.891,5652.788
RGI2000-v7.0-G-15-04843,,28.7217282423599,84.02225641080256,28.718164,84.030312201966,26.652267,0.295267258218592,4925.3623,5509.248
RGI2000-v7.0-G-15-04844,,28.72211974706879,84.03101244813718,28.7220565,84.03824276697532,31.836288,1.220583425266515,5440.9087,6358.664
RGI2000-v7.0-G-15-04845,,28.71875394017776,84.05026807011373,28.7215175,84.04861502250108,39.35063,0.244470708548073,5670.667,6301.0337
RGI2000-v7.0-G-15-04846,,28.718659245655463,84.05769018394186,28.720184,84.05625631913423,30.745367,0.141950693051096,5834.96,6054.9277
RGI2000-v7.0-G-15-04847,,28.739996222315884,84.07867700061742,28.730807,84.07244892410141,23.549341,2.033302149069281,5187.2944,5998.9556
RGI2000-v7.0-G-15-04848,,28.730973613376214,84.09516894600186,28.730788,84.08956513634897,42.79245,0.338550879282008,5549.41,6026.5557
RGI2000-v7.0-G-15-04849,,28.72362348290606,84.09424576635799,28.725164,84.09541028597235,38.510384,0.1090077608578,5585.8726,5801.925
RGI2000-v7.0-G-15-04850,,28.717564586258813,84.09295900851893,28.721354499999997,84.09901506134969,24.315126,0.384423527747173,5180.829,5810.0464
RGI2000-v7.0-G-15-04852,,28.731926541267452,84.11280000020588,28.7282255,84.1099911196898,30.441664,0.460357756452909,5288.213,5774.6743
RGI2000-v7.0-G-15-04853,,28.73686322701933,84.10323063116506,28.730503499999998,84.09933628105978,28.480122,0.669430454682508,5149.638,5820.4434
RGI2000-v7.0-G-15-04854,,28.72813156332789,84.12049487284523,28.7240545,84.12096084967321,30.145742,0.33518972477183,5322.919,5890.451
RGI2000-v7.0-G-15-04858,,28.707092550645676,84.14127984625647,28.712065,84.14516851018507,25.615927,0.534479452518338,5319.7314,5839.267
RGI2000-v7.0-G-15-04859,,28.722934356148677,84.15506662707426,28.718227499999998,84.14900177789474,29.778244,0.585356423875692,5219.124,5832.7515
RGI2000-v7.0-G-15-04860,,28.706648470487544,84.15199867007271,28.7102985,84.15435616090525,30.789248,0.31235976696662,5336.409,5835.1226
RGI2000-v7.0-G-15-04861,,28.713785324764697,84.1668945955888,28.709486,84.16245522673387,29.66719,0.591208932045365,5166.456,5765.9004
RGI2000-v7.0-G-15-04862,,28.728248784603064,84.13810272141842,28.721376499999998,84.13509435623513,23.418325,1.365243327440541,5202.854,5877.5522
RGI2000-v7.0-G-15-04863,,28.767322975802987,84.12984957086134,28.766444,84.12999463592709,24.840904,0.026194111411077,5413.634,5507.9326
RGI2000-v7.0-G-15-04864,,28.774755841490265,84.12479973767377,28.772464499999998,84.12539852776895,33.313663,0.108738565980063,5283.909,5647.542
RGI2000-v7.0-G-15-04865,,28.77641146768356,84.10756608403804,28.773505999999998,84.10956824748588,33.83296,0.223941805650497,5271.964,5662.979
RGI2000-v7.0-G-15-04866,,28.77056468135883,84.11049403478657,28.769323,84.10878055248196,23.407543,0.077616305066928,5554.1646,5737.8457
RGI2000-v7.0-G-15-04867,,28.774226825337117,84.1025385222574,28.7712905,84.10449364967229,34.542534,0.14583144284756,5270.2,5752.233
RGI2000-v7.0-G-15-04868,,28.772220338253515,84.09755504449724,28.770187999999997,84.09735371198676,30.958494,0.090067027505759,5351.404,5628.8677
RGI2000-v7.0-G-15-04869,,28.774447310964263,84.09177386202607,28.7737695,84.08831305425187,21.258848,0.22584718066707,5452.072,5717.927
RGI2000-v7.0-G-15-04870,,28.768906579705828,84.08748290188794,28.7699925,84.08690765384615,24.866169,0.054252585069086,5539.1255,5690.7256
RGI2000-v7.0-G-15-04871,,28.7713307976543,84.07989673990565,28.771839,84.08228439389302,21.881798,0.047184819294679,5581.4214,5704.993
RGI2000-v7.0-G-15-04872,,28.783296816879798,84.08510419099696,28.778823000000003,84.08401358612286,26.070585,0.450044462112961,5214.842,5665.1973
RGI2000-v7.0-G-15-04873,,28.783137252367947,84.07715500490566,28.779601,84.073721,25.267853,0.381835163710669,5346.933,5811.2974
RGI2000-v7.0-G-15-04874,,28.791658699222232,84.06585708896684,28.7846655,84.06330506085527,30.115282,0.935763206311048,5203.8687,5935.2065
RGI2000-v7.0-G-15-04877,,28.75372121173167,83.99742619135877,28.747151000000002,84.01097769262356,29.976824,1.591299289430342,4973.0195,6341.684
RGI2000-v7.0-G-15-04878,,28.736131236408283,84.00613954946498,28.736539999999998,84.00761518629409,33.848442,0.083102273491611,5420.915,5657.427
RGI2000-v7.0-G-15-04879,,28.732381513022833,84.03759100782932,28.7321595,84.03646670494699,22.469969,0.048996521440582,6164.94,6271.3267
RGI2000-v7.0-G-15-04880,,28.754230177798064,84.06978328909128,28.739443,84.05432827631579,23.068932,4.008000386411923,5111.685,6417.844
RGI2000-v7.0-G-15-04881,,28.821475177965883,84.1281297408467,28.819496,84.13225974089332,36.037468,0.172167782043914,5448.2686,5941.269
RGI2000-v7.0-G-15-04882,,28.81565588379293,84.13629609709776,28.819076000000003,84.13586872960848,29.465418,0.221471027209745,5663.8677,6069.0654
RGI2000-v7.0-G-15-04883,,28.82289684935283,84.1294642363501,28.8236705,84.13286826970955,34.08952,0.246112461126272,5514.813,6061.358
RGI2000-v7.0-G-15-04884,,28.826709940354352,84.12580857953752,28.826765,84.13317712737759,22.956049,0.470670415283948,5438.855,6012.4497
RGI2000-v7.0-G-15-04885,,28.836479224336472,84.13476906341992,28.832344499999998,84.13523363072918,24.241146,0.293035467776217,5468.284,5885.9795
RGI2000-v7.0-G-15-04886,,28.83482537299641,84.12413582745184,28.833168,84.12893015636497,23.276987,0.185495001185512,5518.7524,5713.044
RGI2000-v7.0-G-15-04887,,28.839565350280733,84.13949005681941,28.840491,84.14118845782896,38.71993,0.061897842579688,5813.873,6109.325
RGI2000-v7.0-G-15-04888,,28.835990433557225,84.14440153321394,28.837441,84.1448745,26.668951,0.056979811055292,5633.5186,5796.964
RGI2000-v7.0-G-15-04889,,28.838835407122364,84.14611081972173,28.839014,84.15185731967787,38.399975,0.59979674128836,5856.3135,6319.4185
RGI2000-v7.0-G-15-04890,,28.827859900305743,84.14888279039417,28.832539,84.15000871621388,22.719925,0.171852847865968,5392.9673,5828.4272
RGI2000-v7.0-G-15-04891,,28.82421951893346,84.15709475291041,28.830838999999997,84.16477369899943,26.625813,0.722536989911185,5320.7017,6313.268
RGI2000-v7.0-G-15-04892,,28.826912010707158,84.16137782692401,28.825246,84.16461442451819,30.154102,0.135955589220461,5474.0474,5821.05
RGI2000-v7.0-G-15-04893,,28.82258541540764,84.17166860239074,28.828097,84.1739884780311,31.415918,0.408143627102506,5416.3896,6090.3276
RGI2000-v7.0-G-15-04894,,28.83680881202331,84.179248895534,28.8340935,84.17673649778762,39.27597,0.195217335789807,5569.565,6065.3853
RGI2000-v7.0-G-15-04895,,28.828776438009662,84.20230505285278,28.837498500000002,84.1684410720669,21.633577,4.240002066954092,5230.4014,6282.235
RGI2000-v7.0-G-15-04896,,28.851347698924105,84.17024821704337,28.8525115,84.16747507915038,21.130342,0.137871146056664,5747.6294,5978.6187
RGI2000-v7.0-G-15-04897,,28.855295729128226,84.1618789300136,28.855346,84.16271738769355,31.107668,0.027827327490869,6009.856,6125.4175
RGI2000-v7.0-G-15-04898,,28.843206047244276,84.1223418089103,28.858746,84.16179829578466,22.598524,4.280955893691607,5222.4263,6560.2114
RGI2000-v7.0-G-15-04899,,28.851541859142184,84.17841459374903,28.8586145,84.17356775838574,23.934658,0.484309912117725,5697.317,6405.1846
RGI2000-v7.0-G-15-04900,,28.8501774856131,84.17918967210072,28.8527495,84.18288634402843,33.19025,0.205000365081372,5672.197,6265.858
RGI2000-v7.0-G-15-04902,,28.848131927968335,84.21957477625904,28.846320499999997,84.21652445728114,29.389858,0.139676939924022,5515.847,5937.9062
RGI2000-v7.0-G-15-04903,,28.847891038661697,84.22310036060374,28.851167,84.21725287729359,20.267517,0.550218213541647,5399.831,5947.0493
RGI2000-v7.0-G-15-04905,,28.830424198428375,84.22430650284744,28.827167,84.22697526009884,24.743965,0.246802976638932,5612.2603,5981.0254
RGI2000-v7.0-G-15-04906,,28.830720437380748,84.23148302966564,28.8272385,84.23029528073414,29.71247,0.175776498622522,5528.5903,5965.617
RGI2000-v7.0-G-15-04907,,28.834888960328616,84.23765058241412,28.825021,84.23468107432433,22.976904,0.852364846330273,5367.7188,6238.2324
RGI2000-v7.0-G-15-04908,,28.8331852131067,84.24313966526877,28.825223,84.24690965566037,24.25798,1.399742613117553,5208.6,6169.269
RGI2000-v7.0-G-15-04909,,28.81516472276419,84.2448155339587,28.8137275,84.24265535696648,36.08338,0.080785804715819,5485.823,5773.089
RGI2000-v7.0-G-15-04910,,28.809768956544755,84.24383369961402,28.813471999999997,84.23922317328842,32.075085,0.403715363140801,5543.753,6231.848
RGI2000-v7.0-G-15-04911,,28.806513140047176,84.2299449750207,28.810947499999997,84.23253957434365,30.662346,0.367917618971601,5658.933,6279.3584
RGI2000-v7.0-G-15-04913,,28.79821401064016,84.24557032443211,28.793409,84.24097955711983,26.78862,0.335707055650158,5322.4844,5876.3486
RGI2000-v7.0-G-15-04914,,28.790421792777536,84.24545285389303,28.788957,84.2438847254414,26.135258,0.097112087673315,5593.677,5807.6646
RGI2000-v7.0-G-15-04915,,28.79693764564579,84.22795430314736,28.796699500000003,84.23108904422492,25.930973,0.164559148416568,5509.845,5757.6787
RGI2000-v7.0-G-15-04916,,28.823167967623018,84.21203817320387,28.8197185,84.2225718411633,28.946955,1.419666529266533,5318.7827,6354.4917
RGI2000-v7.0-G-15-04917,,28.807951074550267,84.20304330707424,28.8054985,84.2006948194913,26.764227,0.188275779424335,5378.9297,5603.505
RGI2000-v7.0-G-15-04918,,28.80071543442669,84.2020653381182,28.797956,84.20220173111997,27.54285,0.204161332789667,5368.3486,5672.6475
RGI2000-v7.0-G-15-04919,,28.80328069397511,84.19176834774706,28.8047295,84.19132049999999,33.571373,0.035428136496088,5860.553,5982.155
RGI2000-v7.0-G-15-04920,,28.809336165229407,84.18125268615748,28.808293499999998,84.1858966140422,23.339418,0.308895667988627,5374.3574,5737.456
RGI2000-v7.0-G-15-04921,,28.807340558593886,84.17841340235178,28.8031145,84.18288531905512,29.766512,0.608883688388574,5234.034,5817.415
RGI2000-v7.0-G-15-04922,,28.812751828505764,84.18963329186167,28.81223,84.19176299770643,32.321564,0.051415844668898,5813.263,5985.0645
RGI2000-v7.0-G-15-04923,,28.815519052621653,84.1818885562855,28.816035499999998,84.18512941443615,37.213917,0.136517534462949,5732.5464,6003.78
RGI2000-v7.0-G-15-04924,,28.817963384013225,84.16937155021003,28.820224,84.17634966185014,30.422726,0.432088657491272,5305.451,5964.8994
RGI2000-v7.0-G-15-04925,,28.822556448199858,84.20135341049547,28.819724,84.195070067757,29.12826,1.22581660734365,5277.6084,6129.904
RGI2000-v7.0-G-15-04926,,28.816737979627693,84.14418278258935,28.816277499999998,84.1428824374508,26.025345,0.045965838775756,5508.722,5638.671
RGI2000-v7.0-G-15-04927,,28.85247875349878,84.12208077416349,28.854746,84.12142638681516,40.076416,0.150003125736546,5793.918,6107.3237
RGI2000-v7.0-G-15-04928,,28.861572714163394,84.11451802181587,28.8683095,84.12828017377552,25.127752,3.06100153599064,5470.7456,6356.774
RGI2000-v7.0-G-15-04929,,28.878614215969172,84.11771279673505,28.8799155,84.11646827732794,40.997543,0.100501032286386,5953.7314,6248.5693
RGI2000-v7.0-G-15-04930,,28.873054026748154,84.10565485910827,28.878284999999998,84.11071014132712,26.321766,0.549665856868471,5543.238,6246.2783
RGI2000-v7.0-G-15-04931,,28.883281845010526,84.07633004866636,28.8853875,84.07690573366477,32.389626,0.117140318998402,5936.54,6291.3267
RGI2000-v7.0-G-15-04932,,28.900157748741478,84.06601332829115,28.893570500000003,84.06652402644231,31.756433,0.761349584482956,5347.367,6294.05
RGI2000-v7.0-G-15-04933,,28.90039213948866,84.06219205246623,28.89461,84.06034665316206,29.375027,0.347275060984396,5374.2915,6041.0396
RGI2000-v7.0-G-15-04934,,28.898616821130776,84.05631137955167,28.894996499999998,84.05716583707266,27.846699,0.113622607523108,5485.422,5892.896
RGI2000-v7.0-G-15-04935,,28.8929981094827,84.0565866086764,28.8910075,84.05792657394873,31.517967,0.065233455444795,5764.755,6042.354
RGI2000-v7.0-G-15-04936,,28.8528797635743,84.13833976406369,28.8647,84.14937064106286,21.60317,3.066661911247063,5526.867,6548.5493
RGI2000-v7.0-G-15-04937,,28.86157158311862,84.24373963316083,28.8744575,84.1760397747231,20.5642,12.268274411063786,5026.7275,6385.171
RGI2000-v7.0-G-15-04938,,28.88616598238219,84.20243193978004,28.8930945,84.19080406468177,22.480999,1.166459646102233,5492.0938,6283.731
RGI2000-v7.0-G-15-04939,,28.911610265651785,84.18146353013454,28.909235000000002,84.18237533064516,45.388474,0.38115820081858,5874.652,6361.114
RGI2000-v7.0-G-15-04940,,28.94002796043518,84.18154192730991,28.9337525,84.1777429871234,20.250408,0.71583898302657,5624.2383,6292.483
RGI2000-v7.0-G-15-04941,,28.943673269128748,84.1730144585016,28.932392,84.16516002053247,23.878641,2.439369259485763,5508.1743,6438.29
RGI2000-v7.0-G-15-04942,,28.943792706868305,84.15927508594882,28.9403785,84.15951054367608,26.720276,0.209238262343425,5736.1035,6142.4463
RGI2000-v7.0-G-15-04944,,28.88450518402863,84.22153403805257,28.8918,84.21996767633229,31.738224,1.350620535819798,5677.149,6344.911
RGI2000-v7.0-G-15-04945,,28.88603204645641,84.23349495725424,28.8891085,84.23627501720183,41.508846,0.350259071079205,5576.524,6291.3027
RGI2000-v7.0-G-15-04946,,28.874328734480443,84.26376774901725,28.8849215,84.26782228397758,36.444134,2.800130152357292,5340.225,6893.6426
RGI2000-v7.0-G-15-04947,,28.85428587490916,84.29185481951747,28.852975,84.29471001082474,36.82354,0.093647793981622,5765.987,6044.5747
RGI2000-v7.0-G-15-04948,,28.84434743763486,84.29732059160791,28.8471845,84.29876404365604,34.754494,0.284334495140037,5741.16,6147.241
RGI2000-v7.0-G-15-04949,,28.84114654871692,84.30149602691162,28.840904,84.30534045980421,36.755135,0.291309397938466,5666.6807,6098.7686
RGI2000-v7.0-G-15-04950,,28.84199719278557,84.31873216805452,28.843359999999997,84.32392113803323,29.561409,0.373918986779257,5653.154,6137.311
RGI2000-v7.0-G-15-04952,,28.82146409613434,84.33617473025983,28.8328025,84.34188769021388,21.240322,2.465615044735038,5337.7896,6144.8
RGI2000-v7.0-G-15-04953,,28.842837256923207,84.35378729593387,28.841479,84.35048956311797,37.58307,0.078666655803437,5693.9683,6088.4487
RGI2000-v7.0-G-15-04954,,28.843629499630968,84.35729085901802,28.8523705,84.34924942251754,26.359798,1.321128282630446,5564.7876,6555.127
RGI2000-v7.0-G-15-04955,,28.82756353912276,84.35837434974225,28.837407,84.3643060602862,20.77281,2.09912550482247,5366.38,6104.824
RGI2000-v7.0-G-15-04956,,28.837827648840275,84.37638838738427,28.8383555,84.37511315419648,32.485138,0.159128702933862,5748.5044,6096.324
RGI2000-v7.0-G-15-04957,,28.825160732388508,84.37271684664991,28.8403105,84.38423973705412,22.811846,7.764271680312106,5202.078,6801.1646
RGI2000-v7.0-G-15-04958,,28.824579931036656,84.40558492684241,28.827568,84.40398532180319,37.978348,0.452434171128232,5909.319,6486.754
RGI2000-v7.0-G-15-04959,,28.820380378582264,84.39907968324067,28.820658,84.3976855564516,38.346817,0.098518370742108,6076.3223,6306.912
RGI2000-v7.0-G-15-04960,,28.82568385266335,84.41225550112729,28.828118500000002,84.4150403442705,27.305843,0.220978391456769,5927.8984,6302.873
RGI2000-v7.0-G-15-04961,,28.8241215854945,84.41748315501057,28.827512,84.41898620595794,20.279915,0.577298597989254,5860.087,6203.0967
RGI2000-v7.0-G-15-04962,,28.818797907137974,84.40829801582764,28.81812,84.42143154408686,25.36628,1.990790607631022,5632.0264,6558.162
RGI2000-v7.0-G-15-04963,,28.805262422990587,84.40961183416444,28.807838,84.42190146827957,24.75554,0.876278839891233,5598.235,6562.9253
RGI2000-v7.0-G-15-04964,,28.804041016516184,84.42344663077087,28.808318,84.4276226269171,31.983192,0.253318140683935,5861.6763,6545.616
RGI2000-v7.0-G-15-04965,,28.796917079292278,84.41519266793551,28.803987,84.42846346153846,24.834032,1.191484405704818,5662.3066,6488.436
RGI2000-v7.0-G-15-04966,,28.811723419210626,84.3678416660265,28.790840000000003,84.42198607763157,25.149685,13.749540311282178,5013.002,7035.855
RGI2000-v7.0-G-15-04968,,28.816307397286376,84.45539157348495,28.8198205,84.45059892466631,23.995588,0.455761790397286,5993.5044,6565.643
RGI2000-v7.0-G-15-04969,,28.83471512852776,84.45344330710667,28.8299925,84.44709736611242,25.768585,0.788820259686702,5801.3384,6637.1924
RGI2000-v7.0-G-15-04970,,28.838399726928017,84.4568658100757,28.830585999999997,84.4537277450424,25.227652,1.018770675310374,5641.091,6628.741
RGI2000-v7.0-G-15-04972,,28.80155948049671,84.37394907804835,28.797624499999998,84.3727465,28.438839,0.278568983116683,5442.4214,5905.939
RGI2000-v7.0-G-15-04973,,28.798141347449906,84.36769325940811,28.796016,84.36821031418401,39.40504,0.123599694186733,5536.653,5913.1426
RGI2000-v7.0-G-15-04974,,28.794980530350465,84.36016813401326,28.793531,84.3634020246808,34.21199,0.184493696401089,5522.927,5871.6387
RGI2000-v7.0-G-15-04975,,28.784153334255333,84.3563689799402,28.7857345,84.37335580023347,24.094898,1.643819485715388,5273.7783,6141.0464
RGI2000-v7.0-G-15-04976,,28.776185913687385,84.36538494903171,28.779753499999998,84.37746899290231,28.603575,0.822535469758192,5285.434,6306.579
RGI2000-v7.0-G-15-04977,,28.771135800194564,84.37631205063451,28.777541,84.38320643165493,28.522457,0.529849493390472,5467.0757,6373.059
RGI2000-v7.0-G-15-04978,,28.763547371323174,84.37545619368467,28.769036999999997,84.38905084225942,28.091816,7.24255909138073,5040.8506,7038.832
RGI2000-v7.0-G-15-04979,,28.763678823126828,84.38410595176579,28.7638605,84.38615531849481,31.07029,0.258659694184348,5401.86,6063.891
RGI2000-v7.0-G-15-04980,,28.78878012279394,84.29472542072662,28.759639999999997,84.36699490954729,20.378881,17.153591307206135,4472.215,7012.199
RGI2000-v7.0-G-15-04981,,28.76605190639922,84.34241253769164,28.747653,84.34123499918232,27.841095,2.379927414439118,4912.8843,6916.3184
RGI2000-v7.0-G-15-04982,,28.75936230240242,84.33627063040471,28.7531745,84.33535321597029,32.46405,0.525526911141311,5319.226,6105.1377
RGI2000-v7.0-G-15-04983,,28.761326482105577,84.33042209718656,28.7556515,84.33013977158438,28.426369,0.471256580572957,5356.2944,6025.188
RGI2000-v7.0-G-15-04984,,28.761012723283137,84.3215142708273,28.7569795,84.32372736808156,32.00869,0.193279914130647,5518.507,5924.9536
RGI2000-v7.0-G-15-04985,,28.7504207440458,84.32179987466247,28.748645500000002,84.32878688864946,27.647049,0.311937714911752,5538.2627,6126.637
RGI2000-v7.0-G-15-04986,,28.747087337446597,84.32161975216044,28.746389,84.3274799070808,28.663385,0.279795115984133,5466.8257,6140.4233
RGI2000-v7.0-G-15-04987,,28.743065008178217,84.3258479463036,28.7439725,84.33222593029838,35.200424,0.12962281710005,5603.476,6174.941
RGI2000-v7.0-G-15-04988,,28.740545675081293,84.31687958005074,28.7344845,84.3317631803159,34.956837,1.840619669819336,5168.493,6564.9053
RGI2000-v7.0-G-15-04989,,28.740441183663158,84.31394958616045,28.731944499999997,84.32000882240663,34.25639,0.57167480436055,5108.9595,6325.3115
RGI2000-v7.0-G-15-04990,,28.734720828269378,84.3124243996811,28.728446499999997,84.31571692003632,33.49395,0.691364489212346,5400.0083,6325.0884
RGI2000-v7.0-G-15-04991,,28.72969414266772,84.30913403651297,28.725718,84.3134960561558,36.72332,0.455515448358184,5484.424,6382.3965
RGI2000-v7.0-G-15-04992,,28.72405357876668,84.30588488954588,28.72083,84.30901935551373,33.729866,0.403301013297694,5463.2446,6286.8066
RGI2000-v7.0-G-15-04993,,28.699432450648914,84.30303350561994,28.698352,84.30553830522564,39.714905,0.211934246855823,5579.8574,6019.198
RGI2000-v7.0-G-15-04994,,28.695048164932683,84.29704441432717,28.6894615,84.31218412407675,25.332058,2.633102029124253,5175.001,6567.932
RGI2000-v7.0-G-15-04995,,28.679593766168743,84.29734864500178,28.679426499999998,84.30696399939804,21.6356,0.752656397057105,5761.544,6397.237
RGI2000-v7.0-G-15-04996,,28.687242142861898,84.27442075427533,28.673531,84.30522305271847,26.622446,8.145013726561189,4743.27,6924.889
RGI2000-v7.0-G-15-04997,,28.68811036413804,84.28822126644563,28.685716,84.29249362400517,23.030754,0.350285386892101,5520.881,5966.9814
RGI2000-v7.0-G-15-04998,,28.692098630108138,84.29227061983097,28.69094,84.29285319051544,31.732647,0.034297900549058,5504.273,5683.548
RGI2000-v7.0-G-15-04999,,28.69473544708938,84.28950368342386,28.693487,84.28961212371291,30.697779,0.037055010687084,5384.2646,5559.0005
RGI2000-v7.0-G-15-05000,,28.67927453350445,84.2810771358771,28.674751,84.28093550788493,31.615435,0.344601668782123,5740.5674,6282.162
RGI2000-v7.0-G-15-05001,,28.6641143359779,84.27077803579962,28.666225,84.28043291764591,25.574215,0.926850931527878,5467.715,6391.7407
RGI2000-v7.0-G-15-05002,,28.65634522496731,84.2723999619518,28.662637,84.2834101822034,29.519426,0.634912551953802,5454.918,6508.013
RGI2000-v7.0-G-15-05003,,28.64512674365275,84.26893847670543,28.653533000000003,84.28551440763272,30.560799,2.567219105327565,5139.2725,6952.3784
RGI2000-v7.0-G-15-05004,,28.64155984211635,84.28842989117217,28.6468855,84.29036670807771,39.76955,0.374704629603302,5146.7515,6178.7236
RGI2000-v7.0-G-15-05005,,28.633420140250593,84.29740636032778,28.6462165,84.30613331941646,39.387543,2.458215289899351,4906.9585,6957.529
RGI2000-v7.0-G-15-05006,,28.63092427002467,84.3181532320701,28.644609000000003,84.31587969678569,30.15819,1.929699710195298,5001.3022,6839.882
RGI2000-v7.0-G-15-05007,,28.645436723811436,84.32905652492543,28.645152000000003,84.3279217217003,48.383354,0.016013485373096,5317.3315,5543.245
RGI2000-v7.0-G-15-05008,,28.643140635833827,84.32983833414717,28.640676499999998,84.3289664044273,39.342735,0.145650955275158,5362.0405,5731.686
RGI2000-v7.0-G-15-05009,,28.629957167614034,84.32158662174031,28.6296125,84.32640075635592,24.869991,1.889583435282448,5156.198,5862.6426
RGI2000-v7.0-G-15-05010,,28.63414919808355,84.34368451654134,28.6347445,84.33997516134697,33.111416,0.25231060548916,5013.337,5702.05
RGI2000-v7.0-G-15-05011,,28.62291722730608,84.34971473817461,28.6192835,84.33958106899438,28.530582,0.384774726756239,4902.4404,5654.115
RGI2000-v7.0-G-15-05012,,28.610895265868884,84.30955621429099,28.6127705,84.32197623136186,27.764332,1.343448634423441,5024.4946,5706.572
RGI2000-v7.0-G-15-05013,,28.65536263167078,84.34077643445079,28.6538465,84.33670681437195,35.843258,0.105708530717368,5026.5703,5455.0034
RGI2000-v7.0-G-15-05014,,28.65975159771731,84.3545708618741,28.659212,84.3467488368115,30.243174,0.350661918197874,4173.807,4760.6743
RGI2000-v7.0-G-15-05015,,28.662287665507424,84.33838570479405,28.6653035,84.33798676353965,46.622635,0.160637081117834,5254.6187,6094.6406
RGI2000-v7.0-G-15-05016,,28.65352137493996,84.36638588633495,28.6733295,84.35107186569172,27.191954,5.765350686267204,4056.907,6757.8237
RGI2000-v7.0-G-15-05017,,28.67718217035914,84.35201756767046,28.679595,84.35321928607195,41.756973,0.120060325056756,5177.7744,5634.998
RGI2000-v7.0-G-15-05018,,28.692169298763233,84.3556873477841,28.694769,84.35063111797149,30.449623,0.207310209154979,5571.4404,6075.9937
RGI2000-v7.0-G-15-05019,,28.696310445033202,84.3394715052451,28.6960465,84.34584128721946,43.150555,0.312293775162981,5629.5166,6112.127
RGI2000-v7.0-G-15-05020,,28.707134970321306,84.34693015924198,28.711593999999998,84.34361001949152,35.0469,0.671331114195451,5627.173,6256.6455
RGI2000-v7.0-G-15-05021,,28.705453185699056,84.29782784914414,28.71121,84.35808887481318,22.645216,8.812587977452017,4840.839,6957.0034
RGI2000-v7.0-G-15-05022,,28.69091140167347,84.38434443441814,28.693601,84.38733469545579,37.431168,0.159265132304507,4980.9214,5657.182
RGI2000-v7.0-G-15-05024,,28.675556740001735,84.39768124973905,28.675417000000003,84.40381615374713,39.536472,0.204725213736204,4608.6924,5396.1245
RGI2000-v7.0-G-15-05025,,28.67922117612445,84.41159903993716,28.6774485,84.40887606019523,36.105114,0.140872692772524,4929.052,5306.2637
RGI2000-v7.0-G-15-05026,,28.671013508651672,84.39586905442931,28.6684415,84.40479743215181,39.693356,0.242002786554705,4579.332,5422.73
RGI2000-v7.0-G-15-05028,,28.66821491511103,84.42061447010425,28.667933,84.41856664162214,27.265474,0.079554145234553,5243.479,5436.435
RGI2000-v7.0-G-15-05029,,28.663399783898473,84.42451248143749,28.6632775,84.4227895960084,24.508305,0.037244458507706,5261.24,5399.0386
RGI2000-v7.0-G-15-05030,,28.658166315920944,84.42103814903939,28.660024999999997,84.4226514123362,29.415459,0.105977579586925,5241.4966,5487.1514
RGI2000-v7.0-G-15-05032,,28.70651554573711,84.40185636364365,28.70479,84.39972832667574,42.368004,0.23557751576637,5633.9795,6195.8687
RGI2000-v7.0-G-15-05033,,28.70746797298748,84.46108193194682,28.710652,84.46771957108014,41.417324,0.295067336558005,4835.7246,6089.4243
RGI2000-v7.0-G-15-05034,,28.694945657110633,84.4741718858696,28.706789999999998,84.47755591769729,45.030155,1.229719649532598,4478.1016,6854.8623
RGI2000-v7.0-G-15-05035,,28.69128654196632,84.48022098670151,28.699635999999998,84.48537145774822,29.900715,0.535421477504014,4539.74,5854.065
RGI2000-v7.0-G-15-05036,,28.6906171658257,84.48841260681203,28.691888,84.4892147261138,27.538778,0.056138233428074,4719.6416,4904.3677
RGI2000-v7.0-G-15-05037,,28.69510035926414,84.49397510732614,28.6954585,84.49648187164948,36.264187,0.172909494578731,5351.0503,5690.433
RGI2000-v7.0-G-15-05038,,28.698171298842503,84.49787770463786,28.701825999999997,84.49781591186775,36.107037,0.171938523490743,5856.004,6216.819
RGI2000-v7.0-G-15-05040,Tarkya,28.708831871733214,84.58353005781754,28.728713499999998,84.51299826828645,22.359694,12.53718264613639,4707.6665,6672.419
RGI2000-v7.0-G-15-05041,,28.75006388070162,84.50069243911436,28.7468035,84.50265723785873,40.609097,0.278229392406681,5839.405,6380.451
RGI2000-v7.0-G-15-05042,,28.753202554088702,84.50367231693082,28.7493205,84.51072216006098,30.297796,0.558782808053434,5856.346,6457.15
RGI2000-v7.0-G-15-05043,,28.759337238217995,84.5124228161755,28.757446,84.51479742950109,39.25439,0.238449013181838,5874.067,6334.216
RGI2000-v7.0-G-15-05044,,28.753616335853437,84.51964233574529,28.755881000000002,84.51873067188625,32.75785,0.150473617644141,6031.034,6349.054
RGI2000-v7.0-G-15-05045,,28.761424738484443,84.52295048254129,28.7602615,84.51987673613678,31.817305,0.130511948561313,5915.7183,6297.037
RGI2000-v7.0-G-15-05046,,28.76772914511542,84.51863349037428,28.765330499999997,84.51893294288931,43.677433,0.090027026806507,5684.9585,6231.752
RGI2000-v7.0-G-15-05047,,28.75832219970884,84.53177537813055,28.750488500000003,84.52783966280273,32.51535,1.114824573833324,5499.086,6439.1533
RGI2000-v7.0-G-15-05048,,28.759581640132488,84.5417844251544,28.7525975,84.54302576490889,34.940224,0.638575151611348,5465.778,6320.1777
RGI2000-v7.0-G-15-05049,,28.756747392750597,84.54705595282064,28.754455,84.55341013177537,34.420185,0.509216787440788,5636.5728,6350.3984
RGI2000-v7.0-G-15-05050,,28.763577324198852,84.56408822254798,28.760248500000003,84.56941923142858,34.30924,0.445727950795818,5676.835,6164.0
RGI2000-v7.0-G-15-05051,Jialakang Glacier,28.748902856468426,84.58191552860822,28.7501365,84.57268270360224,20.588665,1.18086439976428,5480.4854,6351.7305
RGI2000-v7.0-G-15-05054,,28.7288262309436,84.58079831288255,28.731687,84.5766760522483,25.766735,0.67027406965066,5486.9136,5955.532
RGI2000-v7.0-G-15-05055,,28.743595432743252,84.58801591489369,28.7392275,84.5868037148289,23.734266,1.164956031160782,5197.218,5956.0913
RGI2000-v7.0-G-15-05056,,28.731912310426903,84.62157926683037,28.734389999999998,84.6232028928467,31.132877,0.09011174925692,5472.1523,5858.0693
RGI2000-v7.0-G-15-05057,,28.735678113175545,84.63921237003711,28.7325995,84.63847276721373,34.47397,0.338747969898748,5240.09,5853.576
RGI2000-v7.0-G-15-05058,,28.728970731227008,84.64386555016573,28.7275615,84.64212553227452,36.18659,0.096388293060969,5657.703,6004.7383
RGI2000-v7.0-G-15-05059,,28.733468078927594,84.65163651687223,28.731171,84.64986969240931,35.26321,0.133784740007587,5013.438,5413.0713
RGI2000-v7.0-G-15-05060,,28.729169953726824,84.6547687356481,28.7266145,84.65293180401272,38.674908,0.257744577491981,5290.0093,6053.9746
RGI2000-v7.0-G-15-05061,,28.716980486376883,84.65453909190082,28.720906499999998,84.64948207103143,30.53703,0.330513374020453,5330.1807,6065.967
RGI2000-v7.0-G-15-05062,,28.69066461542368,84.60250217467909,28.6899555,84.59989190100663,32.667343,0.064679864902112,5181.2856,5409.677
RGI2000-v7.0-G-15-05063,,28.682748285531858,84.55502186580365,28.684631500000002,84.55601450255523,24.76958,0.102052560873554,5590.91,5817.9155
RGI2000-v7.0-G-15-05064,,28.68988248614583,84.55246109329008,28.6881105,84.55046985982142,41.274628,0.15761481060062,5339.843,5739.5234
RGI2000-v7.0-G-15-05065,,28.679063220965908,84.53107656494728,28.687208,84.53068411924686,28.273893,1.609003556940132,5277.6953,6480.377
RGI2000-v7.0-G-15-05066,,28.670562532613,84.52003997945982,28.679066499999998,84.51918048869749,28.92505,0.965576211789108,5185.6455,6260.3745
RGI2000-v7.0-G-15-05068,,28.654222070128395,84.4683329140458,28.675773,84.50228086889328,26.768517,3.825803529135692,4076.4993,6452.905
RGI2000-v7.0-G-15-05069,,28.65491994919214,84.49715278351937,28.653524,84.50315816357238,34.6597,0.206709324966805,4958.162,5654.9243
RGI2000-v7.0-G-15-05070,,28.644030634404007,84.50052668088577,28.6488975,84.5032481931643,32.58393,0.411161093964816,4972.2783,5810.744
RGI2000-v7.0-G-15-05071,,28.647549604107564,84.50921317748839,28.649758,84.51090205283734,40.114765,0.115643072048994,5197.2725,5649.396
RGI2000-v7.0-G-15-05072,,28.638443914846963,84.51321538427955,28.6460035,84.51502624255951,30.898972,1.195812111406743,4870.8906,6079.562
RGI2000-v7.0-G-15-05073,,28.661767648473912,84.52226167937181,28.654421,84.52369942251816,27.7253,1.035307118106218,5020.194,6191.571
RGI2000-v7.0-G-15-05075,,28.65606866956461,84.53879880140305,28.6548085,84.54009082869949,40.056347,0.059730650851267,5142.885,5441.751
RGI2000-v7.0-G-15-05077,,28.649793137578037,84.5569643897096,28.6477735,84.56009640326079,34.26588,0.087793830022954,5148.1196,5644.9194
RGI2000-v7.0-G-15-05078,,28.64477613225279,84.55630512018247,28.6434985,84.55924297307327,42.434998,0.119067503318995,5228.4175,5748.9814
RGI2000-v7.0-G-15-05079,,28.649824309390596,84.5699481491426,28.6462925,84.5681918773973,33.216675,0.33121635266258,5000.548,5689.6206
RGI2000-v7.0-G-15-05080,,28.62334767080301,84.56378018580709,28.632073,84.55731850483468,23.196505,1.031099853420979,4911.303,5651.324
RGI2000-v7.0-G-15-05081,,28.64425409085451,84.59197322828346,28.610875999999998,84.55279432446645,25.678118,10.783529722930355,4198.987,6865.631
RGI2000-v7.0-G-15-05082,,28.61056999738989,84.52033539434902,28.618286,84.5305945443445,30.21388,1.866260062591041,4744.3945,6264.591
RGI2000-v7.0-G-15-05083,,28.619108644567792,84.5155679339322,28.619405999999998,84.52100865408055,34.998207,0.137163950495941,4691.9624,5234.8574
RGI2000-v7.0-G-15-05084,,28.625161219117714,84.51468729459026,28.634646,84.5300452167736,34.167084,4.297689291234012,4501.751,6296.3594
RGI2000-v7.0-G-15-05085,,28.602961423493948,84.51370767515263,28.5826085,84.53367008374944,28.395832,7.745779301095519,4253.2407,7704.5845
RGI2000-v7.0-G-15-05086,,28.59750386020491,84.50535860373117,28.581156,84.5212548625818,34.845512,3.571722152183292,3985.0393,6941.33
RGI2000-v7.0-G-15-05087,,28.569300156834846,84.52146432003413,28.570294,84.52268576703479,52.311893,0.062719290395517,5256.721,5610.029
RGI2000-v7.0-G-15-05088,,28.56974582558541,84.50870890330364,28.563649499999997,84.51339094383283,31.812786,0.760708867408267,4401.0596,5285.0537
RGI2000-v7.0-G-15-05089,,28.56710759645801,84.50262227966746,28.556459,84.50428947518057,34.597027,1.090893437014794,4252.2207,6096.698
RGI2000-v7.0-G-15-05090,,28.553209561335983,84.49581372990555,28.551397,84.49356089019471,35.29807,0.124423454347613,5555.0234,5904.9146
RGI2000-v7.0-G-15-05091,,28.54531079397659,84.49247280593667,28.550294,84.48935548788468,44.528458,0.471541116763558,5350.8076,6464.5586
RGI2000-v7.0-G-15-05092,,28.553562338558425,84.48952434278995,28.555689,84.4848300661435,37.074986,0.183303267305053,6074.3823,6460.1406
RGI2000-v7.0-G-15-05093,,28.550692992462956,84.47796612915491,28.5514375,84.47945060672899,43.789627,0.056317926420223,5830.5757,6144.2476
RGI2000-v7.0-G-15-05094,,28.541225898649873,84.47343296362621,28.549929499999998,84.4725422368421,31.844677,1.061414552555902,5001.381,6438.007
RGI2000-v7.0-G-15-05095,,28.545415117184653,84.46355426700298,28.545543000000002,84.46469131962448,36.292164,0.030730187935973,5084.3086,5263.1035
RGI2000-v7.0-G-15-05096,,28.552840464779386,84.4615299770281,28.5528665,84.46325050795755,43.058723,0.057567161027255,4928.0713,5264.8135
RGI2000-v7.0-G-15-05097,,28.56435523248047,84.46115563304701,28.560904999999998,84.46591274959465,40.503235,0.438980607353672,4507.8994,5629.7637
RGI2000-v7.0-G-15-05098,,28.55955329673183,84.4725660626704,28.5588255,84.47427798673348,36.825893,0.164165181704665,5724.098,6174.5767
RGI2000-v7.0-G-15-05099,,28.56578352224036,84.47741574546839,28.56429,84.47751834324791,49.831913,0.056733331270243,5896.715,6212.356
RGI2000-v7.0-G-15-05100,,28.58110455329908,84.48048237951306,28.5731695,84.48050157416574,36.435474,0.694066830900222,4380.7573,5788.712
RGI2000-v7.0-G-15-05101,,28.609225194530932,84.47824743539128,28.581484000000003,84.49864190170494,28.586168,3.012894109738387,3403.5618,6272.546
RGI2000-v7.0-G-15-05102,,28.552706421066965,84.52046356993164,28.5519525,84.52099499427698,60.893543,0.049516542374423,6072.459,6507.205
RGI2000-v7.0-G-15-05103,,28.542828992838928,84.50652709592525,28.5424665,84.51329093369675,23.314272,0.367720153396369,6135.972,6433.5967
RGI2000-v7.0-G-15-05104,,28.538411205517814,84.51020319488872,28.5374955,84.51215630979623,54.289795,0.076715018354838,5863.7266,6185.1816
RGI2000-v7.0-G-15-05105,,28.52549426373182,84.48404894957716,28.5282515,84.50811595481852,23.201487,5.673812289836057,4635.78,6393.62
RGI2000-v7.0-G-15-05106,,28.515105656232368,84.51391195006673,28.520784,84.51290215461276,45.00493,0.260052170827819,6249.1875,6821.299
RGI2000-v7.0-G-15-05107,,28.51195256706603,84.5205313144977,28.512012,84.51830954021739,33.615288,0.084446425463803,5572.8374,5801.794
RGI2000-v7.0-G-15-05108,,28.511324348623287,84.49698835078152,28.510658,84.50864210504022,35.04542,0.449750818050955,4932.5337,5960.95
RGI2000-v7.0-G-15-05109,,28.49664778544102,84.50854968162648,28.4950315,84.51010669126819,33.240612,0.124124802150172,4942.748,5224.669
RGI2000-v7.0-G-15-05110,,28.494751876512343,84.50622323589513,28.492834000000002,84.5067307623631,33.367546,0.053055945312088,4931.164,5174.565
RGI2000-v7.0-G-15-05111,,28.472219363046925,84.52497570128187,28.471092,84.52567201299826,26.970768,0.065211083401624,5020.785,5167.469
RGI2000-v7.0-G-15-05112,,28.476035584724382,84.52828186896842,28.474279000000003,84.53033596044226,41.030342,0.096642313596545,5018.8384,5402.0
RGI2000-v7.0-G-15-05113,,28.490109909740298,84.53671131916438,28.479940499999998,84.5414169484155,22.866602,3.093362048449243,4662.6733,6173.2476
RGI2000-v7.0-G-15-05114,,28.48926064170274,84.55340762110306,28.488870499999997,84.55600600283287,59.619373,0.242488875259288,5912.5205,6752.184
RGI2000-v7.0-G-15-05115,,28.476995110195773,84.56964796479681,28.478134,84.5679941510179,63.508987,0.061977066514438,6042.9473,6485.8545
RGI2000-v7.0-G-15-05116,,28.47168828898123,84.56810850640314,28.473848,84.57047983175306,41.798397,0.115037458643387,5330.5596,5893.946
RGI2000-v7.0-G-15-05117,,28.468601975050316,84.557256244459,28.470456,84.5601082090036,35.31754,0.123625004705721,4916.8784,5276.846
RGI2000-v7.0-G-15-05118,,28.458286063678955,84.56118263797426,28.462764,84.57971175316797,31.268059,3.502739310380281,4458.677,6309.1973
RGI2000-v7.0-G-15-05119,,28.470152973005924,84.5966949350361,28.469435,84.59571330066079,49.358852,0.053093790075369,5605.2007,5909.039
RGI2000-v7.0-G-15-05120,,28.471046301354484,84.60170224680046,28.469618,84.60196582580414,48.173775,0.154143953481643,5097.7163,5496.416
RGI2000-v7.0-G-15-05121,Lamjam,28.463536173888567,84.60800845757237,28.4610085,84.60695848026789,51.907,0.248909097136891,5569.734,6274.5425
RGI2000-v7.0-G-15-05122,,28.4690004965016,84.62074423276816,28.4670365,84.61920774409165,57.462944,0.16323859555673,4906.926,5468.024
RGI2000-v7.0-G-15-05123,,28.473331786078397,84.62538392864505,28.470568,84.62722157737016,33.29055,0.307138419626478,4684.1772,5190.836
RGI2000-v7.0-G-15-05124,,28.458613768248117,84.64195176453613,28.482642,84.6514511584249,26.151665,34.88879081821126,3531.7705,7772.3374
RGI2000-v7.0-G-15-05125,,28.48418289955766,84.67764264775602,28.477164000000002,84.6807062178743,39.8359,0.250238727457667,4324.4985,5586.8047
RGI2000-v7.0-G-15-05126,,28.44893907853756,84.72206967226467,28.458892499999997,84.69436901755859,21.22095,2.013919095917713,4966.522,6681.1353
RGI2000-v7.0-G-15-05127,,28.456805403432842,84.71414609309042,28.4587475,84.71294462682471,43.38296,0.137715620286614,5618.5356,5933.297
RGI2000-v7.0-G-15-05128,,28.443926718520515,84.71627345047227,28.4529105,84.7163727999237,41.597576,0.839397946488496,4450.201,5924.2095
RGI2000-v7.0-G-15-05129,,28.449587960320386,84.75888299477357,28.4663545,84.7139114537685,20.737503,9.13307241723205,3853.0173,6269.6167
RGI2000-v7.0-G-15-05130,,28.496888456921628,84.7023728348175,28.4817505,84.70763468891101,31.772457,4.229261147373704,4554.156,6514.2583
RGI2000-v7.0-G-15-05131,,28.49660728656128,84.71743946456058,28.489545,84.71816575095238,28.155983,0.562083951631507,4860.505,5765.0825
RGI2000-v7.0-G-15-05132,,28.494784193426987,84.7331614372146,28.488969500000003,84.72597625246715,29.612192,1.424415484258059,4694.837,5665.6943
RGI2000-v7.0-G-15-05133,,28.490553251318676,84.7416153617577,28.486062500000003,84.73923424115044,30.602976,0.178546235045277,4757.5947,5533.3823
RGI2000-v7.0-G-15-05134,,28.487385274012965,84.74390137181202,28.482146,84.7439016562555,30.703901,0.677035424444968,4931.8726,5670.1426
RGI2000-v7.0-G-15-05135,,28.489685373090097,84.74846903149881,28.482840500000002,84.74965241493824,31.257587,0.885480259247131,4713.1533,5580.3535
RGI2000-v7.0-G-15-05136,,28.488538532529784,84.7609299077326,28.480497,84.75695384632729,31.677166,1.070390540951209,4573.979,5607.426
RGI2000-v7.0-G-15-05137,,28.484033098931643,84.76305840947414,28.480338,84.76168664642162,32.17715,0.127890482030482,4890.286,5401.7
RGI2000-v7.0-G-15-05138,,28.487363610495617,84.7650738893873,28.4802805,84.76431738232323,32.209007,0.486298044077052,4606.183,5600.824
RGI2000-v7.0-G-15-05139,,28.48348702283532,84.76784604532375,28.480127,84.77236144098976,38.79637,0.429001873066728,4847.4473,5474.0376
RGI2000-v7.0-G-15-05140,,28.482375042676814,84.78432614234414,28.4791315,84.78231006770832,30.093956,0.160908711698426,4780.05,5172.608
RGI2000-v7.0-G-15-05141,,28.481950995927516,84.78897364372303,28.4797875,84.79060707260484,28.890244,0.262122015716198,4762.543,5009.5605
RGI2000-v7.0-G-15-05142,,28.466440865402628,84.76456019473758,28.467482500000003,84.76187428874735,38.106773,0.057436300654501,4861.541,5160.393
RGI2000-v7.0-G-15-05143,,28.46742449698938,84.75313594578066,28.469882,84.75535402554334,34.059395,0.262215545765566,4891.398,5464.0825
RGI2000-v7.0-G-15-05144,,28.435065105333234,84.78345211152879,28.426294499999997,84.75764364402264,23.837313,32.1411261102764,3082.3372,7105.945
RGI2000-v7.0-G-15-05145,,28.40090632878704,84.77542854081942,28.395103499999998,84.77396063763177,36.200905,0.501873360814902,4574.971,5436.2754
RGI2000-v7.0-G-15-05146,,28.387106287136096,84.78196811033295,28.3901685,84.7786654986631,35.70898,0.258951573572498,5070.2324,5451.7466
RGI2000-v7.0-G-15-05147,,28.40526675165033,84.78605777317847,28.4006695,84.7863954476631,22.5232,0.355516775606591,4491.4575,4877.845
RGI2000-v7.0-G-15-05148,,28.39420387116547,84.79979110657796,28.394070499999998,84.79724845904437,28.229498,0.263807531429029,4707.798,4981.2627
RGI2000-v7.0-G-15-05149,,28.390588494550297,84.76072496768217,28.3887025,84.76251212994359,42.23201,0.095621770693718,4960.9126,5482.139
RGI2000-v7.0-G-15-05150,,28.38911142047997,84.75882511593501,28.3858575,84.75998555739162,40.86991,0.167198437902793,5038.7812,5618.733
RGI2000-v7.0-G-15-05151,,28.381700762721003,84.75027202384032,28.378887,84.75615623,42.154896,0.228460984645665,4764.1704,5583.4365
RGI2000-v7.0-G-15-05152,,28.376955251032342,84.75984272590503,28.3759145,84.75815903159739,31.608751,0.050459296956027,5427.7393,5601.429
RGI2000-v7.0-G-15-05153,,28.37443981170945,84.75661480543343,28.375111,84.75591974634148,39.868893,0.024546113051298,5457.3804,5602.405
RGI2000-v7.0-G-15-05154,,28.366339822019686,84.76190715490782,28.368518,84.75492593373217,26.951324,0.861841729439064,4790.188,5336.757
RGI2000-v7.0-G-15-05155,,28.362257618207654,84.75113407061154,28.363546499999998,84.75013072917561,34.921925,0.086626528759685,4911.5103,5182.9473
RGI2000-v7.0-G-15-05156,,28.367228567880396,84.73667509294117,28.3639905,84.74096730718321,23.428583,0.493969118769371,4854.2124,5246.8726
RGI2000-v7.0-G-15-05157,,28.36022308585763,84.7366390907061,28.3618385,84.73859310647181,22.135607,0.203031020310706,4884.1597,5230.37
RGI2000-v7.0-G-15-05158,,28.352063155045897,84.71827613073724,28.353150499999998,84.71460330170778,28.235893,0.180691234203101,4888.689,5232.8516
RGI2000-v7.0-G-15-05159,,28.35015927244259,84.70279732419313,28.3540355,84.70210773693762,28.671532,0.567453366755326,4918.2476,5465.2773
RGI2000-v7.0-G-15-05160,,28.363820154231455,84.70432756542296,28.36243,84.70051145925014,41.832096,0.2515571049371,4977.8613,5616.044
RGI2000-v7.0-G-15-05161,,28.35563124949256,84.65881014090333,28.356867,84.68811021014747,24.007368,1.535889350608797,4512.4185,5447.8745
RGI2000-v7.0-G-15-05162,,28.362244189768216,84.66967366152254,28.365872500000002,84.68103189795919,41.875233,2.033374253641407,5289.1816,6636.0225
RGI2000-v7.0-G-15-05163,,28.364771359545266,84.66107205688873,28.3657115,84.66249781052036,43.24313,0.030956957541857,5246.6514,5517.5884
RGI2000-v7.0-G-15-05164,,28.37142260100181,84.63927058174274,28.375466,84.64225458070486,28.004454,0.258142780760592,3765.5942,4253.299
RGI2000-v7.0-G-15-05165,,28.386209143598826,84.63714421041533,28.3876925,84.63470268225656,26.313925,0.125966218105618,5118.611,5326.3413
RGI2000-v7.0-G-15-05166,,28.388442492090334,84.62470736268483,28.3882145,84.62877396474359,29.946392,0.140180321005575,4811.1826,5257.39
RGI2000-v7.0-G-15-05167,,28.39777185069517,84.62504715116549,28.393991999999997,84.62963185113122,26.070253,0.54281993203474,4882.3823,5411.866
RGI2000-v7.0-G-15-05168,,28.3998356149065,84.63032915784207,28.398691,84.6331613982623,34.085304,0.156895240671043,5068.9976,5413.284
RGI2000-v7.0-G-15-05169,,28.39801855293122,84.61290800877715,28.41092,84.62768478497708,25.288704,1.898383021502268,4364.8145,6224.4893
RGI2000-v7.0-G-15-05170,,28.41421277677814,84.62884358466968,28.415675999999998,84.62920601379327,36.27882,0.070251687513156,5394.6836,5651.1836
RGI2000-v7.0-G-15-05171,,28.407938732681906,84.6217425434259,28.414037999999998,84.619410511,33.66111,0.267228617829019,4950.8604,5857.1743
RGI2000-v7.0-G-15-05172,,28.40303381585296,84.61117597962101,28.4199515,84.6138491521055,36.82467,4.008060118658046,4637.6187,7453.8213
RGI2000-v7.0-G-15-05173,,28.41477178988777,84.63702387894294,28.428216499999998,84.62771665688487,30.892439,5.384299638955437,5767.123,7760.3613
RGI2000-v7.0-G-15-05174,,28.435606787929913,84.64505805150219,28.434965,84.64308815678348,44.976345,0.356122321582261,7174.691,7860.313
RGI2000-v7.0-G-15-05175,,28.42901836838749,84.58903631598531,28.4378295,84.60382617812951,30.362488,4.727375779670512,5696.2627,7470.272
RGI2000-v7.0-G-15-05176,,28.41588951706134,84.59227705308044,28.418642499999997,84.59646676431336,43.888203,0.288018693885294,5579.6753,6086.9976
RGI2000-v7.0-G-15-05177,,28.413611951836444,84.59832504298033,28.415316,84.59685806382979,43.088093,0.109218634128669,5358.122,5766.4526
RGI2000-v7.0-G-15-05178,,28.41021342764266,84.5873745457979,28.4127355,84.58482568192309,36.863728,0.105655064626032,5241.3677,5730.4697
RGI2000-v7.0-G-15-05179,,28.409572417324362,84.57935332869027,28.4124445,84.5811310326087,40.82344,0.135551194116083,5098.829,5730.714
RGI2000-v7.0-G-15-05180,,28.413283983255056,84.57450783904129,28.415695499999998,84.57572840546875,27.404186,0.134619606613338,4993.5586,5289.572
RGI2000-v7.0-G-15-05181,,28.42385915736776,84.5817245968999,28.4212505,84.58596871964836,31.641724,1.378151696711474,5502.076,6522.0293
RGI2000-v7.0-G-15-05182,,28.403743693968632,84.57950591843334,28.403917,84.58180466018307,32.82644,0.087960947207105,5173.9473,5437.215
RGI2000-v7.0-G-15-05183,,28.40273907951613,84.57438852157178,28.404561,84.57703286765958,27.234896,0.215107735013843,4842.2383,5208.455
RGI2000-v7.0-G-15-05184,,28.441987092718037,84.54880693753988,28.434401,84.57066980522922,25.744331,2.59725996239247,3717.5876,6138.3335
RGI2000-v7.0-G-15-05185,,28.44377068538121,84.56792642090328,28.446039,84.57542773214593,32.46206,1.293429413628034,4524.863,6148.734
RGI2000-v7.0-G-15-05186,,28.481876916571597,84.59156617184706,28.481506000000003,84.59034239974915,53.567436,0.2706876229937,5417.048,6060.1157
RGI2000-v7.0-G-15-05187,,28.509009805455317,84.6048618992484,28.510797,84.60494978642242,44.21158,0.114479234330215,5246.6924,5665.901
RGI2000-v7.0-G-15-05188,,28.50692794456825,84.61504705742921,28.5109275,84.61179299515086,46.399055,0.231853728076843,5003.27,5893.514
RGI2000-v7.0-G-15-05189,,28.501149705481172,84.62673147910161,28.50871,84.62826003542281,26.42883,1.473704232129294,4576.647,5746.5063
RGI2000-v7.0-G-15-05190,,28.503233426224817,84.63446898169657,28.5090705,84.63925833792923,29.448551,1.171124521840147,4717.8276,5609.696
RGI2000-v7.0-G-15-05191,,28.508564096441617,84.65018965139235,28.511830500000002,84.64807583431084,40.999294,0.107542110445748,4911.652,5752.147
RGI2000-v7.0-G-15-05192,,28.508534399600915,84.6543972517329,28.514495,84.65490254971968,40.99553,0.703981680798385,4829.582,6144.1772
RGI2000-v7.0-G-15-05193,,28.520021330911444,84.66508634883957,28.518988,84.65728042766914,36.612354,0.636542239089451,4783.238,5763.8945
RGI2000-v7.0-G-15-05194,,28.527104762581306,84.66394124795875,28.526091,84.6613267243763,37.03767,0.114709374336139,5021.291,5433.3516
RGI2000-v7.0-G-15-05195,,28.538447757347576,84.66147116833399,28.534277,84.66471166879327,31.793621,0.829580184641153,4712.019,5619.476
RGI2000-v7.0-G-15-05196,,28.538094689348238,84.64959743030349,28.5331835,84.64805786226262,32.595425,0.464158506225877,4301.0034,4987.105
RGI2000-v7.0-G-15-05197,,28.529589721336123,84.63821770180598,28.523894,84.64023432566373,36.041878,0.839049989237795,4589.67,5747.9756
RGI2000-v7.0-G-15-05198,,28.53743687601991,84.63588924469185,28.528727500000002,84.63266782484091,25.916769,0.663565966578077,4131.657,5064.5884
RGI2000-v7.0-G-15-05199,,28.531413199016203,84.62664803510546,28.523151499999997,84.6239443582775,34.682068,1.151344609522408,4309.5674,5902.534
RGI2000-v7.0-G-15-05200,,28.544084001151898,84.5874497741306,28.537954,84.59817790598456,30.715284,21.18042392636182,3906.5142,8035.2197
RGI2000-v7.0-G-15-05201,,28.55890412588751,84.60180707368806,28.559713,84.60073263804273,41.689,0.034995928944463,5149.026,5387.742
RGI2000-v7.0-G-15-05202,,28.559640807870675,84.60971564580653,28.5609795,84.60841549282921,35.94992,0.107699619188701,4689.529,5132.8623
RGI2000-v7.0-G-15-05203,,28.574606299343447,84.61009366861333,28.5712105,84.60887530871443,26.44602,0.395351060338031,4853.1626,5141.68
RGI2000-v7.0-G-15-05204,,28.59917402299851,84.60553692263801,28.597274499999997,84.5963989286102,23.543604,0.771776031195917,4675.4067,5275.0894
RGI2000-v7.0-G-15-05205,,28.598943620934783,84.58886697647542,28.5995375,84.58739490128607,43.601444,0.04081772968823,5456.867,5766.332
RGI2000-v7.0-G-15-05206,,28.604929663022833,84.59347262752355,28.6052125,84.58741474378154,40.547653,0.306365275286351,5674.6064,6174.1387
RGI2000-v7.0-G-15-05207,,28.60734828077871,84.57700864050044,28.60549,84.58151874159664,41.652676,0.451242190852203,5387.931,6034.7373
RGI2000-v7.0-G-15-05208,,28.606111100072795,84.60074278406759,28.6064825,84.59954405338542,36.725475,0.030191260493966,5455.5635,5617.3467
RGI2000-v7.0-G-15-05209,,28.61133151186796,84.61625781372095,28.618413500000003,84.59928564038646,26.538084,3.80977518937772,4382.1177,6161.309
RGI2000-v7.0-G-15-05210,,28.62872418986699,84.58816027905824,28.6276255,84.58905827300615,40.4106,0.080777181142116,4852.274,5178.3374
RGI2000-v7.0-G-15-05211,,28.636919449632337,84.59515800723403,28.6318125,84.59989372056194,40.07148,0.369814942362021,4613.621,5667.0483
RGI2000-v7.0-G-15-05212,,28.63226131564938,84.61597036822964,28.6296685,84.61166493803489,32.09603,0.518586554088431,4769.8457,5510.192
RGI2000-v7.0-G-15-05213,,28.62671991916328,84.65136433727317,28.6263515,84.66993746303383,35.310993,1.461528861107039,4029.6238,5725.009
RGI2000-v7.0-G-15-05214,,28.63274211149387,84.67365354281348,28.6332955,84.67852244702898,36.995476,0.398859981266592,5550.1836,6418.448
RGI2000-v7.0-G-15-05215,,28.630120629049415,84.68025533739144,28.6297035,84.68207391889084,45.6775,0.070515461654737,6282.274,6515.748
RGI2000-v7.0-G-15-05216,,28.59063171639525,84.7219478599099,28.624700500000003,84.69679311721602,24.421843,13.40205232266551,4272.6006,6535.608
RGI2000-v7.0-G-15-05217,,28.60997582516637,84.68914889315813,28.612392,84.68861272475962,40.010777,0.230490226393027,5906.5947,6483.17
RGI2000-v7.0-G-15-05218,,28.60399849690923,84.68628318350736,28.608112,84.69098055008001,44.14461,0.248711902612921,5275.8276,6269.1133
RGI2000-v7.0-G-15-05219,,28.610117297468523,84.68111959621824,28.6125775,84.68283217456148,48.290035,0.124332691015931,5818.0854,6462.5825
RGI2000-v7.0-G-15-05220,,28.60763639525382,84.66724273978318,28.613045,84.67168841365319,35.61002,0.678676784735454,4835.2344,6412.7305
RGI2000-v7.0-G-15-05221,,28.60558669797521,84.69854543521687,28.606913,84.70284059,46.236614,0.273330343129914,5362.2607,6169.4917
RGI2000-v7.0-G-15-05222,,28.617980047076376,84.72303652056782,28.619553,84.72696165798723,30.394558,0.162457130893106,5760.966,5963.4995
RGI2000-v7.0-G-15-05223,,28.633118001234706,84.74026085542425,28.628284,84.72955127629767,21.504118,1.947154180336711,5110.8374,6077.308
RGI2000-v7.0-G-15-05224,,28.634281432956847,84.7267629563612,28.634134,84.71985903131524,29.345175,0.581033969015369,5473.2124,6087.5527
RGI2000-v7.0-G-15-05225,,28.649365403439337,84.73109263447054,28.645458499999997,84.72441854904925,23.827032,0.38625647717204,5336.1934,5711.7534
RGI2000-v7.0-G-15-05226,,28.656838264760417,84.69595795662444,28.6552,84.69646503581933,38.14712,0.097382805087845,5366.7617,5648.2485
RGI2000-v7.0-G-15-05227,Sonam,28.650350311930627,84.6524388187629,28.6448545,84.69274329354656,27.759142,4.891431281840994,4129.3433,6506.8306
RGI2000-v7.0-G-15-05228,Gudang Glacier,28.63258480782916,84.75047622471224,28.624385,84.74333588374779,28.52297,1.414954267438806,4827.767,6243.7617
RGI2000-v7.0-G-15-05229,,28.612063524166377,84.75650224066835,28.6129715,84.75512354296066,41.164783,0.057798257268191,6037.3213,6219.897
RGI2000-v7.0-G-15-05230,Gudang Glacier,28.62917413521884,84.76278107721456,28.6211185,84.7630027381807,30.153679,2.317574516091196,5121.436,6211.6377
RGI2000-v7.0-G-15-05231,,28.61212578556352,84.78376593686465,28.6152575,84.77510543611785,20.747955,1.400840102052449,5159.4106,5840.648
RGI2000-v7.0-G-15-05233,,28.591149465241887,84.79154159068882,28.604153500000002,84.7641310913055,25.427324,7.065374508471705,4618.331,6179.432
RGI2000-v7.0-G-15-05234,,28.58491713944139,84.75655158238702,28.590962,84.75794777430556,33.88253,0.920933843691802,5136.891,6186.102
RGI2000-v7.0-G-15-05235,,28.584539547891605,84.76422678099833,28.5889315,84.76351694112299,36.526485,0.278912489768928,5411.9243,6137.214
RGI2000-v7.0-G-15-05236,,28.57624701291169,84.7657195370626,28.58388,84.76995166591155,34.9152,0.750995707471098,4650.6895,5989.3135
RGI2000-v7.0-G-15-05237,,28.579292739089368,84.77884202813708,28.5834045,84.7792630383742,35.941895,0.466907427802929,5133.093,5687.289
RGI2000-v7.0-G-15-05238,,28.601901149229157,84.78743610698707,28.599278499999997,84.78814516402171,20.072685,0.189819489205907,5130.196,5318.4326
RGI2000-v7.0-G-15-05240,,28.629637373155838,84.78353046780579,28.630816000000003,84.78169450211607,30.927204,0.055197806508669,5410.924,5659.812
RGI2000-v7.0-G-15-05241,,28.63560955253798,84.78264473996985,28.634144,84.78195123930318,34.78554,0.083616928725646,5429.3296,5631.76
RGI2000-v7.0-G-15-05242,,28.63579880124823,84.77838142026336,28.6337355,84.77810315491652,35.22955,0.164255069635816,5333.657,5642.5034
RGI2000-v7.0-G-15-05243,,28.63504618567899,84.7734978188676,28.6327905,84.7735629452711,37.512653,0.179832915924336,5232.3086,5623.126
RGI2000-v7.0-G-15-05244,,28.6313285813569,84.78725355476722,28.631659,84.78678318999121,21.366833,0.23746719557653,5460.4287,5638.4717
RGI2000-v7.0-G-15-05245,,28.63807617127933,84.7891970709043,28.635604999999998,84.78749706102471,30.17805,0.298473929338342,5207.1963,5596.8716
RGI2000-v7.0-G-15-05246,,28.634077284857344,84.79545768072224,28.633113,84.79346477205883,25.928886,0.11751569394361,5385.4736,5603.1284
RGI2000-v7.0-G-15-05247,,28.648715199165615,84.8040843363917,28.648113000000002,84.80272839326143,37.571884,0.033771711602918,5199.3564,5383.624
RGI2000-v7.0-G-15-05248,,28.58971906593507,84.74721327501983,28.590465000000002,84.74983730128207,40.473583,0.076247255606628,5107.2266,5523.535
RGI2000-v7.0-G-15-05249,,28.51634741249738,84.72470650508899,28.5107675,84.72493033175351,21.807604,0.252493894604206,4929.276,5210.0215
RGI2000-v7.0-G-15-05250,,28.41779315356307,84.70061839450304,28.415938500000003,84.699599,25.491,0.060558867195285,4960.6636,5092.439
RGI2000-v7.0-G-15-05251,,28.413828595900714,84.70296934559458,28.4104335,84.70437416769738,30.546213,0.258733735768944,4918.676,5254.8203
RGI2000-v7.0-G-15-05252,,28.405315023611465,84.70999609522451,28.400007,84.70422424302774,29.105473,0.626658524348959,4736.2964,5364.3516
RGI2000-v7.0-G-15-05253,,28.40833850361155,84.7356212041538,28.3857055,84.70305014124254,29.541058,6.635816011759251,3620.729,6618.6196
RGI2000-v7.0-G-15-05254,,28.348890494360717,84.67494673530273,28.348620500000003,84.67828151638817,21.80205,0.157186020905004,4934.2095,5167.9307
RGI2000-v7.0-G-15-05255,,28.33896997357138,84.68439257618627,28.3409985,84.68251342205323,33.398228,0.095031673048663,5312.1772,5594.461
RGI2000-v7.0-G-15-05256,,28.340624339015147,84.68866147425533,28.339461999999997,84.68736154409336,33.507076,0.091088892974835,5129.565,5352.9414
RGI2000-v7.0-G-15-05257,,28.336414273926195,84.69552326345003,28.343359,84.68782196978952,24.264835,0.673195666793388,4677.8745,5331.295
RGI2000-v7.0-G-15-05258,,28.340656313279982,84.67076771596471,28.341988999999998,84.67120026666666,41.16197,0.031496064692876,5254.1387,5513.644
RGI2000-v7.0-G-15-05259,,28.34013389094119,84.66007993362382,28.3414145,84.66072526280988,28.304964,0.055829222793986,4982.2993,5184.855
RGI2000-v7.0-G-15-05260,,28.382892431649353,84.64738798435887,28.3934025,84.65231297134403,29.694345,7.813475214345726,4713.645,6848.8926
RGI2000-v7.0-G-15-05263,,28.388638958973903,84.99035327454341,28.389671999999997,84.99419229374104,30.818228,0.183807411355722,4881.268,5185.8564
RGI2000-v7.0-G-15-05265,,28.387640325124753,85.01281101304359,28.392985,85.0128500170112,36.8941,0.36665701535749,5128.0415,6089.758
RGI2000-v7.0-G-15-05266,,28.389673149198874,85.0188107766233,28.390357,85.01893187779444,40.995655,0.019523657436373,5384.2026,5511.3555
RGI2000-v7.0-G-15-05267,,28.3870160745475,85.01953167267172,28.388023,85.0197616736433,40.473377,0.036630908122654,5174.225,5359.9204
RGI2000-v7.0-G-15-05268,,28.398364923576906,85.0306509389233,28.393821,85.02600173781951,39.491566,0.406759020793067,4748.741,5613.3857
RGI2000-v7.0-G-15-05269,,28.383592453863535,85.0536772065338,28.38977,85.03494264336601,40.86622,3.182603268718102,4737.0254,6851.363
RGI2000-v7.0-G-15-05270,,28.375971480281105,85.035095471544,28.376678,85.0445257991081,46.14233,0.176651224013527,4851.383,6173.189
RGI2000-v7.0-G-15-05271,,28.37089247189346,85.04289176860536,28.3715725,85.04534098750722,41.157257,0.086997295209007,5036.9897,5518.5234
RGI2000-v7.0-G-15-05272,,28.36855814555495,85.04867831818068,28.368567,85.04981115306683,38.570778,0.044344659144208,5163.156,5350.6895
RGI2000-v7.0-G-15-05273,,28.378475588557432,85.04848687139226,28.376018000000002,85.05624332339987,43.5909,0.369174669083293,6321.739,6879.357
RGI2000-v7.0-G-15-05274,,28.37171625357056,85.06559021473316,28.3724585,85.06215915768348,59.713764,0.261710348334357,5709.893,6706.002
RGI2000-v7.0-G-15-05275,,28.368409878621843,85.06390577851059,28.368977,85.06155485419669,46.46739,0.108380906428599,6336.121,6721.3657
RGI2000-v7.0-G-15-05276,,28.36193204311639,85.05673958843748,28.364677,85.06232200993577,45.035576,0.469559410849158,5637.7397,6587.094
RGI2000-v7.0-G-15-05277,,28.363784173560767,85.0717850410307,28.3638075,85.07013205791284,41.019493,0.063320236085535,6233.894,6463.6157
RGI2000-v7.0-G-15-05278,,28.367599675174134,85.07532839235253,28.367524,85.07229000545357,39.810253,0.196098418107385,5308.843,5861.5483
RGI2000-v7.0-G-15-05279,,28.38018054383306,85.08195934750303,28.376893000000003,85.07936472531512,32.405087,0.343709672261343,4350.665,5150.6465
RGI2000-v7.0-G-15-05280,,28.385890073793107,85.08127264283932,28.3834975,85.07092974543082,39.23417,0.773378464588536,4242.222,6189.014
RGI2000-v7.0-G-15-05281,,28.43056856053265,85.07069713997952,28.3878145,85.08603417178205,30.259502,7.635765846777148,3662.1833,7002.8438
RGI2000-v7.0-G-15-05282,,28.38128239337552,85.0984338530409,28.3808925,85.10263784085778,38.38723,0.30822515492731,4715.352,5841.028
RGI2000-v7.0-G-15-05283,,28.39288814590075,85.09932643719961,28.391641,85.10712134166667,37.548717,0.606573027013107,4554.648,5639.5527
RGI2000-v7.0-G-15-05284,,28.401596061671448,85.10614298847202,28.400363,85.1073401337321,45.93627,0.082531668029753,5357.26,5851.967
RGI2000-v7.0-G-15-05285,,28.407030665735046,85.10467647695833,28.4036235,85.11231661830948,47.282173,0.563482940436485,4936.9277,6456.286
RGI2000-v7.0-G-15-05286,,28.40710886140782,85.1182403740834,28.4035805,85.11924899845515,41.33541,0.175844418555531,6097.656,6753.7856
RGI2000-v7.0-G-15-05287,,28.414644972128407,85.10282359391292,28.4113145,85.11070083456647,39.128944,0.270192008979294,5023.6846,6172.1694
RGI2000-v7.0-G-15-05288,,28.418858723030723,85.1023269871625,28.415396,85.10966154479769,34.5071,0.233828009825122,5052.5347,5916.0293
RGI2000-v7.0-G-15-05289,,28.433255309654662,85.09393841139479,28.422242,85.10895506574104,20.298655,2.368221126504127,4770.28,6103.0493
RGI2000-v7.0-G-15-05290,,28.436625081916688,85.10379255061258,28.4376115,85.10806804955367,29.630178,0.593602295158799,5117.88,5735.853
RGI2000-v7.0-G-15-05291,,28.44112903061043,85.09891538745639,28.44403,85.10113007180293,42.142067,0.135911264177015,5281.112,5931.1074
RGI2000-v7.0-G-15-05292,,28.44326990751798,85.09314150452973,28.444015999999998,85.09456250865094,36.26711,0.056636811250975,5123.1206,5354.558
RGI2000-v7.0-G-15-05293,,28.447202049068554,85.09375810342479,28.4504855,85.09816543563232,34.786163,0.35024587118369,5357.6523,5998.1055
RGI2000-v7.0-G-15-05294,,28.453645217206986,85.09624992016077,28.4538835,85.09777310164812,41.892292,0.054289643229132,5647.6226,5850.5103
RGI2000-v7.0-G-15-05295,,28.45523271976627,85.08899674805444,28.4529735,85.09234774319796,40.353546,0.202736912588252,5012.554,5622.8257
RGI2000-v7.0-G-15-05296,,28.46645275762234,85.09007200047147,28.463757,85.09155811273165,42.264534,0.193084558254394,5272.371,5814.046
RGI2000-v7.0-G-15-05297,,28.478298391681147,85.08917554900458,28.468209,85.10159943154198,41.560997,1.91427167121154,4116.6147,6030.987
RGI2000-v7.0-G-15-05298,Kongjiu Glacier,28.467927967903933,85.11515014804708,28.465946,85.11484517076849,46.424248,0.533687734142489,4645.1953,5929.326
RGI2000-v7.0-G-15-05299,,28.46965986977676,85.11840065459461,28.469314,85.1170077925253,76.00541,0.033480047047911,1612.8435,3689.8818
RGI2000-v7.0-G-15-05300,,28.47260765740057,85.11959222429849,28.475187,85.12074357865734,46.265327,0.298246141521294,3074.7866,5165.0347
RGI2000-v7.0-G-15-05302,,28.475825051872917,85.141967415397,28.4772375,85.14245846313271,35.599945,0.082060804460817,4662.2285,4895.6875
RGI2000-v7.0-G-15-05303,,28.485339308063757,85.14952562782015,28.485563499999998,85.15045177395208,60.34084,0.02790331481932,5252.516,5762.0586
RGI2000-v7.0-G-15-05304,,28.486620415280957,85.1471168742268,28.4943035,85.14298273433165,35.666485,2.177896521647499,3480.1702,6550.604
RGI2000-v7.0-G-15-05305,,28.500897165738863,85.12164849639896,28.493219,85.13122967190776,27.486269,1.284821588234409,4631.6396,5715.177
RGI2000-v7.0-G-15-05306,,28.491466094531454,85.12285042596446,28.489702,85.1234424226493,30.60775,0.034168961173107,4926.822,5157.684
RGI2000-v7.0-G-15-05307,,28.483174047796364,85.1182222361259,28.489876,85.11665472216035,23.2955,1.076781205844223,4631.6636,5398.2915
RGI2000-v7.0-G-15-05308,,28.49062926111443,85.10632831263071,28.4893445,85.1074962967194,42.4096,0.080428539890876,5183.459,5422.6113
RGI2000-v7.0-G-15-05309,,28.50483188407455,85.13336670973881,28.503709999999998,85.13579366194969,42.710205,0.061274955395872,5373.5376,5687.6035
RGI2000-v7.0-G-15-05310,,28.50263037230175,85.13875807277228,28.506398,85.13984328052632,32.816616,0.159039780809749,5861.6255,6107.141
RGI2000-v7.0-G-15-05311,,28.516318494911822,85.13683134573982,28.512504999999997,85.1364285,41.171844,0.315760568365815,5479.1567,6106.6763
RGI2000-v7.0-G-15-05312,,28.529847733460873,85.13740236966258,28.5156715,85.14970383563647,30.99806,3.873801647529361,4343.547,6340.4023
RGI2000-v7.0-G-15-05313,,28.528981021171575,85.15293345939368,28.5275905,85.1570692692481,34.887867,0.280093098370758,4951.8076,5455.962
RGI2000-v7.0-G-15-05314,,28.533434740603113,85.15153229992734,28.533411,85.15457355882353,42.15289,0.126154210875629,5003.015,5533.2124
RGI2000-v7.0-G-15-05315,,28.55208469910096,85.15674262075177,28.545035,85.1544572065674,30.309061,0.49796646531768,4656.83,5698.9785
RGI2000-v7.0-G-15-05316,,28.550694055127053,85.15007427798683,28.54686,85.14807869230769,29.529772,0.237288909357531,4865.1265,5343.45
RGI2000-v7.0-G-15-05317,,28.557486512700194,85.14538628354293,28.553437,85.14267614220184,30.416576,0.153544170865379,5021.7354,5501.0596
RGI2000-v7.0-G-15-05318,,28.555552789502602,85.13851848536228,28.5523605,85.13704081936743,34.969276,0.151413234982226,4888.102,5252.8784
RGI2000-v7.0-G-15-05319,,28.55073274774914,85.16798127422331,28.5414665,85.16667219766147,39.62954,0.64882903612102,4493.2134,6061.293
RGI2000-v7.0-G-15-05320,,28.55477667596848,85.17197087448614,28.5431335,85.17912838153595,27.640947,1.713260477122495,4389.0903,5827.141
RGI2000-v7.0-G-15-05321,Zhuoranghagen Glacier,28.5278542655181,85.17336193513663,28.530755499999998,85.1713250481022,39.148945,0.378597853396947,5332.807,6110.5645
RGI2000-v7.0-G-15-05322,Zhuoranghagen Glacier,28.522914786928954,85.1795124530917,28.511828,85.16643572711396,31.616472,3.126347899829212,4614.564,6561.9937
RGI2000-v7.0-G-15-05323,,28.516805691411907,85.18847628847566,28.511643499999998,85.1834475665083,33.964027,0.754734669006963,3873.9053,5109.7964
RGI2000-v7.0-G-15-05324,,28.50287284381411,85.1800380785561,28.5010555,85.1787936419822,41.169228,0.072053183075259,5088.3857,5431.015
RGI2000-v7.0-G-15-05325,,28.496004197233862,85.18731808182952,28.492169500000003,85.18099127980365,24.705414,0.577675987192606,4349.777,4909.0845
RGI2000-v7.0-G-15-05326,,28.48060061550163,85.16301110045224,28.487734000000003,85.16813757420057,40.864407,0.854767378140103,4661.5293,6095.967
RGI2000-v7.0-G-15-05327,,28.491555405379636,85.1738745018996,28.494888,85.16620173945844,43.23121,0.466828129327058,5060.5664,6439.731
RGI2000-v7.0-G-15-05328,,28.491738496704865,85.15779431371351,28.494607000000002,85.15810516441442,42.866238,0.188435824996976,5886.379,6565.7266
RGI2000-v7.0-G-15-05329,Kongjiu Glacier,28.446618666468265,85.12312425548986,28.454466,85.11573035465481,32.166054,3.657560138321306,4412.481,6056.551
RGI2000-v7.0-G-15-05330,Baiwu Glacier,28.44682744475513,85.14912471101606,28.419239,85.139447755885,34.1287,7.100448591633265,3786.5774,7330.5483
RGI2000-v7.0-G-15-05331,,28.42420752760777,85.15906223600007,28.409744,85.157256444377,32.877926,2.71711452911527,4505.7456,6672.617
RGI2000-v7.0-G-15-05332,Baiwu,28.422261932161966,85.17745403113571,28.408478,85.16953771884273,31.842781,2.36979101149137,4310.361,6309.9727
RGI2000-v7.0-G-15-05333,,28.41878775645113,85.18306875177177,28.405331500000003,85.18188638597016,38.704563,2.057331478906229,4337.951,6621.441
RGI2000-v7.0-G-15-05334,,28.41763783356867,85.18481700277388,28.41017,85.18808738663455,34.096302,0.383314235047102,4405.918,5438.8955
RGI2000-v7.0-G-15-05335,,28.410430992037245,85.20510210868879,28.400888000000002,85.18949545262097,37.28163,1.648194673392921,4461.692,6646.6587
RGI2000-v7.0-G-15-05336,Puyong Glacier,28.407200567408964,85.21346982614972,28.3943765,85.2054348117616,33.17902,3.810461239823144,4238.3228,6387.4443
RGI2000-v7.0-G-15-05337,,28.39716649431391,85.21895569109896,28.390545,85.21669549313118,36.49576,0.573536376736935,4617.192,5765.251
RGI2000-v7.0-G-15-05338,,28.394893713674062,85.22277729957956,28.3888015,85.22271562617371,31.31758,0.695512044773874,4639.4883,5591.925
RGI2000-v7.0-G-15-05339,,28.388036840159273,85.23022012258805,28.3867625,85.22829198211852,20.555744,0.088372335566696,4993.1567,5202.237
RGI2000-v7.0-G-15-05340,,28.383431376846566,85.22929358221822,28.3815575,85.21970150049583,28.749214,0.303208727530981,4962.145,5504.737
RGI2000-v7.0-G-15-05341,,28.365531827459044,85.23216575289933,28.3740165,85.2191983829114,27.47623,1.123820354482084,4401.6807,5989.8105
RGI2000-v7.0-G-15-05342,,28.36791902113648,85.21717541612163,28.370549,85.21142887109374,37.915623,0.352857478996133,5358.6665,6127.9214
RGI2000-v7.0-G-15-05343,,28.3592782072061,85.20302700754351,28.3619635,85.20788030882352,31.6106,0.246089918167359,4905.3906,5558.901
RGI2000-v7.0-G-15-05344,,28.36269668491966,85.19881436476116,28.365606,85.20217218700395,35.942837,0.199878314171578,4903.9507,5600.0063
RGI2000-v7.0-G-15-05345,,28.367789903648273,85.19268107428374,28.374747499999998,85.19264096029067,35.625652,1.379264545801689,4845.603,6168.6685
RGI2000-v7.0-G-15-05346,,28.372407067865055,85.1838766632017,28.3735195,85.18521639138065,37.80193,0.037835157484518,5177.7305,5381.9575
RGI2000-v7.0-G-15-05347,,28.37553692309174,85.18055138886402,28.383892000000003,85.18993090419286,41.970257,0.655986156290547,5192.104,6643.476
RGI2000-v7.0-G-15-05348,,28.381620118451877,85.19430103403013,28.382563500000003,85.1945634312151,39.597946,0.043782911264919,6134.657,6386.1533
RGI2000-v7.0-G-15-05349,,28.375995797036023,85.17297007604942,28.3846925,85.17850613919609,37.417816,1.779118977399249,4604.3853,6362.8477
RGI2000-v7.0-G-15-05350,,28.380296216848212,85.16750908610612,28.385959999999997,85.1640742249428,38.873215,0.513670423035865,4888.72,6031.4526
RGI2000-v7.0-G-15-05351,,28.374425927563266,85.16149933942066,28.3830945,85.1543051373817,37.809986,5.367646970666278,4616.059,7338.39
RGI2000-v7.0-G-15-05352,Sangqing Glacier,28.357559505191052,85.18722201419533,28.361266999999998,85.1470438671593,27.69423,18.563953585577416,4278.4004,7343.35
RGI2000-v7.0-G-15-05353,,28.35547902249409,85.16734749998359,28.3493,85.16585472814572,31.016455,0.550811850463276,4930.42,5733.7256
RGI2000-v7.0-G-15-05354,,28.353479612069673,85.17776908972213,28.342761000000003,85.17020545114937,33.077065,1.501183085284717,4673.025,6633.3525
RGI2000-v7.0-G-15-05355,,28.34744119010738,85.18566726601921,28.339595000000003,85.17439158241179,35.79007,0.694046476429194,4575.9854,6493.927
RGI2000-v7.0-G-15-05356,,28.343673825582563,85.18023801777267,28.3371245,85.17659667375162,37.559425,0.6043695593835,4992.6294,6104.558
RGI2000-v7.0-G-15-05357,,28.340245789812244,85.18987614913385,28.333657000000002,85.18005625350472,35.69967,0.892619547973394,4649.281,6113.518
RGI2000-v7.0-G-15-05358,,28.333132902311345,85.19310628072711,28.3297345,85.19009987798492,34.50436,0.973344942518646,4736.062,5911.9844
RGI2000-v7.0-G-15-05359,,28.32906866951333,85.1986995399014,28.325321,85.19165312630517,33.12757,0.380859950225603,4775.018,5622.4663
RGI2000-v7.0-G-15-05360,,28.31023916121801,85.18217012700904,28.318928,85.1734298452381,31.568867,1.764269193171117,4783.0435,6117.217
RGI2000-v7.0-G-15-05361,,28.315360865817954,85.17011009630211,28.3184,85.1679963841438,30.094273,0.094144389339037,5401.9287,5773.529
RGI2000-v7.0-G-15-05362,,28.316507490949743,85.15995947283413,28.3192835,85.16243746683168,39.26777,0.105442886531306,5061.7314,5584.3945
RGI2000-v7.0-G-15-05363,,28.320539510677953,85.15437315097567,28.323254,85.15443881421331,37.51009,0.129971723096392,5214.354,5712.4487
RGI2000-v7.0-G-15-05364,,28.323390941357,85.16597924878661,28.327825,85.16586997412796,40.762203,0.469421867000388,5930.4976,6662.488
RGI2000-v7.0-G-15-05365,,28.30057303030016,85.17542008986831,28.3173005,85.13902518981573,26.82809,8.651213901713577,4540.273,6657.172
RGI2000-v7.0-G-15-05366,,28.31638601899548,85.11645357359437,28.315251500000002,85.11997331061374,36.01458,0.260144739912938,4927.5723,5335.1763
RGI2000-v7.0-G-15-05367,,28.32176618830256,85.11556497558773,28.321371,85.11741356802669,45.680775,0.064039299713931,5372.4663,5643.4585
RGI2000-v7.0-G-15-05368,,28.330773317570866,85.11769861434865,28.3338015,85.12027773360703,44.899563,0.209499984304839,6268.053,6944.1294
RGI2000-v7.0-G-15-05369,,28.330565971966145,85.11330866645466,28.335848,85.11347579719727,46.898094,0.26042131490187,5777.9175,6748.9116
RGI2000-v7.0-G-15-05370,,28.329059886291343,85.1052383112518,28.337502999999998,85.1078606735358,44.033115,0.863155522665402,5068.802,6753.901
RGI2000-v7.0-G-15-05371,,28.328094408773293,85.10070467682253,28.3343585,85.10089685698689,34.8453,0.499119447065697,4936.3105,5935.921
RGI2000-v7.0-G-15-05372,,28.322699558269335,85.09253158588834,28.3344435,85.0900332996863,38.43974,3.516876849919582,4718.852,7055.569
RGI2000-v7.0-G-15-05373,,28.322915618654438,85.08100134427855,28.329200999999998,85.08173589017204,37.228916,0.372726749291536,4832.147,5894.1426
RGI2000-v7.0-G-15-05374,,28.324654884323696,85.06707910578469,28.333768,85.07086153351955,34.790184,1.431245358582482,4899.2437,6860.49
RGI2000-v7.0-G-15-05375,,28.323500140926775,85.05968517421255,28.3261915,85.05981386105427,37.661674,0.290887045625781,5085.2,5432.181
RGI2000-v7.0-G-15-05376,,28.323093609873844,85.03844425725683,28.323271,85.04265963043426,41.551823,0.237697224791008,5100.624,5638.19
RGI2000-v7.0-G-15-05377,,28.316446739563542,85.04733429912743,28.316364,85.04493075904723,31.408073,0.278354274558325,5130.098,5437.085
RGI2000-v7.0-G-15-05378,,28.311350646229325,85.04463488350629,28.311431499999998,85.04215390289258,30.434967,0.076678440918777,5102.267,5318.679
RGI2000-v7.0-G-15-05379,,28.33448636615876,85.03632926163408,28.336118499999998,85.03704387379562,42.70144,0.065933709331254,5552.765,5859.5635
RGI2000-v7.0-G-15-05380,,28.33941578450613,85.03626086447944,28.337163500000003,85.0406839284849,40.4671,0.23618963226986,5574.565,6005.458
RGI2000-v7.0-G-15-05381,,28.34865351832409,85.03888812621697,28.344350499999997,85.0388563814935,37.94102,0.287388705951563,4834.596,5587.709
RGI2000-v7.0-G-15-05382,,28.351906904401794,85.03382110779768,28.34449,85.03454893547328,33.203423,0.496585522850032,4734.7783,5774.0986
RGI2000-v7.0-G-15-05383,,28.34064557031541,85.02183677656292,28.342119,85.0238695,42.332954,0.06488571999923,4998.884,5370.4165
RGI2000-v7.0-G-15-05384,,28.336361554678266,85.02611125922321,28.3367525,85.02733570829244,43.46861,0.040081451469455,5244.2446,5475.5156
RGI2000-v7.0-G-15-05385,,28.351595662518932,85.02640843595199,28.3497225,85.02518079895455,29.078829,0.130761487832725,4910.8564,5161.7607
RGI2000-v7.0-G-15-05386,,28.352380870178937,85.01800800920786,28.3499415,85.01876632956534,28.00171,0.24553902340455,4870.9995,5244.9316
RGI2000-v7.0-G-15-05387,,28.358417567182446,85.04041907148482,28.3433855,85.05233657882275,26.694613,7.618198507562117,4404.5874,6595.4463
RGI2000-v7.0-G-15-05388,,28.353396978215116,85.07266706334448,28.349764,85.07730609552581,44.308674,0.338421934295093,6082.39,7052.065
RGI2000-v7.0-G-15-05389,,28.356093675365194,85.10962636099661,28.355665000000002,85.11141928641382,34.846886,0.049097555976236,5911.322,6171.1016
RGI2000-v7.0-G-15-05390,,28.3622777670636,85.10596655533216,28.3614565,85.10989353463202,41.45476,0.126503330607758,5354.873,5870.1577
RGI2000-v7.0-G-15-05391,,28.37135460063009,85.11640448430047,28.378128500000003,85.11982626383053,36.21631,1.040017360203682,5882.87,7036.1807
RGI2000-v7.0-G-15-05392,,28.409061157339444,85.07357446978551,28.3968785,85.06217048621393,37.060936,1.028911204362514,4221.9224,6165.832
RGI2000-v7.0-G-15-05393,,28.4027871863701,85.06175952383542,28.4005985,85.06025577869417,39.31982,0.131546760698451,5149.0156,5527.913
RGI2000-v7.0-G-15-05395,,28.414518250280207,85.01224276072365,28.413307,85.01181659999177,30.685333,0.035697258793455,5097.998,5314.308
RGI2000-v7.0-G-15-05396,,28.41916921824004,85.00332489552261,28.415042,85.0038822715311,43.340424,0.49335110923687,5102.155,5993.477
RGI2000-v7.0-G-15-05397,,28.420515135442262,84.99274611439398,28.4167085,84.992827,42.506107,0.231618270078699,5254.719,5836.745
RGI2000-v7.0-G-15-05398,,28.398480474197406,84.98236716230161,28.403021,84.9953329499849,25.350262,3.19394326252085,4635.2207,6111.6304
RGI2000-v7.0-G-15-05399,,28.409164443508956,85.01120195084795,28.403686,85.01211879428803,37.65138,0.538855254035285,5357.2085,6098.221
RGI2000-v7.0-G-15-05400,,28.50979036560448,84.97203387531174,28.511766,84.9703520825603,38.731693,0.070033056730797,4742.6694,5176.748
RGI2000-v7.0-G-15-05401,,28.51950955083703,84.96504664060286,28.5212915,84.96618750088601,49.965343,0.047527822710837,5985.1396,6396.407
RGI2000-v7.0-G-15-05402,,28.52368011008368,84.95715045766383,28.5276305,84.95954938844673,41.325386,0.887405524291857,5726.621,6567.1006
RGI2000-v7.0-G-15-05403,,28.521915208443705,84.94892611037695,28.524844,84.94757060592158,46.1135,0.124632336818743,5335.252,6079.6646
RGI2000-v7.0-G-15-05404,,28.518076051185794,84.92926943883131,28.526823999999998,84.93795234216245,31.156654,1.499758284381475,4380.5425,5910.3965
RGI2000-v7.0-G-15-05405,,28.531007078395792,84.92044517809494,28.537322500000002,84.9284150377031,43.110275,0.74241739129042,5507.7593,6617.907
RGI2000-v7.0-G-15-05406,,28.547368236114746,84.92803860831677,28.547663,84.93080175198939,43.007973,1.734325497081627,5446.3667,7137.8223
RGI2000-v7.0-G-15-05407,,28.5572195881625,84.93704924097415,28.556559999999998,84.9390462498371,60.145065,0.128490121120397,6122.8,6824.9395
RGI2000-v7.0-G-15-05408,,28.569010860626083,84.93631083313716,28.563122999999997,84.94259038622664,47.765503,1.215444371784008,5247.468,7149.0674
RGI2000-v7.0-G-15-05409,,28.559767560714903,84.95291268973197,28.561621000000002,84.95293022161172,49.383274,0.146575657311589,6212.134,6731.6143
RGI2000-v7.0-G-15-05410,,28.55679306895004,84.96120222477742,28.560972,84.95772193037975,42.686665,0.400774978419979,5338.998,6430.344
RGI2000-v7.0-G-15-05411,,28.547519785242923,84.95493635009338,28.548309500000002,84.94866160837438,50.59736,0.244778234589761,6228.257,7077.81
RGI2000-v7.0-G-15-05412,,28.53580401692065,84.9434650846532,28.54143,84.94749936039884,48.68305,0.654033209512503,5751.435,7088.9653
RGI2000-v7.0-G-15-05413,,28.545240964796307,85.02014997190787,28.545090000000002,84.966446068769,26.672024,8.998224402355468,3756.6958,6600.082
RGI2000-v7.0-G-15-05414,,28.52011835927529,84.99476518273602,28.525406,84.9802212546419,35.439693,1.990322613170386,4296.784,6274.15
RGI2000-v7.0-G-15-05415,,28.507981963023163,84.95680310964762,28.5157285,84.95463160957263,31.682777,0.915024089003271,4441.5947,5644.7954
RGI2000-v7.0-G-15-05416,,28.569597291911577,84.91820121715783,28.565306,84.9241425242616,39.47321,0.58076215564581,3736.1504,4803.1436
RGI2000-v7.0-G-15-05417,,28.570587004007656,84.92012266023504,28.5803715,84.93324624392181,35.849148,2.503048453994111,3767.978,5974.1665
RGI2000-v7.0-G-15-05418,,28.58370877492573,84.94173073036778,28.583717,84.94325563467149,49.769146,0.117281978778937,5194.2275,5733.6978
RGI2000-v7.0-G-15-05419,,28.586587238569773,84.9443826851684,28.587166,84.94569806306306,48.299885,0.024855135645137,5555.5386,5835.762
RGI2000-v7.0-G-15-05420,,28.595722360080682,84.95495467726593,28.5946885,84.95202519449205,30.462095,0.195286521626134,5179.1274,5616.786
RGI2000-v7.0-G-15-05421,,28.61531770382247,84.96895347855818,28.596276,84.96254049836983,26.142551,3.293279570611193,4653.7827,6149.2104
RGI2000-v7.0-G-15-05422,,28.612547980944747,84.92531652614616,28.6031655,84.93803133495864,26.203762,3.123821411939632,4889.163,5976.735
RGI2000-v7.0-G-15-05423,,28.60449563224532,84.91432787071747,28.599488,84.92262817236025,27.66603,1.044266724063296,4962.636,5814.336
RGI2000-v7.0-G-15-05424,,28.590019460388632,84.92047450347859,28.592392,84.92412098369167,35.075924,0.25747020523415,5147.3643,5802.3276
RGI2000-v7.0-G-15-05425,,28.61506204349563,84.91175695707874,28.6015175,84.91055425117024,26.818747,1.561671460110261,4678.2847,5839.5312
RGI2000-v7.0-G-15-05426,,28.597797734854446,84.8939778168273,28.594949,84.89990681134887,36.357384,0.299237283611148,5431.5044,6052.388
RGI2000-v7.0-G-15-05427,Gelongba Glacier,28.604044815625986,84.88706732359812,28.596271,84.89093091164551,27.942074,1.090127072187892,4961.591,5957.6694
RGI2000-v7.0-G-15-05428,,28.598069776981184,84.87005448850388,28.589499500000002,84.87870477568615,25.111551,2.841913728055252,4877.0605,5930.7563
RGI2000-v7.0-G-15-05429,,28.587957058386465,84.86538613751979,28.5863755,84.86611446256052,37.199924,0.055864454497033,5607.708,5805.99
RGI2000-v7.0-G-15-05430,,28.580446018790724,84.86627568039965,28.581437,84.8687941609308,41.0365,0.075484761641579,5658.093,5937.3633
RGI2000-v7.0-G-15-05431,,28.582014409062094,84.85452407213641,28.580905,84.85819716046117,37.46741,0.727736065823033,4860.5767,5944.5366
RGI2000-v7.0-G-15-05432,,28.567939291542572,84.85177687912892,28.568856,84.85138863945187,34.593395,0.0765431837759,5439.5127,5640.7495
RGI2000-v7.0-G-15-05433,,28.577505277806875,84.93729342577745,28.5769445,84.94597823371105,46.888546,0.510420774708149,4980.844,6145.4204
RGI2000-v7.0-G-15-05434,,28.563212000002686,84.98772650218545,28.5733355,84.97589130293974,23.921082,5.275158781379232,4598.519,6703.739
RGI2000-v7.0-G-15-05435,,28.573054421581418,84.99458298119443,28.571886499999998,84.99901565969388,22.800518,0.353903507990975,4971.244,5303.8335
RGI2000-v7.0-G-15-05436,,28.578101963081288,85.01012726865329,28.578732000000002,85.00659730296715,21.905926,0.136141265904621,5373.326,5658.757
RGI2000-v7.0-G-15-05437,,28.583328921559584,85.0113320036893,28.5825795,85.00842937301826,35.291306,0.145341356875626,5354.3643,5712.5015
RGI2000-v7.0-G-15-05438,,28.586165672359385,85.01101948211256,28.5859485,85.007324125,32.562256,0.114835188372226,5454.828,5790.561
RGI2000-v7.0-G-15-05440,,28.58575611380359,85.02133407641216,28.5938005,85.01409130542407,23.998667,1.504987458850578,5036.9487,6060.089
RGI2000-v7.0-G-15-05441,,28.59391773600255,85.02935525936468,28.5929735,85.02826955974005,32.870647,0.050491980958742,5686.6445,5888.4253
RGI2000-v7.0-G-15-05442,,28.58982089827825,85.03769431873998,28.5909085,85.03292433629707,29.143087,0.180113631735918,5312.851,5753.03
RGI2000-v7.0-G-15-05443,,28.597743952137893,85.03780940886288,28.596592,85.03463728846154,33.18733,0.088440198076347,5065.8677,5579.062
RGI2000-v7.0-G-15-05444,,28.601582472855313,85.03820270235418,28.5996625,85.02663521973221,25.050533,0.964004168646709,4990.229,5883.507
RGI2000-v7.0-G-15-05445,,28.612729942022927,85.02443870725882,28.608512,85.02338874143447,31.274807,0.459620019732905,4940.0454,5614.6543
RGI2000-v7.0-G-15-05446,,28.616671434249643,85.02383247131965,28.608331,85.01722940418924,28.735243,0.890382537301752,4717.2354,5754.9688
RGI2000-v7.0-G-15-05447,,28.620437805757,85.01709205697479,28.6094145,85.00219107489607,21.236132,3.056911128154626,4837.637,6018.262
RGI2000-v7.0-G-15-05448,,28.61864519560071,85.0042456535553,28.6167,84.99755107936508,21.675169,0.356124156713231,5227.772,5846.5186
RGI2000-v7.0-G-15-05449,,28.630897868938202,84.99480926587701,28.623845000000003,84.99365928070915,22.82062,0.658098038292908,5135.6826,5691.438
RGI2000-v7.0-G-15-05450,,28.626517366338813,85.00417151361857,28.627479,85.00445315235555,28.051813,0.021922716788381,5415.732,5537.844
RGI2000-v7.0-G-15-05451,,28.630893722194546,85.01232023727215,28.6314565,85.01011210713983,27.838396,0.05463322860964,5213.668,5382.6064
RGI2000-v7.0-G-15-05452,,28.635755995315336,84.99908339240058,28.6336285,85.00207155604863,21.238428,0.251296922094617,5243.1074,5463.289
RGI2000-v7.0-G-15-05453,,28.643008556806848,85.00416304795539,28.6407675,85.00489971327326,35.529774,0.06456752955404,5277.1597,5594.205
RGI2000-v7.0-G-15-05454,,28.643013141906913,85.01219110156815,28.640035,85.01114478392105,36.51466,0.273803801870594,5201.536,5682.583
RGI2000-v7.0-G-15-05455,,28.635991078193662,85.017496797091,28.636871499999998,85.01595458836944,28.343952,0.060571582960558,5306.185,5458.25
RGI2000-v7.0-G-15-05456,,28.66311200486171,85.02973581369784,28.661637499999998,85.03674649999999,22.266068,0.61887312179367,5213.3604,5629.714
RGI2000-v7.0-G-15-05457,,28.655645044257568,85.04663345255848,28.65589,85.04487168522952,33.367947,0.074754277708747,5252.543,5485.931
RGI2000-v7.0-G-15-05458,,28.665006608876187,85.05130994812953,28.666690000000003,85.04780107550164,23.28693,0.220636575291822,5318.37,5730.9478
RGI2000-v7.0-G-15-05459,,28.67740688990033,85.03851642746241,28.6733145,85.04673391195368,24.763033,0.643804556654581,5176.751,5707.9536
RGI2000-v7.0-G-15-05460,,28.676525631868888,85.05934513053855,28.678378000000002,85.05836375395256,24.385496,0.061612116370861,5404.812,5569.349
RGI2000-v7.0-G-15-05461,,28.6800244302442,85.05929024708966,28.6802565,85.06046722841737,42.51445,0.046275501391048,5617.263,5802.449
RGI2000-v7.0-G-15-05462,,28.688266999999996,85.060409,28.684350000000002,85.06512860893548,27.585232,0.291374121985576,5223.843,5703.162
RGI2000-v7.0-G-15-05464,,28.675494151433274,85.06691896334365,28.6777005,85.0689583069751,36.103886,0.214607087960668,5445.403,5819.8843
RGI2000-v7.0-G-15-05465,,28.668211403209963,85.06892938101048,28.6693565,85.07611259852226,24.630016,0.43877371952215,5223.5986,5850.295
RGI2000-v7.0-G-15-05467,,28.660145987234635,85.08222832043762,28.6604955,85.08111064874582,29.856302,0.035688933939974,5278.9707,5391.6846
RGI2000-v7.0-G-15-05469,,28.67469412136948,85.08553146216218,28.673146,85.08582884520453,43.82336,0.162833183623744,5374.0815,5738.443
RGI2000-v7.0-G-15-05470,,28.679363310081154,85.08770564820232,28.677166,85.08730476561118,27.557657,0.154488126140721,5091.8984,5404.248
RGI2000-v7.0-G-15-05471,,28.675227109581932,85.09979212064749,28.6722695,85.09209071763394,24.294071,0.575843846712803,5155.105,5610.8716
RGI2000-v7.0-G-15-05472,,28.664418916920322,85.09560665108492,28.6671375,85.09400281027409,27.600027,0.19051704027859,5215.397,5571.1855
RGI2000-v7.0-G-15-05473,,28.685764913118987,85.10580506736656,28.6850515,85.10809710336298,26.98283,0.155001788179341,5223.12,5448.5513
RGI2000-v7.0-G-15-05474,Wobulong Glacier,28.672785280673725,85.12893533691775,28.6694045,85.13317894958783,35.726334,0.664727268266639,5248.996,5883.721
RGI2000-v7.0-G-15-05475,,28.674720502072766,85.14113501651568,28.66829,85.14303984657343,29.906296,0.373860062976835,5099.9854,5926.9004
RGI2000-v7.0-G-15-05476,,28.65843614045003,85.1412276619667,28.659436999999997,85.14351349876696,39.60355,0.05509234120223,5535.7764,5868.3154
RGI2000-v7.0-G-15-05478,,28.651307104198203,85.15549756732344,28.6504215,85.15418242202676,26.458658,0.041120600783742,5310.032,5416.6675
RGI2000-v7.0-G-15-05479,,28.646968105575386,85.14672742432275,28.644672,85.15214267855518,27.404856,0.498298651211841,5107.1494,5601.635
RGI2000-v7.0-G-15-05480,,28.651275672151364,85.16779709402662,28.647634,85.16268090794351,29.197954,0.683421690906269,5203.3916,5723.334
RGI2000-v7.0-G-15-05481,Wobulong,28.651608779191275,85.17415696708396,28.6480215,85.17380165092081,28.663368,0.360130270489135,5275.8745,5707.3877
RGI2000-v7.0-G-15-05483,,28.651054860521576,85.18030533216573,28.648359,85.18014275966233,24.305277,0.286752684800569,5400.5303,5690.8203
RGI2000-v7.0-G-15-05484,,28.645338706918338,85.18950982620962,28.643133,85.1863828816347,31.928417,0.086441349259091,5255.502,5651.5127
RGI2000-v7.0-G-15-05485,,28.643034405207,85.18988386108875,28.641544,85.18923439848484,29.130919,0.046148979734162,5439.6753,5700.499
RGI2000-v7.0-G-15-05486,,28.63891897280391,85.17659632442374,28.637482,85.18224924348597,22.27911,0.588720688308963,5285.0503,5821.7764
RGI2000-v7.0-G-15-05487,,28.633700455976435,85.17667247810786,28.631773,85.17982359269664,27.624392,0.174286496892547,5341.8105,5780.2437
RGI2000-v7.0-G-15-05488,,28.603272903656276,85.17953695445613,28.601666,85.1788234771808,30.871883,0.044028857061795,5136.256,5339.2954
RGI2000-v7.0-G-15-05489,,28.601787776737403,85.17378104836459,28.600437499999998,85.17287436081202,30.834658,0.127165795329029,5246.547,5438.81
RGI2000-v7.0-G-15-05490,,28.580979261357275,85.18400599520737,28.5798905,85.18262698529638,34.161457,0.060266559309832,5178.211,5383.721
RGI2000-v7.0-G-15-05491,,28.570931898650233,85.17962878722281,28.567359000000003,85.18446855527311,25.065813,0.670456282205365,4821.4497,5382.6416
RGI2000-v7.0-G-15-05492,,28.578016378412666,85.20244813784731,28.5726695,85.19463098198199,32.93506,0.844189506498982,4771.361,5596.2695
RGI2000-v7.0-G-15-05493,,28.55949220392032,85.20093776142141,28.559707,85.19380439205725,21.04088,0.763132612060129,4783.6035,5381.6416
RGI2000-v7.0-G-15-05494,,28.529614982927257,85.25956406799583,28.528258,85.26186210541829,38.031487,0.082291941664022,5289.7603,5651.125
RGI2000-v7.0-G-15-05495,,28.533077829291216,85.26783503784907,28.530114,85.26946449877768,41.38407,0.162687236644205,5370.996,5908.939
RGI2000-v7.0-G-15-05496,,28.533714196551667,85.27312086300454,28.531608,85.2724025991455,42.186012,0.077972868224477,5361.1973,5855.3853
RGI2000-v7.0-G-15-05497,,28.53521594329195,85.27779957058341,28.5339405,85.27745446843251,25.08045,0.084976173620377,5114.4453,5234.589
RGI2000-v7.0-G-15-05498,,28.534663459485337,85.28063693350786,28.533199000000003,85.28150071380392,34.79775,0.047567448968517,5141.9634,5398.17
RGI2000-v7.0-G-15-05499,,28.525518412264965,85.27406082039472,28.5267825,85.27571255972218,26.842318,0.088390278328351,5511.967,5684.097
RGI2000-v7.0-G-15-05500,,28.51817417862535,85.27574631403536,28.5200685,85.27878966479355,24.995281,0.260323667894051,5307.9595,5718.071
RGI2000-v7.0-G-15-05501,,28.523310376360314,85.28951361644391,28.5201445,85.28658250863637,37.705956,0.195610798108441,5145.4897,5863.237
RGI2000-v7.0-G-15-05502,,28.522671282187158,85.30011384322518,28.517436500000002,85.293783513102,22.272058,0.628258025754124,4911.0464,5860.4165
RGI2000-v7.0-G-15-05503,,28.51578902919545,85.30569664673902,28.5142615,85.30551736888832,31.292086,0.078397740835966,4990.525,5177.7666
RGI2000-v7.0-G-15-05504,,28.51333692485949,85.31188006571827,28.5110815,85.31204005657246,42.055958,0.113112163414469,5103.2695,5579.3936
RGI2000-v7.0-G-15-05505,,28.511547784669364,85.31752455023978,28.509031,85.31515845206114,41.837223,0.111186910734898,5150.564,5632.4126
RGI2000-v7.0-G-15-05508,,28.48579910864179,85.27867696164233,28.495649,85.28076831707037,20.0356,1.794683471665244,4814.139,5558.8516
RGI2000-v7.0-G-15-05509,,28.496541797218836,85.26364226967718,28.5011525,85.2694608529461,28.229435,0.903264249927617,4957.8833,5798.053
RGI2000-v7.0-G-15-05510,,28.513304053122976,85.26540605593424,28.512246,85.27290092367258,26.6474,0.752950918176898,5035.1616,5728.8984
RGI2000-v7.0-G-15-05512,,28.500595085479244,85.34128058971075,28.5007175,85.34323052265796,23.137894,0.094048934588817,4971.564,5115.2754
RGI2000-v7.0-G-15-05513,,28.49876631614214,85.35404959361719,28.497816999999998,85.35145795522388,27.313158,0.122316791915226,4896.452,5080.917
RGI2000-v7.0-G-15-05514,,28.49318601902357,85.35004893008866,28.4947285,85.35173089692364,25.765024,0.184241804674305,5037.293,5299.981
RGI2000-v7.0-G-15-05515,,28.487298284085117,85.35926886121952,28.489578,85.3618574346414,31.896595,0.114253940377644,4941.1846,5324.419
RGI2000-v7.0-G-15-05516,,28.517309013152172,85.3527317540946,28.515635500000002,85.35075630087667,35.91902,0.088005320544328,5108.8325,5345.806
RGI2000-v7.0-G-15-05517,,28.518259729454915,85.35037062578252,28.518364,85.3490122388535,43.242294,0.055075437801005,5334.143,5598.4927
RGI2000-v7.0-G-15-05518,,28.509600774828534,85.34805307437385,28.5145735,85.34418394665072,36.398224,0.311672271154075,4988.315,5874.411
RGI2000-v7.0-G-15-05519,,28.50599340985173,85.33591793147026,28.5120925,85.33650331407323,28.13838,1.076749779230354,4949.1694,5763.499
RGI2000-v7.0-G-15-05520,,28.519545626976264,85.33127749292214,28.5196775,85.33826393613862,30.188417,0.727854086065832,5010.6353,5910.22
RGI2000-v7.0-G-15-05521,,28.531642204158945,85.3287285332058,28.5284455,85.33492209442292,23.00982,0.626619497401787,5362.4004,5817.145
RGI2000-v7.0-G-15-05522,,28.51605976398989,85.36186445003072,28.532221999999997,85.34093666398783,23.657187,3.787458510831729,4536.994,5988.8467
RGI2000-v7.0-G-15-05523,,28.535245708426668,85.33012799009812,28.5349955,85.33355850000001,22.819511,0.158975687566503,5469.231,5798.8013
RGI2000-v7.0-G-15-05524,,28.53914142230263,85.327049893896,28.5391305,85.33249518571574,26.893621,0.356797236964116,5468.099,5998.591
RGI2000-v7.0-G-15-05525,,28.54278157705643,85.32978062752359,28.5437385,85.33343297048998,37.927444,0.109756531611838,5626.5996,6150.316
RGI2000-v7.0-G-15-05526,,28.558106857981603,85.3334955136227,28.553742999999997,85.34769554992968,31.52252,2.521162371527788,4947.8916,6114.4634
RGI2000-v7.0-G-15-05527,,28.54378825361365,85.3594811804664,28.5490405,85.35805579756212,27.487638,0.477072362158467,5223.183,5988.763
RGI2000-v7.0-G-15-05529,,28.54853370187569,85.37957965508961,28.5539995,85.37759936065238,26.291641,0.612921876602488,4979.531,5737.648
RGI2000-v7.0-G-15-05531,,28.52269537223567,85.38043522151465,28.525109999999998,85.37800761178646,23.507126,0.562487918059116,5112.957,5488.519
RGI2000-v7.0-G-15-05532,,28.521899200482203,85.36949385273275,28.522714999999998,85.37113509339056,35.826942,0.307874398310434,5058.163,5490.782
RGI2000-v7.0-G-15-05533,,28.538853876557933,85.355371822027,28.5400465,85.35354930064354,29.000624,0.070721922684743,5366.66,5566.093
RGI2000-v7.0-G-15-05535,,28.582180595770804,85.34628994389905,28.584032,85.34754010496516,42.492065,0.129005164869499,5801.0894,6396.574
RGI2000-v7.0-G-15-05536,Nianbanong Glacier,28.578782236913344,85.35717501225474,28.584210499999998,85.36261520193355,34.338177,0.592354322839179,5554.143,6539.8755
RGI2000-v7.0-G-15-05537,,28.600209050028514,85.36124196272516,28.597347999999997,85.35616131870938,41.838425,0.310765202810454,5782.278,6607.546
RGI2000-v7.0-G-15-05538,,28.608302179790083,85.3572794097753,28.605646,85.35468094212536,29.981373,0.249950892916716,5406.3735,5769.2954
RGI2000-v7.0-G-15-05539,,28.618830466453947,85.34470206532073,28.607287,85.34439539361702,28.87089,0.859869404295748,5098.765,6500.232
RGI2000-v7.0-G-15-05540,,28.602108046446133,85.33876741768277,28.601666,85.34001368242426,35.353577,0.070530650396283,5793.675,6048.248
RGI2000-v7.0-G-15-05541,,28.592687287000874,85.32022210023763,28.586785,85.3302530508968,29.30071,1.162163200254079,5299.8657,6183.476
RGI2000-v7.0-G-15-05542,,28.582609173315138,85.31601755313535,28.580586,85.32251923142857,32.10047,0.40771827700307,5390.9453,6105.896
RGI2000-v7.0-G-15-05543,,28.572988140110645,85.3124048600015,28.574879,85.32074381013474,33.813705,0.545688190393052,5239.7686,6024.43
RGI2000-v7.0-G-15-05544,Lasuosa Glacier,28.60123223130571,85.32509367290528,28.6008105,85.37520706850198,21.174795,7.090460655141913,5150.729,6637.136
RGI2000-v7.0-G-15-05545,,28.569625666583406,85.45428034675813,28.606247500000002,85.40087748977194,21.004894,7.075258721973111,4498.153,6505.8647
RGI2000-v7.0-G-15-05547,,28.63006327080597,85.39354447200787,28.631518,85.39547723337029,28.880623,0.135723067940616,6022.8765,6284.525
RGI2000-v7.0-G-15-05548,Weisapu Glacier,28.64265368506506,85.39565336630884,28.637658000000002,85.39265992310958,36.09604,0.587310963678248,5506.3276,6283.9653
RGI2000-v7.0-G-15-05552,,28.637357045580863,85.4447652971201,28.638873500000003,85.44330721401826,44.972187,0.129717342004126,5977.3228,6434.797
RGI2000-v7.0-G-15-05553,,28.642170905036398,85.47066021757774,28.6332125,85.45475029642857,24.491379,3.382632225176069,5133.928,6151.788
RGI2000-v7.0-G-15-05554,,28.629592987334757,85.47184460371456,28.6294265,85.47069782205757,27.522604,0.049911434067739,5365.399,5517.4185
RGI2000-v7.0-G-15-05555,,28.64549776822159,85.49361049415721,28.629123999999997,85.48092311133604,21.49556,4.807860866052757,4977.28,6131.377
RGI2000-v7.0-G-15-05556,,28.63382467137292,85.49032628758022,28.6322665,85.49142239687109,35.39717,0.075697587624241,5251.683,5499.1655
RGI2000-v7.0-G-15-05557,Laqu Glacier,28.621294802960875,85.50107129617012,28.6171875,85.49033890362537,25.311192,1.168839890194124,5161.783,6020.5586
RGI2000-v7.0-G-15-05558,Laqu Glacier,28.617809616050167,85.50231420454979,28.604943499999997,85.49102839729045,29.994234,2.863853480717723,5128.069,6504.0234
RGI2000-v7.0-G-15-05559,Jinabasha Glacier,28.57309248536366,85.46665874702987,28.594954,85.48984996956148,27.408161,7.832941802778132,4721.99,6543.459
RGI2000-v7.0-G-15-05560,,28.57563687761923,85.48686196482743,28.577888,85.48880220462821,52.482544,0.084582740605921,5323.1543,6165.2246
RGI2000-v7.0-G-15-05561,,28.56384323728974,85.4700206823288,28.57055,85.48618629446847,37.36764,3.526233766222629,4444.791,6647.1235
RGI2000-v7.0-G-15-05562,Gangbu Glacier,28.61164539711488,85.52960971197282,28.5821695,85.5099772403216,21.558317,15.740770651435826,5111.468,7264.6016
RGI2000-v7.0-G-15-05563,,28.558965970014675,85.51650747083289,28.5560625,85.50863867050435,46.358025,0.464125905973599,5911.6216,6675.864
RGI2000-v7.0-G-15-05564,,28.545200346843714,85.48900298156248,28.5519525,85.50518216565041,40.334007,1.449471810951989,4699.4673,6620.5254
RGI2000-v7.0-G-15-05565,,28.53938931904825,85.48433966318859,28.540114000000003,85.49279851053319,39.99328,3.027080252686729,4467.69,6613.933
RGI2000-v7.0-G-15-05566,,28.529845400971453,85.49115455671368,28.5285535,85.4989307272464,42.83408,0.374987869243292,5133.9346,6277.1733
RGI2000-v7.0-G-15-05567,,28.523291002367095,85.50035361506225,28.528226,85.50329006165984,43.432056,0.467513910581652,5614.512,6580.5376
RGI2000-v7.0-G-15-05568,,28.517405317207178,85.50444369294614,28.516382,85.51180326457592,34.711304,1.096486240938846,4992.707,6278.1367
RGI2000-v7.0-G-15-05569,,28.521736784286915,85.5224830811726,28.517067,85.51914496978841,31.168463,0.620094615104498,5368.582,6164.089
RGI2000-v7.0-G-15-05570,,28.515153576337084,85.52900073061228,28.517114499999998,85.52639102232143,25.978792,0.201663271280164,5048.9185,5323.7666
RGI2000-v7.0-G-15-05571,,28.5067603870197,85.52064103998562,28.507555500000002,85.52039785860215,39.35729,0.047010127976264,5457.1636,5618.414
RGI2000-v7.0-G-15-05572,,28.501848728835242,85.51499349894387,28.5028615,85.51399621167047,36.692333,0.062354661006581,5596.4443,5882.0903
RGI2000-v7.0-G-15-05573,,28.50067463839574,85.5187330982509,28.498296,85.51597178002069,28.65553,0.183270602561644,5318.382,5629.3833
RGI2000-v7.0-G-15-05574,,28.5033639176693,85.5077196462767,28.506629,85.51015386777291,37.135628,0.23006766842815,5620.568,6201.369
RGI2000-v7.0-G-15-05576,,28.534180529643304,85.54716333967407,28.536302999999997,85.54624716304347,49.75378,0.141175043736259,5638.7354,6208.646
RGI2000-v7.0-G-15-05577,,28.483260152207038,85.53743676117499,28.523303,85.55386632460423,27.482626,19.320771203830095,4636.8867,7250.8247
RGI2000-v7.0-G-15-05578,,28.521489009266382,85.55944549111311,28.520861,85.56029123675066,29.659845,0.017876001174542,5611.068,5730.993
RGI2000-v7.0-G-15-05579,,28.528941638159342,85.59353158479671,28.5177395,85.58314964694443,26.402746,3.44598922543239,5351.843,6658.471
RGI2000-v7.0-G-15-05580,,28.52461906022178,85.59804185216684,28.517326500000003,85.59259433437055,32.518456,0.687027819077043,5351.5024,6491.0127
RGI2000-v7.0-G-15-05581,,28.5222304136357,85.59871497961666,28.514614,85.59660287419902,30.730997,0.634562645693473,5552.0317,6565.65
RGI2000-v7.0-G-15-05582,,28.52148083027951,85.61059918332079,28.5154765,85.60176456045298,30.42791,0.437129461575076,5515.5044,6384.3364
RGI2000-v7.0-G-15-05583,,28.500126873698765,85.62263792384256,28.499769999999998,85.60514025104365,26.548628,3.280236632236484,5409.4546,6650.745
RGI2000-v7.0-G-15-05584,,28.49287901392506,85.61562262717321,28.491672,85.61181325625,25.365084,0.160836197391345,5664.7744,6000.156
RGI2000-v7.0-G-15-05585,,28.483356265502465,85.61177076827738,28.486998,85.60716024565633,31.003525,0.824293188523374,5560.6484,6526.397
RGI2000-v7.0-G-15-05586,,28.47635589976347,85.61412550365364,28.480355,85.5956921463845,28.378304,4.750278004807502,5278.336,6566.5806
RGI2000-v7.0-G-15-05587,,28.49513826328812,85.58157956338052,28.496361,85.5842082952071,51.746506,0.200609485247278,5689.7793,6634.2993
RGI2000-v7.0-G-15-05588,,28.503103799675507,85.57927104762382,28.502299999999998,85.58756524914966,41.874508,0.442441510445276,5870.52,6651.6265
RGI2000-v7.0-G-15-05589,,28.534839749973532,85.58714255127795,28.535334,85.57965027136258,26.721382,2.44902683343239,5351.4326,6315.1587
RGI2000-v7.0-G-15-05590,,28.551702456390466,85.59236129499229,28.5483775,85.5901005,31.750652,0.169210230824514,5497.951,5898.1426
RGI2000-v7.0-G-15-05591,Xiuke Glacier,28.560189841163847,85.60470089931253,28.551124,85.57013650563249,23.20205,6.683942590590831,5355.6304,7281.655
RGI2000-v7.0-G-15-05592,Xiuke Glacier,28.557562962410252,85.56935257178422,28.55929,85.56369869929014,34.958347,0.290621906001451,5667.775,6418.8936
RGI2000-v7.0-G-15-05593,Lanong Glacier,28.574322126725146,85.58283886659667,28.568281,85.56770824440451,23.250376,3.698902177596576,5435.461,6984.177
RGI2000-v7.0-G-15-05595,,28.599871313478353,85.5439946678165,28.592382999999998,85.55133445484131,22.65706,1.924544521413184,5745.9893,6463.8965
RGI2000-v7.0-G-15-05596,,28.59793261594552,85.45386908554458,28.604578500000002,85.45849322083333,23.302158,1.803095376758252,4911.843,5597.001
RGI2000-v7.0-G-15-05597,,28.586651034095837,85.45232068351767,28.5878675,85.45718318439955,27.47711,0.590834486912358,5044.4126,5567.945
RGI2000-v7.0-G-15-05598,,28.61594461376015,85.43561608937546,28.614551,85.4428880775249,28.305517,2.078627349042126,5019.875,6160.8047
RGI2000-v7.0-G-15-05599,,28.66230038088923,85.37271110025196,28.648267500000003,85.43275021022643,22.451134,4.452119003277494,4733.926,6510.223
RGI2000-v7.0-G-15-05600,,28.647981757386642,85.42125062467674,28.653984,85.4252446452381,35.33095,0.79112126576598,5637.1216,6723.11
RGI2000-v7.0-G-15-05601,,28.650719610238305,85.41585511150112,28.650481499999998,85.4171768190373,30.546486,0.043545223334583,5576.252,5715.3086
RGI2000-v7.0-G-15-05602,,28.67311264753583,85.412647051883,28.6658565,85.42749073265549,32.17523,1.648553524837307,5443.9067,6756.385
RGI2000-v7.0-G-15-05603,,28.678449506539245,85.42445222871152,28.6735805,85.42911721266086,28.366772,0.329188329662593,5741.531,6312.714
RGI2000-v7.0-G-15-05605,,28.684235377888545,85.45074670848243,28.686027,85.44500557837351,24.151531,0.647717861835755,5849.6206,6310.088
RGI2000-v7.0-G-15-05607,,28.711715113213568,85.43495348432499,28.704952,85.43421311199535,25.753553,0.450900419137971,5534.043,6192.1816
RGI2000-v7.0-G-15-05608,,28.713566081388922,85.43395011459104,28.7048865,85.42964302108786,21.122452,0.801609247689273,5467.9517,6336.4614
RGI2000-v7.0-G-15-05609,,28.715045798742782,85.43057820003841,28.705888,85.42570823308424,22.85325,0.801514714345536,5557.689,6442.6836
RGI2000-v7.0-G-15-05610,,28.71355923985171,85.41002754795795,28.705737499999998,85.41652080951704,23.520699,1.638677107845572,5517.338,6436.2466
RGI2000-v7.0-G-15-05611,,28.705164214100492,85.39764579977754,28.699644,85.41242515951633,31.407318,1.310122302523595,5239.948,6401.376
RGI2000-v7.0-G-15-05612,,28.69568469141839,85.40141512960861,28.6947435,85.40561457058179,28.350904,0.165435912919571,5785.916,6219.3027
RGI2000-v7.0-G-15-05613,,28.68700371906069,85.4163442114605,28.692428,85.41822178195488,29.793322,0.305324298812044,5776.2993,6440.0156
RGI2000-v7.0-G-15-05614,,28.685724221383154,85.42273915921966,28.6920315,85.42596126400414,29.577688,0.67973249401149,5796.5825,6445.8057
RGI2000-v7.0-G-15-05615,,28.678169298254552,85.45556800000001,28.669162,85.43799142016397,22.777258,2.675537823259568,5552.3784,6749.215
RGI2000-v7.0-G-15-05616,,28.670099388580898,85.45380774269914,28.6697665,85.45321406475686,43.943367,0.011209853590986,6198.735,6281.303
RGI2000-v7.0-G-15-05617,,28.671676217790697,85.45991772909161,28.6705045,85.46001583193916,44.40889,0.042084217453599,5945.794,6210.013
RGI2000-v7.0-G-15-05618,,28.672343913930384,85.46577769577026,28.671737999999998,85.46418943872811,33.78817,0.025950317892907,5884.0176,6067.436
RGI2000-v7.0-G-15-05619,,28.661716661117943,85.47566699567824,28.65206,85.44280053098186,25.333616,4.44918440756275,5194.2646,6650.6836
RGI2000-v7.0-G-15-05620,,28.705115834161315,85.45688938887916,28.7033825,85.45423313609223,33.52277,0.122029703491834,5721.951,6104.276
RGI2000-v7.0-G-15-05621,,28.722250045224914,85.42210596277553,28.7200225,85.42080512195122,32.898136,0.196066567154424,5737.983,6054.83
RGI2000-v7.0-G-15-05622,,28.717450686427384,85.41093705573212,28.720223,85.41586425028267,33.383713,0.350398577012962,5487.6777,6051.672
RGI2000-v7.0-G-15-05623,,28.736600672757913,85.41285920061567,28.730252,85.41783212328376,27.421518,1.319847806949288,5422.627,6109.4585
RGI2000-v7.0-G-15-05624,,28.735520675725155,85.40798202949232,28.731820499999998,85.40496714830056,33.562607,0.342379908713975,5523.7275,6058.6104
RGI2000-v7.0-G-15-05625,,28.73715052880608,85.39763754772653,28.735519,85.39933508101734,42.111874,0.047547858762501,5593.1675,5939.1685
RGI2000-v7.0-G-15-05626,,28.73595158419794,85.39609024392905,28.73476,85.39734818362831,43.17802,0.042990328756783,5604.362,5892.4785
RGI2000-v7.0-G-15-05627,,28.732691107792824,85.38663486029756,28.731007499999997,85.39605554364044,21.76136,0.486650406357035,5466.5537,6053.5796
RGI2000-v7.0-G-15-05628,,28.746109239827096,85.42038947423988,28.741906,85.42137422638851,30.294466,0.263875193839966,5607.964,6144.514
RGI2000-v7.0-G-15-05630,,28.5819905334302,85.39987712328238,28.583158500000003,85.40021593610851,42.81574,0.032278432720767,5338.109,5520.6763
RGI2000-v7.0-G-15-05632,,28.558044757769075,85.42349764244115,28.56575,85.42175733332307,20.19338,0.818564708903127,4991.175,5811.8433
RGI2000-v7.0-G-15-05633,,28.578555611187554,85.42790298787871,28.5722585,85.42810289816222,21.620602,0.661069642266269,4979.427,5491.1016
RGI2000-v7.0-G-15-05634,,28.563789652801468,85.43632720776598,28.5611475,85.43131021813757,21.438932,0.343965983539838,5040.6616,5318.641
RGI2000-v7.0-G-15-05635,,28.555795175365308,85.43600887719192,28.5552395,85.43431397735088,24.968052,0.056415775702742,5090.926,5232.915
RGI2000-v7.0-G-15-05636,,28.55445309615168,85.43829930875775,28.5535635,85.43714933172043,29.958515,0.051185916154606,5072.472,5233.095
RGI2000-v7.0-G-15-05637,,28.548633412405273,85.43832196684853,28.549925,85.43970755490653,24.55947,0.084063057840775,5027.866,5186.978
RGI2000-v7.0-G-15-05639,,28.539994961049498,85.44013928540504,28.5383055,85.44341985371048,24.354204,0.173181359144601,4896.9214,5141.749
RGI2000-v7.0-G-15-05640,,28.537262291599173,85.43648553758773,28.534376,85.43998065606061,21.312962,0.332100729555911,4832.6943,5152.3657
RGI2000-v7.0-G-15-05641,,28.531578858455788,85.42946171252356,28.5286325,85.43041332349854,25.62393,0.276441286276592,4949.113,5211.9336
RGI2000-v7.0-G-15-05643,,28.512858716586056,85.43679931047318,28.5121225,85.43254597040305,29.474133,0.508912155751816,5090.7925,5535.1753
RGI2000-v7.0-G-15-05645,,28.51191308155536,85.40867000917275,28.50725,85.41906984074734,20.839945,0.963412902066484,4693.9043,5418.5054
RGI2000-v7.0-G-15-05646,,28.499846795464574,85.42319810999547,28.50058,85.42249263877099,28.714485,0.029680683901503,5192.8623,5310.443
RGI2000-v7.0-G-15-05647,,28.490605070120086,85.41169566845552,28.495890000000003,85.41448937226497,27.32551,0.436589830849083,4854.9717,5573.327
RGI2000-v7.0-G-15-05648,,28.488772755879157,85.4147720326354,28.487955499999998,85.41576732343998,38.04069,0.099284555227517,4941.2285,5387.2207
RGI2000-v7.0-G-15-05649,,28.498760006693935,85.40433154512004,28.4996625,85.40636894893457,37.34255,0.16674963290086,5099.4346,5682.5117
RGI2000-v7.0-G-15-05650,,28.523895072072985,85.41822941862331,28.517784,85.41820959094963,25.181465,0.779581967195875,4936.867,5475.24
RGI2000-v7.0-G-15-05651,Nalai Glacier,28.498688776074236,85.42985001154233,28.500721,85.43568675903194,34.694534,0.38928902528371,4935.978,5838.235
RGI2000-v7.0-G-15-05652,,28.505704202224532,85.44642456547616,28.5055255,85.44411043589128,51.615135,0.061356160430525,5002.0347,5261.075
RGI2000-v7.0-G-15-05653,,28.509024537227578,85.44411792348122,28.5084105,85.44297018928572,41.079155,0.07529704298659,4638.0117,4943.965
RGI2000-v7.0-G-15-05654,,28.455611334714856,85.49648237301862,28.45471,85.49750192149993,37.0177,0.039220093872604,5272.0405,5467.58
RGI2000-v7.0-G-15-05655,,28.463224955197372,85.50888586997249,28.4599445,85.50850993247988,45.706753,0.165597149727336,4750.544,5514.536
RGI2000-v7.0-G-15-05656,,28.44707135315689,85.5254464439373,28.447104,85.52134963387462,37.963947,0.284135648107825,5568.913,6258.0625
RGI2000-v7.0-G-15-05657,,28.438886682786713,85.51842268184106,28.441988000000002,85.51953300342703,32.591972,0.138722155973443,5910.9814,6249.866
RGI2000-v7.0-G-15-05658,,28.43679211269208,85.52566923067552,28.437410999999997,85.52325357768362,32.277344,0.109527917546347,5402.7583,5762.572
RGI2000-v7.0-G-15-05660,,28.42346800640183,85.52135395458683,28.4245445,85.52128985362276,25.570322,0.037555514340863,5400.096,5499.0225
RGI2000-v7.0-G-15-05661,,28.425669645209688,85.51725202069017,28.426818500000003,85.51870497316537,29.352785,0.065348631029903,5443.945,5664.4893
RGI2000-v7.0-G-15-05664,,28.404224334228537,85.49561173753705,28.409143999999998,85.50530374125412,21.752378,0.545467781213388,4953.863,5606.415
RGI2000-v7.0-G-15-05666,,28.411422362565403,85.49599288356168,28.414945000000003,85.49991918488975,27.55934,0.361948598643898,5173.2866,5685.385
RGI2000-v7.0-G-15-05667,,28.411741259374725,85.49305143155308,28.4151115,85.49368385046924,24.466791,0.227105788984643,5203.816,5556.3325
RGI2000-v7.0-G-15-05668,,28.41051719884137,85.48687850148166,28.413273,85.48874466216216,33.15819,0.099258568489317,5160.2266,5526.7017
RGI2000-v7.0-G-15-05669,,28.409774991154954,85.48426625779364,28.416493000000003,85.48335799819395,27.918417,0.591787151019936,5001.783,5753.8936
RGI2000-v7.0-G-15-05670,,28.413695407734,85.47782006658622,28.4184385,85.47958917907276,25.236883,0.166539403522289,5177.584,5624.6665
RGI2000-v7.0-G-15-05671,,28.42355717403452,85.47482703752517,28.425197500000003,85.4779069761179,37.67585,0.19932709860407,5128.7417,5545.145
RGI2000-v7.0-G-15-05672,,28.427289531347597,85.46976296374152,28.429854,85.47451657074404,28.14305,0.297133857093439,4917.0776,5473.6807
RGI2000-v7.0-G-15-05673,,28.42762320286173,85.48644370414691,28.426083499999997,85.48571657698429,38.48603,0.062070523942865,5048.0522,5366.8774
RGI2000-v7.0-G-15-05674,,28.440527559829096,85.47970975391154,28.429383,85.49066619354838,21.237398,1.398358803974462,4816.302,5661.545
RGI2000-v7.0-G-15-05675,,28.436671333881065,85.49693712859052,28.4355165,85.49921891649271,26.695337,0.074871550152541,5367.495,5542.063
RGI2000-v7.0-G-15-05676,Nianglai Glacier,28.44347985213638,85.49225363246978,28.441781499999998,85.50055824197531,22.0902,2.958813773125093,5048.479,6254.417
RGI2000-v7.0-G-15-05677,,28.454844227746573,85.52659533650295,28.4489835,85.52975786582192,32.51743,0.302138146450981,4722.5605,5378.991
RGI2000-v7.0-G-15-05678,,28.455631874876467,85.53071626717954,28.4498075,85.53732290555394,28.20575,0.606451014082168,4693.3413,5500.7837
RGI2000-v7.0-G-15-05679,,28.44163905002257,85.5338746597523,28.4428555,85.53580443154762,34.294308,0.063551962815224,5528.58,5764.2637
RGI2000-v7.0-G-15-05680,,28.435913407354274,85.53476795473442,28.438135000000003,85.53845732822349,24.224396,0.240517030475544,5249.6143,5567.597
RGI2000-v7.0-G-15-05681,,28.43340351370126,85.5424671960981,28.4349395,85.54530861116206,30.20236,0.082175986290997,5514.487,5692.9907
RGI2000-v7.0-G-15-05682,,28.432328353376235,85.54741038885527,28.432803,85.54787387653691,23.326511,0.017084223165392,5498.608,5554.372
RGI2000-v7.0-G-15-05684,,28.448127456087413,85.5563540092502,28.451118,85.55184963350254,23.973906,0.507724530811993,5239.58,5683.5786
RGI2000-v7.0-G-15-05685,,28.458368662168244,85.53854127582606,28.455030999999998,85.54496616367713,33.446217,0.320074872811504,4965.7783,5778.927
RGI2000-v7.0-G-15-05686,,28.465252300865288,85.54113503238827,28.4604255,85.55110850511856,39.803833,0.500510363304098,5357.8784,6019.608
RGI2000-v7.0-G-15-05687,,28.431245847495187,85.56976799387543,28.4662205,85.56425457503607,22.413593,18.661594677469278,4874.8706,6485.5503
RGI2000-v7.0-G-15-05688,,28.436360985142322,85.58170665135648,28.436178499999997,85.58302119936226,35.095066,0.071835131443316,5227.169,5450.308
RGI2000-v7.0-G-15-05689,,28.43133486313694,85.59383889364125,28.434013,85.592225097166,42.87061,0.282563124618728,5684.8545,6153.3823
RGI2000-v7.0-G-15-05690,,28.435248870767282,85.60232932886298,28.436844999999998,85.6025195029861,48.024044,0.060997295539718,5802.0547,6182.1943
RGI2000-v7.0-G-15-05692,,28.43541473838487,85.61501767496846,28.434144500000002,85.61469638257722,39.534622,0.041023698615057,5709.465,5876.113
RGI2000-v7.0-G-15-05694,,28.403126455734167,85.60255657707324,28.4122635,85.60821200000001,22.148893,1.898065679607523,5237.0815,5852.4053
RGI2000-v7.0-G-15-05696,,28.40467450940368,85.5885727625676,28.403676500000003,85.58423180226747,21.032694,0.597811008491442,5245.2236,5611.4346
RGI2000-v7.0-G-15-05697,,28.40859577143825,85.57897881609058,28.4113805,85.58004018728278,24.658825,0.457398766862028,5378.914,5723.8037
RGI2000-v7.0-G-15-05698,,28.414258998412713,85.56241094107182,28.414042,85.56903792431865,34.28611,0.409987584595564,4967.8364,5805.161
RGI2000-v7.0-G-15-05699,,28.411191006424218,85.56074552682198,28.410574500000003,85.56215439623398,47.321754,0.019491450921886,5153.8564,5422.4946
RGI2000-v7.0-G-15-05700,,28.40241804325527,85.56008314247494,28.404231000000003,85.56328462272728,24.924313,0.52920386477478,5080.7026,5479.9976
RGI2000-v7.0-G-15-05701,,28.39689721740509,85.56898114104108,28.399791,85.57125947309503,30.375126,0.460075067286137,5280.847,5811.1133
RGI2000-v7.0-G-15-05702,,28.39427563623781,85.57685419960349,28.397491000000002,85.57685588539509,25.615494,0.160583074836424,5520.755,5782.069
RGI2000-v7.0-G-15-05703,,28.389368748511572,85.59195355793136,28.3898365,85.58420790543667,20.150406,0.923462796748244,5158.5234,5666.901
RGI2000-v7.0-G-15-05704,,28.382063206290713,85.59487256296737,28.3825145,85.59605160324759,29.21254,0.04324532255906,5407.887,5531.327
RGI2000-v7.0-G-15-05705,,28.372612435500496,85.56969644731534,28.377863499999997,85.574088,22.288507,0.519267233424656,5135.1235,5721.6455
RGI2000-v7.0-G-15-05706,,28.379720061037034,85.56424430579334,28.3804995,85.56604153490649,28.54314,0.093584032501566,5272.462,5497.3228
RGI2000-v7.0-G-15-05708,,28.391969939963975,85.55477610511673,28.392276000000003,85.55628083651551,27.633509,0.040007213828761,5369.915,5484.9575
RGI2000-v7.0-G-15-05709,,28.396377384381257,85.55858328773748,28.394956999999998,85.56043666311524,28.6178,0.112393247675909,5050.324,5276.988
RGI2000-v7.0-G-15-05711,,28.368594557741652,85.55964035994586,28.363839499999997,85.56366943507987,25.37038,0.492611853161301,4921.41,5542.012
RGI2000-v7.0-G-15-05712,,28.35341922858147,85.573873375377,28.3566785,85.57151655561337,26.808245,0.184933872057684,5209.0293,5554.6885
RGI2000-v7.0-G-15-05713,,28.351854358743203,85.57461901327981,28.3511005,85.57227501761713,29.845766,0.056310900166016,5202.1753,5473.198
RGI2000-v7.0-G-15-05714,,28.341935911413163,85.56992064261506,28.3438685,85.57026175008144,40.66156,0.054146489992786,5289.486,5679.0957
RGI2000-v7.0-G-15-05715,,28.34051815766144,85.56824356006929,28.341168500000002,85.56698963287249,47.2284,0.03796960851319,5272.888,5586.6147
RGI2000-v7.0-G-15-05716,,28.335813101611933,85.56082682183695,28.339339,85.562163,38.277092,0.210960482562607,5253.5312,5855.8237
RGI2000-v7.0-G-15-05717,,28.335161147067616,85.55976518541277,28.338707,85.5573381506276,37.19842,0.179676047048423,5277.0713,5892.568
RGI2000-v7.0-G-15-05718,,28.332880836117738,85.55154886379549,28.338577,85.55258237800687,37.295998,0.608488434170815,5292.215,6132.963
RGI2000-v7.0-G-15-05719,,28.355392446896158,85.5438029124662,28.35254,85.56116246810375,24.80655,3.080645652943733,4674.1294,6126.9424
RGI2000-v7.0-G-15-05720,,28.362007337105155,85.54831840588484,28.3626195,85.55075550165563,28.666382,0.097662215990236,5125.382,5341.163
RGI2000-v7.0-G-15-05721,,28.37764904816799,85.51484689001009,28.3785225,85.5135884871948,28.486807,0.047020051363984,5137.5356,5324.342
RGI2000-v7.0-G-15-05722,,28.377671090902556,85.50918384982789,28.377794,85.5106634472667,33.71079,0.034249056633653,5153.6455,5346.6567
RGI2000-v7.0-G-15-05723,,28.382222104688623,85.50700142929249,28.3836285,85.50991926358046,39.48902,0.191203038306528,4935.1465,5390.1475
RGI2000-v7.0-G-15-05724,,28.387799360270506,85.50676442679728,28.3906915,85.51068285803092,22.092724,0.411956921284502,4920.837,5310.8657
RGI2000-v7.0-G-15-05725,,28.396272151300632,85.50910397903719,28.397322000000003,85.50918333004927,29.573023,0.0421637632449,5345.691,5478.1743
RGI2000-v7.0-G-15-05726,,28.395102813337868,85.5063351067359,28.3974305,85.50669191044776,34.670013,0.057573129435481,5296.6455,5592.0215
RGI2000-v7.0-G-15-05727,,28.395385551403173,85.50476585855914,28.396851,85.50480887868002,32.700863,0.049143795795959,5271.3706,5478.6836
RGI2000-v7.0-G-15-05728,,28.393185766629934,85.50175987056285,28.397441,85.5008995,29.655037,0.167832904268385,5010.305,5506.6216
RGI2000-v7.0-G-15-05729,,28.399878644714914,85.4948278470981,28.398781,85.49589276255088,26.448809,0.054236841139691,5148.6714,5300.218
RGI2000-v7.0-G-15-05730,,28.298998876867167,85.52955423263785,28.302100000000003,85.53109119548047,30.436468,0.31402031140935,5239.2603,5613.7773
RGI2000-v7.0-G-15-05731,,28.2982123023469,85.53418603913424,28.299947500000002,85.53687067876376,34.751446,0.28106573297816,5335.1987,5699.0244
RGI2000-v7.0-G-15-05732,,28.296783227333634,85.50776234161731,28.2779625,85.53679972649643,32.450264,9.841571728417925,3637.704,7199.8696
RGI2000-v7.0-G-15-05733,,28.276388820895306,85.54623816816087,28.273971500000002,85.54525325595841,46.810715,0.310889776890775,5749.9355,6522.054
RGI2000-v7.0-G-15-05734,,28.27150773974385,85.55448697232853,28.271694,85.5536102572187,49.358154,0.014640817997942,6236.2007,6402.92
RGI2000-v7.0-G-15-05735,,28.26818058822094,85.55906061459156,28.267531499999997,85.55809848033866,34.707123,0.032178354120886,6079.898,6211.572
RGI2000-v7.0-G-15-05736,,28.261894089441107,85.55459813234418,28.26332,85.55614930117096,54.19275,0.051188622081496,5492.3965,6053.881
RGI2000-v7.0-G-15-05737,,28.25089725557023,85.55841226615146,28.2554185,85.56317299540093,45.82912,0.395478280108316,4996.3433,6140.3203
RGI2000-v7.0-G-15-05738,,28.23543413148785,85.5728053735623,28.255042,85.57483678291317,20.492483,4.175288829028237,4348.2373,6163.6304
RGI2000-v7.0-G-15-05739,,28.22326489325827,85.56264053421897,28.2475205,85.54999713610519,32.486813,4.786157650601032,3988.6025,7216.424
RGI2000-v7.0-G-15-05740,,28.246776259394863,85.54544233298863,28.2474745,85.53615665519324,29.160934,0.900182416572816,4447.2256,5414.978
RGI2000-v7.0-G-15-05741,,28.23800256508475,85.53585793231447,28.2379635,85.53301757227736,39.517296,0.143002998143805,4946.5073,5332.185
RGI2000-v7.0-G-15-05742,,28.23154026970437,85.52100056687733,28.2356285,85.52084575055065,35.634888,0.200331836830201,4821.6484,5510.3633
RGI2000-v7.0-G-15-05743,,28.231648094749346,85.51507609378723,28.2360125,85.51544685062893,36.536423,0.161420823508315,4929.2954,5602.218
RGI2000-v7.0-G-15-05744,,28.23792610477991,85.50699564811522,28.239427499999998,85.50963601419753,41.71755,0.34807539087323,5087.6606,5934.491
RGI2000-v7.0-G-15-05745,,28.24100494151806,85.52003408393206,28.246289,85.5170391473431,43.937416,0.744279648892483,5736.8525,6998.2
RGI2000-v7.0-G-15-05746,,28.243599214541103,85.50482564674883,28.2514415,85.51269654522358,43.581184,1.468220293494574,5540.57,7199.448
RGI2000-v7.0-G-15-05747,,28.25426372221429,85.50074823469065,28.255519,85.50054492084007,52.162075,0.064935717217813,6055.7544,6436.922
RGI2000-v7.0-G-15-05748,,28.23227548161591,85.49943012892855,28.243618,85.49966813793104,30.197042,0.72249346507649,4487.257,6118.9346
RGI2000-v7.0-G-15-05749,,28.23411931659455,85.49106537770857,28.2392825,85.48570696237752,21.294334,0.758007349374869,4860.1963,5449.7896
RGI2000-v7.0-G-15-05750,,28.24419224811173,85.48147837002978,28.245784999999998,85.483408,37.049175,0.052728588414169,5543.584,5754.8843
RGI2000-v7.0-G-15-05751,,28.24586097920107,85.48906532528613,28.249702999999997,85.48340897121484,45.10677,1.189571193604304,5590.4844,6696.739
RGI2000-v7.0-G-15-05752,,28.240717283601708,85.47193687172133,28.242963,85.47075146604938,40.600723,0.084961940286802,5999.7812,6388.2563
RGI2000-v7.0-G-15-05753,,28.24625294606518,85.46400368533904,28.244410000000002,85.46612434737833,48.36765,0.11459171536987,5679.8794,6347.859
RGI2000-v7.0-G-15-05754,,28.247210110410208,85.45029022018807,28.243171500000003,85.45930482943038,34.602455,0.610086056784443,4833.616,6026.8613
RGI2000-v7.0-G-15-05755,,28.24221965499139,85.45135879076791,28.2368335,85.45506920002535,24.303936,0.460588707828117,4878.041,5427.4976
RGI2000-v7.0-G-15-05756,,28.23225530681303,85.47194482924893,28.233671,85.46997557278551,30.819714,0.086105250565184,5022.2324,5255.168
RGI2000-v7.0-G-15-05757,,28.26292214902034,85.44849136214796,28.2548005,85.460276773629,30.429409,1.864798009745158,4774.545,6516.363
RGI2000-v7.0-G-15-05758,,28.25346901894144,85.45364121571824,28.252429499999998,85.453520285877,38.09879,0.061172359331061,5446.887,5633.827
RGI2000-v7.0-G-15-05759,,28.253197122819532,85.44905179533018,28.252674,85.45000149979424,35.01334,0.04878631909098,5258.0825,5487.76
RGI2000-v7.0-G-15-05760,,28.262602489950734,85.47102146705794,28.2614075,85.47078082455016,52.55191,0.037657337852527,5493.5786,5841.5483
RGI2000-v7.0-G-15-05761,,28.273092608122443,85.46551340509428,28.269951,85.46425108051207,38.16778,0.150320386003706,4797.9067,5392.9414
RGI2000-v7.0-G-15-05762,,28.283038287173213,85.46788968967651,28.266465,85.48113886021872,34.206123,3.200998915840608,4382.6636,6920.1763
RGI2000-v7.0-G-15-05763,,28.181972741235075,85.50881200527915,28.180629000000003,85.50842037591926,26.206873,0.062207444080659,5219.1216,5369.5947
RGI2000-v7.0-G-15-05764,,28.181348194263578,85.50401938774093,28.179585,85.50574760276797,28.145536,0.082571911322557,5090.0947,5326.804
RGI2000-v7.0-G-15-05765,,28.175588088416816,85.49952348210624,28.1726045,85.49924922136833,36.936977,0.091928377518141,5047.996,5542.5933
RGI2000-v7.0-G-15-05766,,28.173323368700117,85.49663560627997,28.1707105,85.49705701955119,37.798447,0.132113964291822,5235.127,5715.0293
RGI2000-v7.0-G-15-05767,,28.174478448490625,85.49105045662151,28.172497,85.49093741533545,35.544262,0.088744787106141,5212.4185,5534.8584
RGI2000-v7.0-G-15-05769,,28.168792458484873,85.51089537738814,28.1672375,85.51046519905898,35.929962,0.087064131123289,5359.217,5605.4453
RGI2000-v7.0-G-15-05770,,28.17202974726721,85.52476952144589,28.1626995,85.51881463884054,25.069843,2.581908300558808,4984.2627,5859.5464
RGI2000-v7.0-G-15-05771,,28.147163887267276,85.53061185760076,28.150774499999997,85.52366908437827,28.942375,0.431938750408382,5059.9985,5803.3247
RGI2000-v7.0-G-15-05772,,28.153676064206444,85.54883378321692,28.1573875,85.53508873363096,21.655075,1.134956135812754,4875.619,5659.649
RGI2000-v7.0-G-15-05774,,28.158359219655534,85.54920472682214,28.1620825,85.54964731746381,23.438,0.355037638554846,5082.596,5476.4463
RGI2000-v7.0-G-15-05775,,28.15908907526412,85.56243688384187,28.1632745,85.5559579323168,20.997442,0.574579073911426,4989.764,5452.2285
RGI2000-v7.0-G-15-05776,,28.169284282213297,85.56162305159972,28.169898500000002,85.55610103922453,31.724852,0.283170010782244,5159.0723,5811.3105
RGI2000-v7.0-G-15-05777,,28.18201416700562,85.55145179104885,28.175139,85.55115061765113,33.636753,0.609193959340215,4817.661,5857.473
RGI2000-v7.0-G-15-05778,,28.17762900072774,85.54796258414562,28.1755275,85.54744657557876,39.706387,0.069384853381626,5022.2793,5401.89
RGI2000-v7.0-G-15-05779,,28.1807602939741,85.54505136673608,28.1737535,85.54213740347166,23.708569,0.701986009681886,4850.935,5635.2676
RGI2000-v7.0-G-15-05780,,28.17771981041104,85.53735092696694,28.172787,85.5352195068854,29.002224,0.23467372575744,5026.0205,5615.7314
RGI2000-v7.0-G-15-05781,,28.173437380758564,85.53138317551954,28.17021,85.53247355897221,38.814083,0.091485760166131,5130.7354,5633.616
RGI2000-v7.0-G-15-05782,,28.157284230499418,85.5671567030124,28.158932,85.56803196398747,24.941927,0.058419981289651,5104.9375,5268.8115
RGI2000-v7.0-G-15-05787,,28.151245290843065,85.58863614631689,28.152219000000002,85.58710669798198,23.444225,0.112721552668878,5235.6665,5442.252
RGI2000-v7.0-G-15-05788,,28.15133819602696,85.57793927453253,28.151766000000002,85.57958702613338,20.847397,0.184820082025008,5057.0073,5195.9688
RGI2000-v7.0-G-15-05789,,28.151465620086586,85.59508506159179,28.1526885,85.59499282980616,28.884026,0.068298532670901,5229.015,5398.304
RGI2000-v7.0-G-15-05791,,28.161383459623448,85.60974096426904,28.1627595,85.6108743290653,43.46565,0.058653236426975,5560.501,5872.427
RGI2000-v7.0-G-15-05792,,28.165620431916174,85.62488874889225,28.165772500000003,85.61901620083627,29.674456,0.48104698003074,5129.849,5731.7236
RGI2000-v7.0-G-15-05793,,28.174479290410893,85.6251337685263,28.171654,85.62224082828283,33.46357,0.282649572017314,5077.3574,5677.894
RGI2000-v7.0-G-15-05794,,28.181208420083813,85.61494884622932,28.175717,85.6155720642767,39.823986,0.547586410517114,4734.9414,5677.969
RGI2000-v7.0-G-15-05795,,28.176007126588104,85.60686063479548,28.1669615,85.59876808973692,20.743467,0.930466467609395,4765.2056,5382.9517
RGI2000-v7.0-G-15-05796,,28.156199992641326,85.6241808357206,28.1583265,85.62138372619049,21.5263,0.244754381682073,5261.478,5611.9395
RGI2000-v7.0-G-15-05798,,28.13778094849676,85.61927081610285,28.137239,85.61731527390025,21.085672,0.257749450670618,5131.0234,5335.5967
RGI2000-v7.0-G-15-05799,,28.141195324531687,85.62743845205918,28.134809,85.62425885987261,26.09742,0.92692833347991,4909.972,5540.974
RGI2000-v7.0-G-15-05801,,28.12469254381821,85.62907349202248,28.124885,85.62957841638666,31.774845,0.031655688830162,5196.248,5293.376
RGI2000-v7.0-G-15-05802,,28.121959604170783,85.63670403201829,28.1247865,85.63341933679703,23.856897,0.290308424598888,4929.3105,5197.136
RGI2000-v7.0-G-15-05803,,28.12706350645889,85.63983111078966,28.129245,85.63862438922764,24.076298,0.136022613525678,4987.201,5218.3555
RGI2000-v7.0-G-15-05804,,28.14224409055943,85.62937491835986,28.139509500000003,85.63300824120645,26.214586,0.393944672139516,4901.4077,5367.379
RGI2000-v7.0-G-15-05805,,28.1433806827308,85.6366345145254,28.143346,85.63804738452914,33.88525,0.032336807350726,5245.61,5402.509
RGI2000-v7.0-G-15-05806,,28.149319734063905,85.64390687235291,28.147784,85.64408465117793,34.814365,0.073645354883126,4935.122,5211.184
RGI2000-v7.0-G-15-05807,,28.15292299480461,85.64840496594253,28.15166,85.6493939148965,36.11606,0.032487183268016,5142.6353,5333.3223
RGI2000-v7.0-G-15-05808,,28.15655399045098,85.64955429513249,28.154439,85.65477489232208,36.775414,0.191816140966223,4958.19,5351.152
RGI2000-v7.0-G-15-05810,,28.154963488917137,85.65914605125626,28.155494500000003,85.67014265925926,24.981096,0.195277724168256,5298.6475,5625.125
RGI2000-v7.0-G-15-05811,,28.158523702399744,85.66808670438053,28.161008000000002,85.6750652638298,34.480167,0.45811411430927,5254.611,6114.1226
RGI2000-v7.0-G-15-05812,,28.158697154467706,85.66034200315077,28.163692,85.66611912651342,30.829344,0.674679908768134,5083.5117,6312.329
RGI2000-v7.0-G-15-05813,,28.167359839762643,85.66230210487747,28.1668345,85.66568037042683,39.62055,0.08029127636224,5507.9697,5915.7954
RGI2000-v7.0-G-15-05814,,28.174348117529952,85.65142377395573,28.1754925,85.67097071970299,25.11914,1.295325740041708,4836.204,5872.419
RGI2000-v7.0-G-15-05815,,28.18192137654601,85.66130450859777,28.179323,85.66514147519084,42.924774,0.1662868671332,4946.688,5650.7686
RGI2000-v7.0-G-15-05816,,28.183647512381953,85.66990286630211,28.182639,85.67220317698873,33.033684,0.121962474429623,5494.679,5850.3257
RGI2000-v7.0-G-15-05817,,28.185695423163992,85.66490523475723,28.1886355,85.67393627315768,36.929794,0.375842672278789,5001.6562,5806.675
RGI2000-v7.0-G-15-05818,,28.18458222615737,85.68549830114286,28.1820455,85.6831259644201,26.100752,0.241228865328257,5039.0566,5419.567
RGI2000-v7.0-G-15-05820,,28.16912394589973,85.68488801194523,28.1701375,85.68233551755853,43.62067,0.105988226367566,5735.2783,6281.266
RGI2000-v7.0-G-15-05821,,28.172371939259143,85.69643072439517,28.1629155,85.696825145676,27.160803,1.912579099707674,4960.143,5832.3613
RGI2000-v7.0-G-15-05822,,28.155245552561837,85.70426548888342,28.1591935,85.70379025541061,27.740719,0.211221326815588,4952.3926,5514.2344
RGI2000-v7.0-G-15-05823,,28.17097772733885,85.70102960351493,28.1712395,85.70627300318031,31.575823,0.442904990741365,5314.2285,6009.878
RGI2000-v7.0-G-15-05824,,28.16221210165632,85.73880522495674,28.163694999999997,85.74074892035398,26.928022,0.137350911527822,4965.3193,5218.366
RGI2000-v7.0-G-15-05825,,28.16807900603148,85.74409160530921,28.169137,85.74338070738446,42.575996,0.031739764630839,5497.477,5670.74
RGI2000-v7.0-G-15-05826,,28.180337815074804,85.73191561118199,28.1755225,85.74334108515927,36.691444,1.610445196941464,4969.4995,5886.094
RGI2000-v7.0-G-15-05827,,28.182219817738275,85.7471194224353,28.179357500000002,85.75284306117021,29.814604,0.808957268627361,5034.6445,6073.5923
RGI2000-v7.0-G-15-05828,,28.186433902133516,85.75487300402926,28.184252,85.76291319042102,25.732758,0.972020831011273,5075.3647,6071.6055
RGI2000-v7.0-G-15-05829,,28.201244373279106,85.7618195146538,28.2028475,85.76050895282279,36.9734,0.07661557864143,5423.4014,5666.479
RGI2000-v7.0-G-15-05830,,28.192334791286694,85.69818631231472,28.207258,85.74299798192047,20.95397,16.6430907642442,4530.2017,6883.195
RGI2000-v7.0-G-15-05831,,28.197483695344292,85.73822938637868,28.19935,85.73896376462419,38.335033,0.065031536284321,5560.104,5847.744
RGI2000-v7.0-G-15-05832,,28.19981496635705,85.729781126834,28.201816,85.73230779645459,38.359848,0.161474104398419,5582.841,5986.045
RGI2000-v7.0-G-15-05833,,28.195561319167684,85.71649922086655,28.207179,85.72054144055355,24.964655,2.772530557746321,4896.7964,6257.7554
RGI2000-v7.0-G-15-05834,,28.21908282494976,85.70950796937629,28.2172505,85.71139016303468,43.640488,0.079423798133468,5848.132,6245.5225
RGI2000-v7.0-G-15-05835,,28.2180542278095,85.70627627939913,28.213932999999997,85.70598543101545,36.934235,0.31731449517415,5615.366,6091.5903
RGI2000-v7.0-G-15-05836,,28.207862360663785,85.70545967376161,28.209719,85.70564032147311,45.273563,0.095430917818074,5689.6846,6091.3833
RGI2000-v7.0-G-15-05837,,28.204876052921886,85.70399363534935,28.207704,85.70323899253484,40.23129,0.067365960657041,5369.7026,5914.053
RGI2000-v7.0-G-15-05838,,28.206510203985317,85.70077261917871,28.2081625,85.70109683141393,33.17534,0.085513806686256,5524.5845,5795.9956
RGI2000-v7.0-G-15-05839,,28.213348594440347,85.69938676302117,28.211640000000003,85.7008199950622,46.914845,0.08315620326029,5380.1963,5849.4697
RGI2000-v7.0-G-15-05840,,28.21247770786395,85.69629548099003,28.211078,85.69730311278387,48.48048,0.045344545812138,5190.5244,5682.3877
RGI2000-v7.0-G-15-05841,,28.23332601963115,85.65876611117301,28.2370865,85.66053542749907,25.585274,0.425223607629718,5271.011,5688.06
RGI2000-v7.0-G-15-05842,,28.24087370619084,85.66404856787409,28.243593,85.66282171419982,33.078884,0.165192577412935,5489.716,5887.5303
RGI2000-v7.0-G-15-05843,,28.243377704313513,85.66808055851476,28.245349,85.66750882260067,39.722256,0.099206470899887,5358.03,5779.634
RGI2000-v7.0-G-15-05844,,28.24101412074633,85.69344702293074,28.252659,85.66627991328359,22.140074,1.382736875829482,4689.1636,5914.395
RGI2000-v7.0-G-15-05845,,28.246428157129703,85.64545513842316,28.2498195,85.65242361034043,33.42225,0.326927875820281,5098.063,5860.7354
RGI2000-v7.0-G-15-05846,,28.23952874782618,85.65028874585441,28.244081,85.65333290281993,29.75003,1.198543323425063,5052.1875,5871.947
RGI2000-v7.0-G-15-05847,,28.208059583191503,85.66019955562709,28.255995499999997,85.6410304217218,20.369816,11.799479708516623,4170.188,6476.1055
RGI2000-v7.0-G-15-05848,,28.261852221499904,85.63741107248805,28.264284,85.6379241100629,39.585457,0.115728906249595,4993.405,5405.629
RGI2000-v7.0-G-15-05849,,28.263904107522876,85.64264838121743,28.2655225,85.64238783767651,36.71104,0.044977846858273,5250.61,5477.2
RGI2000-v7.0-G-15-05850,,28.263470409493713,85.67311753238202,28.2678565,85.67097915899198,21.439108,0.739951163158987,5256.2476,5837.252
RGI2000-v7.0-G-15-05851,,28.270554660709113,85.67840502130007,28.27206,85.67906614682539,28.392002,0.044617691339311,5301.426,5490.0586
RGI2000-v7.0-G-15-05852,,28.2685654463147,85.68129824012848,28.270152000000003,85.68288181243214,30.705715,0.148916061333366,5285.633,5587.03
RGI2000-v7.0-G-15-05853,,28.279230246569554,85.68965857083887,28.2757025,85.69124944443129,28.412535,0.256706072750175,5109.7812,5532.802
RGI2000-v7.0-G-15-05854,,28.278650882492187,85.70129103919976,28.274257,85.69519843318602,24.676788,0.486813420687894,5115.329,5683.007
RGI2000-v7.0-G-15-05855,,28.277333467233806,85.70286191984967,28.2734575,85.70313286615476,22.766747,0.433607557330027,5137.0645,5587.174
RGI2000-v7.0-G-15-05856,,28.275633239613356,85.71036555847327,28.274615,85.70908319654538,34.487213,0.078704387890033,5262.0874,5515.9463
RGI2000-v7.0-G-15-05857,,28.264398771080437,85.6967016424711,28.265957,85.695830691645,22.116343,0.084807111910795,5308.615,5470.951
RGI2000-v7.0-G-15-05858,,28.260351173148894,85.6958379920784,28.261049999999997,85.69489195230264,28.280935,0.03574138332845,5349.273,5442.1025
RGI2000-v7.0-G-15-05859,,28.293540615143524,85.68970434737051,28.295104000000002,85.6862420201808,32.16926,0.236282599866332,5264.2314,5649.783
RGI2000-v7.0-G-15-05860,Langtang glacier,28.234603727578534,85.69601835815264,28.300051500000002,85.67171630215802,22.277918,57.44745296485231,4489.8574,7091.936
RGI2000-v7.0-G-15-05861,,28.305863929894933,85.64441761841529,28.3086995,85.6506634373828,32.12271,0.600536287830179,5188.8276,5904.565
RGI2000-v7.0-G-15-05862,,28.32034323024895,85.64759786251271,28.321580500000003,85.65196336033812,27.896488,0.233164978532618,5361.933,5678.41
RGI2000-v7.0-G-15-05863,Lantan Glacier,28.304622461336123,85.63888107347476,28.329617,85.64729449982374,25.281965,6.413664757383288,5037.6685,6577.585
RGI2000-v7.0-G-15-05864,,28.33000104239501,85.63774471611426,28.3314665,85.63367227217296,28.832546,0.759260715495044,5363.468,5985.259
RGI2000-v7.0-G-15-05865,,28.33351783365164,85.64065292704606,28.3379835,85.63680156289308,28.173302,0.394297544334317,5448.5366,6060.8604
RGI2000-v7.0-G-15-05866,,28.348392457490252,85.61303374737058,28.341649,85.62730298997772,24.419962,1.251638307011191,5047.17,6037.064
RGI2000-v7.0-G-15-05867,,28.34156383985566,85.6093931767338,28.337564999999998,85.62376840102314,29.448765,1.942944303879202,5060.511,6210.4023
RGI2000-v7.0-G-15-05868,,28.352054100251607,85.61665726275261,28.345965999999997,85.63067547607811,23.045807,1.277474919553616,5099.265,6064.178
RGI2000-v7.0-G-15-05869,,28.351935596146735,85.62965695730612,28.353364,85.63061567731556,29.174864,0.051615420363312,5627.5444,5788.2773
RGI2000-v7.0-G-15-05870,,28.355990175792765,85.62681099801249,28.357120000000002,85.6280882997058,27.443607,0.052388780535649,5373.751,5573.8193
RGI2000-v7.0-G-15-05871,Purepu Glacier,28.36584060188678,85.63618919350128,28.3561765,85.64212154502104,27.907343,2.373255184700501,5183.865,6350.3003
RGI2000-v7.0-G-15-05873,Purepu Glacier,28.387216469893207,85.6570006190888,28.3876625,85.65899750588235,20.489468,0.053231348503961,5482.206,5607.766
RGI2000-v7.0-G-15-05874,Purepu Glacier,28.374550025105222,85.62692818650011,28.401925,85.65990620109889,21.984022,25.244268795543984,4910.072,7024.8726
RGI2000-v7.0-G-15-05875,,28.39242852680869,85.6258987900207,28.391351,85.6256658076,32.776882,0.021680891101751,5523.525,5635.013
RGI2000-v7.0-G-15-05876,,28.39185722065482,85.61353364963857,28.391976,85.62119033697047,30.922956,0.333225634777111,5280.675,5795.497
RGI2000-v7.0-G-15-05877,,28.39558314617472,85.61274428202796,28.398804,85.617317032706,35.442215,0.394643694334218,5318.806,5937.67
RGI2000-v7.0-G-15-05878,,28.400234416001947,85.61123516982786,28.4015025,85.61321542923673,34.68796,0.125091725633073,5404.744,5807.4453
RGI2000-v7.0-G-15-05879,,28.40607205601484,85.61899429446385,28.404598,85.61881193522557,34.105713,0.073092409075366,5708.861,5891.1143
RGI2000-v7.0-G-15-05882,,28.456160326753547,85.68501257613713,28.454438,85.68374843432659,33.225266,0.126557855715109,5800.376,6070.7563
RGI2000-v7.0-G-15-05885,,28.476824137373704,85.65462845208408,28.465835499999997,85.65980263408255,23.14412,3.67956961915061,5537.96,6574.8525
RGI2000-v7.0-G-15-05886,,28.478095740742514,85.64416246569708,28.473226,85.64447687168419,25.464962,0.476674294797587,5642.0615,6087.773
RGI2000-v7.0-G-15-05887,,28.474439188051722,85.6227172738366,28.460365,85.63604837656129,24.391605,7.202713872645235,5286.986,6721.227
RGI2000-v7.0-G-15-05888,,28.47240306967141,85.6165130674674,28.466629,85.61470031702127,34.26565,0.528858393404642,5385.109,6343.545
RGI2000-v7.0-G-15-05890,,28.43149301648429,85.72506558451258,28.428064499999998,85.72425498643412,27.721598,0.275807863727048,5878.5566,6281.0547
RGI2000-v7.0-G-15-05891,,28.43229827649874,85.71248658767533,28.4198485,85.71646680855531,22.830524,1.510374930257168,5676.789,6572.621
RGI2000-v7.0-G-15-05892,,28.418911130475117,85.71338587345706,28.418459,85.71226398379645,32.443142,0.036508040981903,6059.193,6184.049
RGI2000-v7.0-G-15-05896,,28.302072603643175,85.71712438090805,28.2981335,85.72969349345877,40.52399,1.060307817112599,5099.696,6673.856
RGI2000-v7.0-G-15-05897,,28.287583171814344,85.74450078314025,28.291726500000003,85.74008813224,33.286568,0.433390577007568,5463.0425,6224.732
RGI2000-v7.0-G-15-05898,,28.28697373024706,85.73254188768546,28.287353,85.73386943010142,46.623528,0.162621281385016,5804.052,6279.9834
RGI2000-v7.0-G-15-05899,,28.27890650418309,85.73569456578142,28.28165,85.73890991397553,33.69702,0.178083144317364,5773.3726,6158.587
RGI2000-v7.0-G-15-05900,,28.279702636795026,85.75135486143303,28.272839,85.7403714528626,37.664867,0.845969987245553,5281.089,6273.5254
RGI2000-v7.0-G-15-05901,,28.289750752798213,85.56981300568506,28.2810625,85.61604559625349,25.877947,11.810486531832932,4265.03,6662.8003
RGI2000-v7.0-G-15-05902,,28.294152457990076,85.60779763746525,28.2985385,85.6088077870305,32.525955,0.447115774819488,5328.0894,6010.909
RGI2000-v7.0-G-15-05903,,28.295743887805834,85.61190847027562,28.303008,85.61245136114152,39.95509,0.451414832866265,5445.9214,6313.4053
RGI2000-v7.0-G-15-05904,,28.293887492207954,85.61678823937487,28.2997225,85.61755372222223,26.223251,0.370757308968469,5192.3755,5646.794
RGI2000-v7.0-G-15-05905,,28.306974903414698,85.62543560123565,28.3108115,85.62094399654967,47.729366,0.29371129541518,5510.863,6185.303
RGI2000-v7.0-G-15-05906,,28.308434270169865,85.62984177896725,28.318518,85.62258749762513,24.804417,0.915892728541678,5253.496,6100.6074
RGI2000-v7.0-G-15-05907,*Lantan,28.321782092830805,85.62975622773074,28.3266265,85.62672543056625,33.948174,0.547538042220187,5390.699,6202.3237
RGI2000-v7.0-G-15-05908,,28.31756908984757,85.59640983425196,28.317878999999998,85.6120469263032,31.504236,3.390512297060433,4894.356,6302.4272
RGI2000-v7.0-G-15-05909,,28.334075127081434,85.60150791576623,28.331533999999998,85.60576413402822,26.244595,0.782376180521999,5146.7017,5812.3022
RGI2000-v7.0-G-15-05910,,28.303357767409658,85.5882257237969,28.304948,85.59128093832453,32.539875,0.08446265827861,5633.348,6026.7188
RGI2000-v7.0-G-15-05911,,28.294742287320762,85.58931623771902,28.300836,85.59391488408497,32.437344,0.563214002940088,5202.339,6078.3936
RGI2000-v7.0-G-15-05912,,28.292030802047755,85.60089882676994,28.298654499999998,85.59777509488273,37.01609,0.585723639988548,5138.3984,6316.599
RGI2000-v7.0-G-15-05913,,28.300308371337294,85.58022119660292,28.303344,85.58489136771736,30.852072,0.246367697934582,5075.5396,5624.8496
RGI2000-v7.0-G-15-05914,,28.309945346108062,85.58112489170345,28.308625,85.58346609018264,42.96396,0.091874335218061,5173.804,5911.8228
RGI2000-v7.0-G-15-05915,,28.244981134591786,85.59866526928074,28.248721,85.6004245,41.079628,0.165548482559477,5186.8184,6026.1206
RGI2000-v7.0-G-15-05916,,28.240932251735547,85.60204859221247,28.2466065,85.60685925480873,23.757215,0.71585750543828,5104.937,5721.6494
RGI2000-v7.0-G-15-05917,Yala Glacier,28.233132047051043,85.61109735616851,28.236443,85.61729635787461,22.722979,2.054887630702907,5080.2915,5644.1167
RGI2000-v7.0-G-15-05918,,28.1497076046659,85.4964167869387,28.146147,85.49520275,22.206215,0.349134062196068,5052.8423,5451.5083
RGI2000-v7.0-G-15-05920,,28.147950632179214,85.4801917481911,28.146149,85.4796257508802,38.426712,0.07068681028189,5109.3774,5404.9077
RGI2000-v7.0-G-15-05921,,28.140541989885943,85.49834155506468,28.138748,85.49138292996109,30.187115,0.126295994670487,5064.43,5543.42
RGI2000-v7.0-G-15-05922,,28.136999542194182,85.5027330134576,28.1355675,85.49715587974683,25.850138,0.429801444228487,5029.1504,5471.7085
RGI2000-v7.0-G-15-05923,,28.108968768754785,85.48882913763077,28.106948,85.48691014554012,24.382904,0.15196462603691,5014.29,5277.858
RGI2000-v7.0-G-15-05924,,28.105012990317135,85.47896586916774,28.105925,85.47779398143001,30.33775,0.037280594496114,5225.1587,5342.868
RGI2000-v7.0-G-15-05925,,28.101968994158174,85.48509378610147,28.101692,85.47954838650895,21.15107,0.35558786410593,4955.018,5321.2754
RGI2000-v7.0-G-15-05926,,28.110243730481784,85.4757458497965,28.107556000000002,85.47236527870564,32.52977,0.318373649353897,4985.91,5502.1523
RGI2000-v7.0-G-15-05928,,28.116072117073717,85.46855153816979,28.115246499999998,85.4677345,24.63595,0.024791000115854,5097.7217,5180.7812
RGI2000-v7.0-G-15-05929,,28.240551967909468,85.2056623935573,28.2397815,85.2074804433669,27.669777,0.060759534712111,5003.33,5184.457
RGI2000-v7.0-G-15-05931,,28.25210641679999,85.19755221359222,28.252782,85.19870102052977,26.548939,0.033392453853214,5200.667,5301.3447
RGI2000-v7.0-G-15-05932,,28.247515591608128,85.1930082011241,28.254641499999998,85.19363469275251,20.644058,0.709817670904111,4864.7593,5367.0513
RGI2000-v7.0-G-15-05933,,28.259767750537836,85.19554557756533,28.2624405,85.19278305659341,37.17986,0.136200269122605,5440.0146,5787.408
RGI2000-v7.0-G-15-05934,,28.26479804566871,85.18568739212344,28.266140999999998,85.18731300675677,35.913628,0.068819302840566,5433.5815,5730.0977
RGI2000-v7.0-G-15-05935,,28.275143892592137,85.20652796896367,28.270412999999998,85.1907584235083,25.458788,1.421373042123323,4883.698,5784.4736
RGI2000-v7.0-G-15-05936,,28.265204588296335,85.16718238644134,28.2706265,85.17967706822611,25.48329,0.89403983718777,4665.866,5688.0513
RGI2000-v7.0-G-15-05937,,28.26344577060108,85.17979091574217,28.26453,85.17928934483683,36.672775,0.024395459639155,5188.3877,5345.4067
RGI2000-v7.0-G-15-05938,,28.25744222286742,85.17759843116906,28.2600055,85.18141800370685,29.19429,0.160778318425906,4743.425,5148.8813
RGI2000-v7.0-G-15-05939,,28.28022591483694,85.16811886545527,28.2756365,85.16879391359811,23.962448,0.593286946348338,4864.505,5446.0503
RGI2000-v7.0-G-15-05940,,28.277471757221484,85.16472328794853,28.276232999999998,85.16368567272727,20.594799,0.12770884702569,5077.561,5213.054
RGI2000-v7.0-G-15-05941,,28.2818932198687,85.16254316351483,28.2812955,85.1605078543346,26.733902,0.12220690206063,5141.169,5397.7344
RGI2000-v7.0-G-15-05942,,28.281240479631663,85.15031877415984,28.283725500000003,85.1537065678375,25.273172,0.156853573351806,4794.142,5239.036
RGI2000-v7.0-G-15-05943,,28.28878523999698,85.161612400169,28.287855,85.16036998023338,34.84837,0.127431976342695,5023.9116,5366.8936
RGI2000-v7.0-G-15-05944,,28.298229737170505,85.16122708931975,28.294915,85.15695453385824,26.57336,0.563117805474856,4979.8496,5474.7393
RGI2000-v7.0-G-15-05945,,28.302827883226392,85.15901496863233,28.3008345,85.15499706100815,29.359465,0.263218445575047,4985.6763,5514.5864
RGI2000-v7.0-G-15-05946,,28.289763786773566,85.1491840054928,28.2925835,85.14702116595288,31.85328,0.178133132470207,4995.032,5338.0537
RGI2000-v7.0-G-15-05947,,28.29408387733955,85.134641102449,28.2960905,85.1381930160048,37.992676,0.175886400451047,4812.4766,5525.314
RGI2000-v7.0-G-15-05948,,28.296022203364643,85.13252062280223,28.2978035,85.13241543917556,41.165863,0.082339941982853,4939.3384,5275.0576
RGI2000-v7.0-G-15-05949,,28.30062501971815,85.13208601575072,28.3011865,85.132637076012,42.668793,0.012062305620536,5437.2354,5541.0884
RGI2000-v7.0-G-15-05950,,28.304065437717668,85.11646110312991,28.301202,85.12580836787969,28.429438,0.731955899270482,4732.0293,5517.2344
RGI2000-v7.0-G-15-05951,,28.30653217464303,85.11980538811683,28.30763,85.12118129960399,34.99121,0.301832539443523,4888.299,5364.3965
RGI2000-v7.0-G-15-05952,,28.30710863639206,85.09680181728527,28.316736,85.10191847940669,25.079851,0.775160748465706,3849.0088,4780.3423
RGI2000-v7.0-G-15-05953,,28.29362806985073,85.18488347752593,28.292491,85.18391790737698,27.523111,0.029052066548606,4978.7666,5120.7104
RGI2000-v7.0-G-15-05954,,28.291505082934094,85.19362806961033,28.284533500000002,85.18787308829366,27.741827,0.901837940494801,4678.445,5841.886
RGI2000-v7.0-G-15-05955,,28.28079867111118,85.20164866194878,28.281641,85.20040159598256,29.578648,0.028485456024423,5026.8384,5122.435
RGI2000-v7.0-G-15-05956,,28.27409747143841,85.20787357742405,28.2695335,85.20402890403767,27.649977,0.266917051978738,4886.507,5675.019
RGI2000-v7.0-G-15-05957,,28.26732838161165,85.2137015335299,28.264104000000003,85.21173196234207,24.104315,0.280713904944175,4972.7163,5296.765
RGI2000-v7.0-G-15-05959,,28.347201951906513,85.25742253251481,28.347863,85.25256394997245,31.400974,0.246643620760246,4979.851,5431.478
RGI2000-v7.0-G-15-05960,,28.351228453830554,85.25721168913029,28.352243,85.25559284933829,37.464165,0.060417688806451,5291.3115,5530.009
RGI2000-v7.0-G-15-05961,,28.355167234698524,85.26685837446516,28.354339500000002,85.26117083014788,39.290703,0.225142778291742,5242.2188,5634.0396
RGI2000-v7.0-G-15-05962,,28.35257278503111,85.26806119617262,28.352811,85.266121262383,31.165201,0.041264882003015,5092.847,5288.8984
RGI2000-v7.0-G-15-05963,,28.360827434356477,85.26515592587121,28.358528999999997,85.26359215557643,42.802258,0.107120557001854,4869.74,5423.558
RGI2000-v7.0-G-15-05964,,28.35523373009795,85.21484935033793,28.358243,85.21524778242679,33.584084,0.294807680416468,5091.327,5560.332
RGI2000-v7.0-G-15-05965,,28.54338235071696,85.07475143510983,28.544407,85.07388787315018,42.014557,0.025271629166082,4771.389,4939.8003
RGI2000-v7.0-G-15-05966,,28.551187446367884,85.0766609561739,28.549574,85.07469145833333,34.668285,0.192078662883808,5143.274,5851.873
RGI2000-v7.0-G-15-05967,,28.563119365938654,85.08001191344688,28.554637999999997,85.06204104931004,26.1046,2.714636391854025,4651.637,6250.4155
RGI2000-v7.0-G-15-05968,,28.54156582290266,85.06597182723276,28.544961,85.0616505716137,38.940086,0.395182817083639,5604.5195,6131.2773
RGI2000-v7.0-G-15-05969,,28.53361229199961,85.05751107933979,28.5356445,85.05803988969066,31.131239,0.160873782494239,4902.177,5105.569
RGI2000-v7.0-G-15-05970,,28.5481652582105,85.04211086677603,28.547115,85.045813708,42.125355,0.178219701983575,5688.6367,6225.8257
RGI2000-v7.0-G-15-05971,,28.57155206534694,85.02813642145301,28.566885,85.03247958946258,29.674746,0.826461292705928,4808.8486,6068.9243
RGI2000-v7.0-G-15-05972,,28.567144358184162,85.02549059675292,28.564766,85.0285730304878,33.666714,0.115021835192609,4764.428,5237.757
RGI2000-v7.0-G-15-05973,,28.57973891840516,85.03147573500311,28.5746615,85.04683919920575,25.942755,2.215406451369259,4941.9214,6070.9985
RGI2000-v7.0-G-15-05974,,28.578065772264747,85.0827732042883,28.567640500000003,85.05817592666247,21.958809,3.314746750393593,4663.221,6225.919
RGI2000-v7.0-G-15-05975,,28.60136469916537,85.04571208809114,28.5910775,85.0449341770362,26.860632,1.086214609434789,4812.0815,6018.3433
RGI2000-v7.0-G-15-05976,,28.59852756678036,85.05829688377851,28.596276500000002,85.05699617602593,37.45872,0.087807576043909,5204.3467,5599.1934
RGI2000-v7.0-G-15-05977,,28.608840180607388,85.07534343731702,28.5944955,85.06820119566504,28.597023,2.069121768782862,4252.731,5931.759
RGI2000-v7.0-G-15-05978,,28.61804137450628,84.98129712729782,28.6171155,84.98413546507055,32.477818,0.168979748363258,5077.325,5569.8486
RGI2000-v7.0-G-15-05979,,28.61981731455389,84.95672821662625,28.6186455,84.94868394111111,27.384142,0.340211621392868,5056.8135,5751.32
RGI2000-v7.0-G-15-05980,,28.628513481325438,84.94953305961688,28.6260165,84.94437200147291,30.921312,0.172750002504409,5176.13,5719.215
RGI2000-v7.0-G-15-05981,,28.625620104693162,84.93377685033255,28.626867,84.93600085743088,25.808197,0.14545208405123,5477.084,5825.4375
RGI2000-v7.0-G-15-05982,,28.637337148556306,84.93584438034925,28.6341965,84.9376091831518,23.56143,0.264858622481063,5001.02,5320.8354
RGI2000-v7.0-G-15-05983,,28.671802695230056,85.03161891207286,28.670655500000002,85.03144845567674,32.80274,0.038544232059254,5331.0356,5495.328
RGI2000-v7.0-G-15-05984,,28.68767068049351,85.05531194019032,28.68414,85.05451133221476,37.38532,0.332226934272905,5204.8706,5788.697
RGI2000-v7.0-G-15-05985,,28.732379872681367,85.09058143804468,28.7309555,85.09054714030607,40.790848,0.072865368288523,5579.226,5872.9854
RGI2000-v7.0-G-15-05986,,28.73248339450598,85.09212420093988,28.730957,85.0934112444227,41.02263,0.061394869211744,5670.411,5978.8594
RGI2000-v7.0-G-15-05987,,28.734878342938607,85.09045007532207,28.733567,85.08944435756355,32.322952,0.052703917244274,5364.069,5553.8
RGI2000-v7.0-G-15-05988,Zhangwoma,28.738888382596166,85.09811557275346,28.732969,85.10314228175123,39.295506,0.673229273725065,5196.948,6153.43
RGI2000-v7.0-G-15-05989,,28.735769907941265,85.11405332775226,28.729975,85.10908049184468,35.177097,1.052599046640443,5272.171,6207.082
RGI2000-v7.0-G-15-05990,,28.722790267446957,85.108964756532,28.723582999999998,85.10924161252944,44.789993,0.018554858009709,5808.6797,6030.3877
RGI2000-v7.0-G-15-05991,,28.718098505342564,85.1106773074423,28.7216375,85.11351599197991,41.929115,0.307159234672515,5427.2236,6285.9316
RGI2000-v7.0-G-15-05992,,28.71734198000793,85.11282546321007,28.720150500000003,85.11785995975058,42.48306,0.188314030238527,5493.9497,6296.52
RGI2000-v7.0-G-15-05993,,28.7158408637536,85.12778156316315,28.719160000000002,85.12458399612939,32.993027,0.335400645853504,5602.848,6298.621
RGI2000-v7.0-G-15-05994,,28.72023695152522,85.13482560719723,28.722566999999998,85.12517002428058,31.052938,0.533227106296516,5644.729,6313.8735
RGI2000-v7.0-G-15-05995,,28.739523381179648,85.11566437458167,28.7319915,85.12212822906578,31.945053,1.901345277328503,5219.904,6323.67
RGI2000-v7.0-G-15-05996,,28.741056717071302,85.13540346477201,28.735207,85.13214905038967,28.035767,0.548488485163922,5448.063,6181.8433
RGI2000-v7.0-G-15-05997,,28.739274544192643,85.14647350711674,28.731284,85.13924316286192,21.739931,1.103052086741477,5356.4897,6227.6445
RGI2000-v7.0-G-15-05998,,28.730740955047768,85.14948366267845,28.729743499999998,85.15069685650238,36.89612,0.039870234392988,5788.401,5975.8315
RGI2000-v7.0-G-15-05999,,28.735290704087515,85.1666050958398,28.733887000000003,85.16664065483872,38.22473,0.040564363121643,5583.2705,5833.341
RGI2000-v7.0-G-15-06001,,28.73399426528864,85.18336444559867,28.731267000000003,85.18305265738758,21.993248,0.158275466510481,5531.772,5762.0938
RGI2000-v7.0-G-15-06002,,28.732680866555672,85.18683228929345,28.731495000000002,85.1867975319312,41.951317,0.031030787745753,5530.502,5788.142
RGI2000-v7.0-G-15-06003,,28.761262650933315,85.15656173015661,28.760343499999998,85.15463215432025,44.067463,0.066148896490603,5738.5747,6067.2915
RGI2000-v7.0-G-15-06004,,28.76762398169031,85.155293733922,28.762667,85.1491116744124,35.33467,0.433219552209073,5379.6025,6458.831
RGI2000-v7.0-G-15-06006,,28.77721453735679,85.14264644209845,28.771984,85.14236872825859,24.958431,0.333814144783143,5576.0767,6035.8916
RGI2000-v7.0-G-15-06007,,28.777103195037707,85.12850005814799,28.767947999999997,85.13574777294686,29.96214,1.291856499977661,5485.088,6475.359
RGI2000-v7.0-G-15-06008,,28.77494958819063,85.12459454970666,28.767582,85.12655238724037,30.02254,0.882513886528451,5467.8726,6377.707
RGI2000-v7.0-G-15-06009,,28.774874720346833,85.12040389924482,28.7683655,85.11943898037725,31.803566,0.665759502502189,5542.745,6189.2397
RGI2000-v7.0-G-15-06010,,28.771135742674964,85.10439266014511,28.7686275,85.11186761780537,31.459492,0.601674449377293,5452.825,6178.2812
RGI2000-v7.0-G-15-06011,,28.77524319080069,85.11494249270746,28.7723915,85.11298680973115,34.743214,0.157729060329254,5673.2856,6071.192
RGI2000-v7.0-G-15-06012,,28.772723377950182,85.09726758254368,28.771289,85.0979475,25.6437,0.031437841884566,5694.363,5846.891
RGI2000-v7.0-G-15-06013,,28.77631886933666,85.08101022651687,28.7720355,85.07963792771085,26.724266,0.793503920053752,5363.83,5997.3633
RGI2000-v7.0-G-15-06014,,28.781903827560587,85.07479693382201,28.777969,85.07300692273387,25.119959,0.191684348510421,5532.217,5907.9155
RGI2000-v7.0-G-15-06015,Woba Glacier,28.786681596958726,85.06959267990295,28.7770835,85.06420705581792,24.716694,2.200995187331969,5230.5166,6031.0576
RGI2000-v7.0-G-15-06016,,28.76732527533756,85.06691606735056,28.7694995,85.0660518518961,39.766052,0.288083530882879,5642.052,6035.021
RGI2000-v7.0-G-15-06017,,28.77801830326981,85.05403364061021,28.778709499999998,85.05289861958019,28.382252,0.024944111086263,5735.317,5838.562
RGI2000-v7.0-G-15-06018,,28.783184688723715,85.04819401701256,28.780572499999998,85.0496511775584,36.86248,0.147132907184272,5364.5107,5842.6064
RGI2000-v7.0-G-15-06019,,28.78634022081979,85.05255132007905,28.782764,85.05220943869895,33.16634,0.165595762325781,5402.534,5845.586
RGI2000-v7.0-G-15-06020,,28.785096842882353,85.05568603065717,28.7830205,85.05636867694253,26.63459,0.08067913029323,5563.697,5835.5767
RGI2000-v7.0-G-15-06021,,28.766414512197528,85.04454001266106,28.768822999999998,85.04802767404628,36.86065,0.241871565833835,5571.902,5980.7095
RGI2000-v7.0-G-15-06022,,28.76928060735285,85.03631133752428,28.7687195,85.04056979966154,28.97857,0.138321549778883,5370.8896,5777.5737
RGI2000-v7.0-G-15-06023,,28.788671422962924,85.04823945973033,28.778866,85.03737569681927,20.858076,2.117577926737941,5224.2617,5976.4194
RGI2000-v7.0-G-15-06024,,28.776299237146358,85.03411621376608,28.777585000000002,85.02960924763406,33.573322,0.094921242092411,5673.569,5918.3545
RGI2000-v7.0-G-15-06025,,28.7882739911562,85.02975774542672,28.7829155,85.03001505818415,36.2236,0.636018897197916,5354.605,5910.1084
RGI2000-v7.0-G-15-06026,,28.792876620760396,85.03650827231071,28.7895995,85.0355766581537,27.68798,0.316371426548953,5399.324,5779.537
RGI2000-v7.0-G-15-06027,,28.723776248397524,85.10284652485524,28.725459,85.10220378860295,43.28273,0.068529501474876,5888.9927,6122.599
RGI2000-v7.0-G-15-06028,,28.75462287201986,85.13311381994865,28.7573975,85.13414459539314,41.801636,0.220141038870732,5788.1357,6376.6924
RGI2000-v7.0-G-15-06029,,28.755297469387987,85.13591929687821,28.756891,85.13771272132277,42.86055,0.108912564941948,5966.977,6354.4277
RGI2000-v7.0-G-15-06030,,28.9292101844372,85.07804592361897,28.928063,85.0786295143979,32.547256,0.045206589012678,5723.7817,5854.193
RGI2000-v7.0-G-15-06031,,28.934372563330772,85.0706317775779,28.932777,85.0715578168116,30.642324,0.055363161693226,5606.658,5838.539
RGI2000-v7.0-G-15-06032,,28.940240730171617,85.0598064754748,28.941927999999997,85.06059871410454,25.467669,0.077884999374196,5766.995,5939.0894
RGI2000-v7.0-G-15-06033,,28.944688673289814,85.06083942621709,28.9441065,85.06126220689396,41.343807,0.024685840314114,5809.1333,5947.1816
RGI2000-v7.0-G-15-06034,,28.954118622850647,85.06756168018048,28.9534345,85.06409891193601,24.870642,0.112539782056453,5695.1104,5934.1323
RGI2000-v7.0-G-15-06036,,28.9562929307595,85.07445868845174,28.9552185,85.0738564654245,41.896923,0.043039008270493,5652.847,5914.9116
RGI2000-v7.0-G-15-06037,,28.949332227775372,85.09096533000854,28.9474235,85.08819513976817,32.773525,0.127272056468959,5628.124,5949.103
RGI2000-v7.0-G-15-06038,,28.97137640884653,85.05963620209252,28.970486,85.05991076282051,32.657555,0.021701874036453,5776.2773,5917.8335
RGI2000-v7.0-G-15-06039,,28.975435972994067,85.0630910337758,28.974403000000002,85.060867611739,29.383804,0.034900808137743,5740.8726,5912.749
RGI2000-v7.0-G-15-06041,,28.979345304627348,85.03669725946686,28.976782,85.03733690173812,24.254885,0.185283980480197,5669.812,5916.106
RGI2000-v7.0-G-15-06043,,28.972160901716826,85.04126705245713,28.9714275,85.0407704827669,31.875927,0.022230524723455,5789.215,5920.0835
RGI2000-v7.0-G-15-06044,,28.963177660199932,85.02970930565029,28.961914,85.0292174537037,39.393078,0.044755655732301,5723.461,5942.265
RGI2000-v7.0-G-15-06045,,28.95646526756522,85.0266855116399,28.9552805,85.02798026044842,36.34831,0.047285239464659,5664.2812,5888.6904
RGI2000-v7.0-G-15-06046,,28.81129053497781,84.90448771057757,28.804266,84.9061611846879,27.709797,1.117831736579413,5155.384,5926.9966
RGI2000-v7.0-G-15-06047,,28.799496106266346,84.89781218482177,28.800291,84.89904400244623,36.73649,0.088013076956515,5629.521,5918.4956
RGI2000-v7.0-G-15-06048,,28.79866562275829,84.89532413201465,28.8019345,84.8953927519802,35.29301,0.205292580756254,5531.833,6037.6997
RGI2000-v7.0-G-15-06049,,28.804974372972644,84.89709833841225,28.8039065,84.89639378526348,37.152966,0.038974160790624,5778.8364,5984.0103
RGI2000-v7.0-G-15-06050,,28.79927591115583,84.88855214013668,28.8028105,84.88909650679848,34.42647,0.376543810718061,5531.354,6051.891
RGI2000-v7.0-G-15-06051,,28.816144812837784,84.893846332723,28.8105455,84.89283606096333,37.173424,0.424706882665943,5237.0195,6050.9595
RGI2000-v7.0-G-15-06052,,28.816287147251778,84.88427020787603,28.8105125,84.88337160675977,27.604816,0.508089672880863,5230.319,6050.794
RGI2000-v7.0-G-15-06053,,28.81810462623072,84.87443268272273,28.811306000000002,84.87569603733063,22.799404,1.0227255848687,5272.0015,5959.23
RGI2000-v7.0-G-15-06054,,28.803816580084305,84.87329559157799,28.8044645,84.87417831123483,27.305883,0.049749142450138,5696.5815,5819.094
RGI2000-v7.0-G-15-06055,,28.806468416928844,84.8690494671748,28.805944,84.87043784173511,35.473705,0.053976058479111,5530.9717,5750.2153
RGI2000-v7.0-G-15-06056,,28.819505401350355,84.85878261226284,28.8172705,84.85603101033726,22.342709,0.306873633221995,5523.625,5844.658
RGI2000-v7.0-G-15-06057,,28.813361114354024,84.85007870081832,28.8150945,84.8509753620892,35.157917,0.134612340965193,5667.945,5882.627
RGI2000-v7.0-G-15-06058,,28.777484487119846,84.86703961000774,28.7741425,84.86867607638816,42.796104,0.127568890758323,5207.742,5888.2144
RGI2000-v7.0-G-15-06059,,28.775599088054975,84.87248962669057,28.7732575,84.87104951595745,41.792206,0.092970053958546,5399.7837,5840.2227
RGI2000-v7.0-G-15-06060,,28.77360556829883,84.87663535312028,28.771409,84.88004567987805,36.17008,0.233229595293201,5297.7305,5764.3857
RGI2000-v7.0-G-15-06061,,28.770762260402122,84.8920129670708,28.769087499999998,84.89198054826254,37.03755,0.087569302272024,5478.057,5752.2544
RGI2000-v7.0-G-15-06062,,28.772242519378413,84.90017122132484,28.7700015,84.8973169310166,27.330027,0.149041734556011,5253.15,5540.902
RGI2000-v7.0-G-15-06063,,28.792846547551772,84.90313541925757,28.7955125,84.90647520217924,36.08263,0.343827283016547,5405.9385,5928.685
RGI2000-v7.0-G-15-06064,,28.794561844321695,84.92168003683395,28.7960115,84.91539487766246,28.078823,0.687318502469526,5329.3833,5925.5093
RGI2000-v7.0-G-15-06065,,28.74982773741,84.83299826622974,28.750656,84.83561796100278,22.34311,0.171804320664283,5647.2954,5836.9854
RGI2000-v7.0-G-15-06066,,28.717456065217856,84.85963180591632,28.7164095,84.85888555369436,28.717253,0.058293736845794,5219.787,5389.3774
RGI2000-v7.0-G-15-06067,CN5O256B0018,28.84501323138164,84.80105722192424,28.843254,84.8026677493605,27.83242,0.164237481563583,5509.03,5814.2407
RGI2000-v7.0-G-15-06068,,28.84728746828419,84.79219620520989,28.848723,84.79020723924984,39.30885,0.05003884287063,5687.0396,5953.3647
RGI2000-v7.0-G-15-06069,,28.857244059579674,84.79154035506164,28.8533745,84.79045213797792,30.035725,0.350216011607963,5453.09,5955.098
RGI2000-v7.0-G-15-06070,,28.855538534241703,84.79659245183198,28.8530615,84.79421328881988,29.255854,0.190993055176507,5463.132,5945.3853
RGI2000-v7.0-G-15-06071,,28.857468740886468,84.78327205362638,28.852124500000002,84.78585708677568,31.015465,0.41654162670834,5379.166,6027.7915
RGI2000-v7.0-G-15-06072,,28.84752965631815,84.7741107888875,28.845252000000002,84.78019948439871,35.017998,0.442574876711727,5379.4653,6094.267
RGI2000-v7.0-G-15-06073,,28.83742158080642,84.7722272070327,28.838409,84.77456171944416,36.620766,0.089565823478491,5785.9194,6052.2266
RGI2000-v7.0-G-15-06074,,28.83425075445035,84.77102439566576,28.8349255,84.77128713018433,21.384674,0.023318488905925,5647.784,5724.207
RGI2000-v7.0-G-15-06075,,28.837550093381825,84.76939511357705,28.836413,84.76900637463447,32.768314,0.023218427157603,5488.78,5619.7026
RGI2000-v7.0-G-15-06076,,28.833115122219926,84.78298111843095,28.836987999999998,84.78296873924597,36.10057,0.379755257826296,5538.15,6109.0815
RGI2000-v7.0-G-15-06077,,28.839039269691717,84.79587340446183,28.840949000000002,84.78857695112441,26.099789,0.472298869463166,5258.5356,6001.8823
RGI2000-v7.0-G-15-06078,,28.845674360133053,84.69669854137291,28.8476255,84.69578854153266,26.492216,0.068884451733675,5745.8945,5931.9736
RGI2000-v7.0-G-15-06079,,28.85201654612505,84.6949806997445,28.8498865,84.69434780409816,26.54091,0.059069946829369,5776.496,5928.907
RGI2000-v7.0-G-15-06080,,28.8518187600102,84.6878922624642,28.84765,84.69050245589219,23.097527,0.242204864002905,5480.3223,5869.2773
RGI2000-v7.0-G-15-06081,,28.840096777513867,84.69664056802054,28.8382345,84.69234822724982,42.025223,0.159807645214257,5378.0625,6044.9014
RGI2000-v7.0-G-15-06082,,28.8201782246526,84.693330128381,28.815832999999998,84.69657626761777,25.425985,0.233456230343472,5508.2227,5958.57
RGI2000-v7.0-G-15-06083,,28.80120911515634,84.67906918944118,28.7995555,84.67666098450627,28.577406,0.078558659083273,5513.656,5824.6187
RGI2000-v7.0-G-15-06084,,28.8051781671354,84.67133486645804,28.8018305,84.67272046634069,26.919336,0.197131123925417,5735.2515,5982.644
RGI2000-v7.0-G-15-06085,,28.796157793808305,84.67262140391713,28.7958975,84.6718425769514,30.200321,0.027252513994998,5797.046,5886.374
RGI2000-v7.0-G-15-06086,,28.7927574767051,84.68199697951823,28.790729,84.67787916700516,28.057276,0.327577130703802,5451.8594,5912.7246
RGI2000-v7.0-G-15-06087,,28.787282139527708,84.67618536337342,28.788307500000002,84.67582883454648,23.942053,0.054817059022978,5784.153,5924.505
RGI2000-v7.0-G-15-06088,,28.849491052591606,84.5375858382286,28.8436275,84.5341011707317,23.143616,0.384858527255941,5617.8457,6109.1885
RGI2000-v7.0-G-15-06089,,28.822571368556783,84.52972097051068,28.827111000000002,84.52623533719097,20.809805,0.481192959705371,5739.627,6158.65
RGI2000-v7.0-G-15-06090,,28.80819640895984,84.50796675190333,28.804466,84.50007186760345,31.15928,0.630880096066162,5560.262,6352.206
RGI2000-v7.0-G-15-06091,,28.792853485158197,84.4897115833348,28.7913885,84.48884947143634,40.099712,0.10211469056841,6060.3115,6369.449
RGI2000-v7.0-G-15-06092,,28.779207352547264,84.4854668550926,28.783954,84.48745552139161,36.7808,0.273006032802446,6085.369,6436.5513
RGI2000-v7.0-G-15-06093,,28.781023156639673,84.4812871544716,28.782652499999998,84.48297599918925,33.981014,0.0752477969085,6135.354,6393.4644
RGI2000-v7.0-G-15-06094,,28.778772945882977,84.47984985563625,28.779491999999998,84.4788764692858,25.291235,0.074574677124579,6101.023,6274.8247
RGI2000-v7.0-G-15-06095,,28.777493707243323,84.51108348850414,28.756321,84.47733698402061,22.253227,10.597698168567218,4939.283,6795.4844
RGI2000-v7.0-G-15-06096,,28.645397408275052,84.35063206549333,28.6574645,84.31914415700666,33.326107,4.269787064609188,4421.6562,6745.085
RGI2000-v7.0-G-15-06097,,28.649247261617784,84.18027025694484,28.649839,84.18588676118787,37.924957,0.357924272821004,5443.1123,6069.3213
RGI2000-v7.0-G-15-06098,,28.64464130958262,84.18046334156212,28.6447345,84.18392006334301,42.626358,0.1157241081224,5639.0654,6036.6987
RGI2000-v7.0-G-15-06099,,28.51866786650886,84.20933812646099,28.501936,84.20968409285885,29.319897,2.885104073286684,3835.8335,5715.334
RGI2000-v7.0-G-15-06100,,28.508185570922052,84.22210880407397,28.4945235,84.22042959144144,28.418497,2.604733676494095,4462.1143,5887.5503
RGI2000-v7.0-G-15-06101,,28.49861355670224,84.23301888195667,28.490539,84.23927355520684,26.159618,1.50394018818085,4800.5664,5538.72
RGI2000-v7.0-G-15-06102,,28.499364924306395,84.24462423739885,28.4897195,84.25152737082816,20.65263,1.451953628711023,4797.6772,5603.656
RGI2000-v7.0-G-15-06103,,28.49603520734452,84.25660291444171,28.488681,84.26192538642994,20.777845,0.845544281879348,4997.963,5695.1953
RGI2000-v7.0-G-15-06104,,28.492289448615015,84.28078817354077,28.491114500000002,84.27027412938278,21.317389,0.555574447903981,4931.297,5310.4756
RGI2000-v7.0-G-15-06105,,28.485802333928262,84.28115378149717,28.4787805,84.27721755408828,21.021818,1.710532604343332,4773.5234,5497.07
RGI2000-v7.0-G-15-06106,,28.47621643730434,84.28664742012577,28.473488,84.2846017706895,28.633028,0.177068847723817,5024.9795,5453.946
RGI2000-v7.0-G-15-06107,,28.472398094120816,84.29160727462485,28.4702745,84.29109781883994,26.819452,0.098009312095241,4771.6875,5020.076
RGI2000-v7.0-G-15-06108,,28.468109692124877,84.26876037220586,28.4721295,84.26743298241692,24.00299,0.262590801534545,4915.0767,5298.6777
RGI2000-v7.0-G-15-06109,,28.46962681175015,84.26217441367264,28.472898,84.26343793088714,26.265337,0.140712419400047,4900.7793,5255.0093
RGI2000-v7.0-G-15-06110,,28.46992102115197,84.25732655651542,28.474251,84.25867612677274,26.87535,0.31137593184036,4762.49,5276.644
RGI2000-v7.0-G-15-06112,,28.464257477463306,84.24364838315398,28.464239,84.23975057857143,28.688437,0.168282419559172,4905.138,5236.9204
RGI2000-v7.0-G-15-06113,,28.46479178557027,84.22747277561704,28.464703,84.2296670404157,27.577797,0.140285905177075,4821.0625,5028.4365
RGI2000-v7.0-G-15-06114,,28.468995035835835,84.2207780953695,28.4700935,84.22380507505517,32.04825,0.157140823265102,4652.894,4987.418
RGI2000-v7.0-G-15-06115,,28.474159980369603,84.22257905798935,28.476215,84.22289483531705,40.631134,0.092500848026237,5176.764,5545.843
RGI2000-v7.0-G-15-06116,,28.468244132546495,84.21446604056304,28.4754805,84.21319669440553,20.869566,1.270251599917811,4482.054,5131.7056
RGI2000-v7.0-G-15-06117,,28.442259544282376,84.23606912077994,28.441041,84.23909683547257,22.893269,0.092085469785387,4730.999,4938.0967
RGI2000-v7.0-G-15-06119,,28.447228257103152,84.24569984244938,28.445234,84.24525669521557,23.925001,0.130905415879331,4849.202,5138.02
RGI2000-v7.0-G-15-06120,,28.462755467417395,84.48640585954038,28.461243,84.4875146716216,26.074379,0.059335634886805,4907.5356,5074.5005
RGI2000-v7.0-G-15-06121,,28.49832314343581,84.53323893425085,28.4998185,84.53948506967214,34.92983,0.40653051905003,4639.2646,5449.137
RGI2000-v7.0-G-15-06122,,28.48016058679945,84.49408387402553,28.5179585,84.5498680545438,27.70702,24.767309467060098,4031.0745,7697.618
RGI2000-v7.0-G-15-06123,,28.545493760987746,84.57132576342897,28.547857999999998,84.56669538087341,60.610065,0.188025933358781,6283.269,7325.6426
RGI2000-v7.0-G-15-06124,,28.596604651744194,84.62896489942717,28.5746915,84.57500275562458,26.190434,16.22223916408226,3617.0566,7993.0454
RGI2000-v7.0-G-15-06125,,28.58220173701411,84.54384578501823,28.5816615,84.54733911700183,40.39772,0.065638603986967,6354.008,6811.704
RGI2000-v7.0-G-15-06126,,28.537916837314604,84.48070486897166,28.543735,84.48489797817955,28.960472,0.533208189596476,5055.0127,5789.1377
RGI2000-v7.0-G-15-06127,,28.98093929785534,85.3175386679956,28.9794465,85.31845241145797,39.891655,0.064422063366073,5438.489,5715.9043
RGI2000-v7.0-G-15-06128,,28.13204043893906,85.50843575923989,28.128999999999998,85.50004355455353,25.869888,0.900814641234728,4891.972,5534.4614
RGI2000-v7.0-G-15-06129,,28.12607344882365,85.51556949280376,28.1216195,85.5034230513601,23.612846,1.419047353472318,4765.035,5620.925
RGI2000-v7.0-G-15-06130,,28.119637439246283,85.51626368645648,28.118575999999997,85.51366689556963,25.330751,0.105665916322297,5022.4536,5206.106
RGI2000-v7.0-G-15-06131,,28.1103810159727,85.51436286146229,28.1107485,85.51299752822581,22.601173,0.03227914955382,5003.294,5080.785
RGI2000-v7.0-G-15-06132,,28.13714330049918,85.52624837064472,28.137421500000002,85.52351344063706,23.076214,0.072617135044065,5107.339,5268.056
RGI2000-v7.0-G-15-06133,,28.14200921250377,85.52674405471502,28.143506000000002,85.51930908651323,21.325274,0.31159674436996,4963.9634,5311.0464
RGI2000-v7.0-G-15-06134,,28.145912318737917,85.52345704379194,28.148743500000002,85.51758387591215,21.675295,0.40401714478445,5074.7114,5465.9795
RGI2000-v7.0-G-15-06135,,28.1445357850008,85.53307389197387,28.150947000000002,85.53326972047242,23.557043,0.671391051755484,4999.531,5807.6343
RGI2000-v7.0-G-15-06136,,28.15238706682554,85.54717084315796,28.1499735,85.54200147526683,28.145287,0.349991819265781,4940.6,5549.906
RGI2000-v7.0-G-15-06137,,28.150024139473057,85.55113734161995,28.1477215,85.54647448372492,30.329979,0.267988708730384,4956.495,5524.333
RGI2000-v7.0-G-15-06138,,28.143583395123823,85.54789242870594,28.144661,85.55014914720421,27.045122,0.132594595116665,5132.2183,5341.176
RGI2000-v7.0-G-15-06140,,28.129894857912983,85.60863301304913,28.1311005,85.61609153519062,21.324646,0.332995506308272,4934.225,5339.1865
RGI2000-v7.0-G-15-06142,,28.128101787566703,85.60690492841226,28.127359,85.60815818421253,31.730663,0.033047931150422,4997.675,5144.9976
RGI2000-v7.0-G-15-06143,,28.133003264091087,85.66643321245297,28.138713,85.67105047766324,26.813906,0.93893380261347,4841.432,5759.6616
RGI2000-v7.0-G-15-06144,,28.134718910800164,85.6787292509739,28.1363365,85.68063350150274,27.521992,0.125310051091004,5006.19,5202.1626
RGI2000-v7.0-G-15-06145,,28.131228568695537,85.68250141026424,28.1340275,85.68506838341969,30.303957,0.133292099211461,4785.1543,5198.1567
RGI2000-v7.0-G-15-06146,,28.13102479457445,85.69402371288663,28.1315495,85.6928477274866,34.33861,0.022855004420635,5244.6455,5351.3506
RGI2000-v7.0-G-15-06147,,28.138524798687488,85.69795400000007,28.1356815,85.6948444250512,35.97154,0.150258963332198,4885.8867,5408.69
RGI2000-v7.0-G-15-06148,,28.129362315853605,85.70012153247642,28.1286165,85.69894965026738,27.337893,0.075868414127811,4931.028,5088.1104
RGI2000-v7.0-G-15-06149,,28.127480072294937,85.69179699213515,28.12505,85.69695331395349,23.411743,0.267484306881852,4993.8955,5205.094
RGI2000-v7.0-G-15-06151,,28.142797668943885,85.71703636069358,28.145134,85.71784081011167,38.498158,0.096942127845166,5233.003,5619.9863
RGI2000-v7.0-G-15-06152,,28.142555472162265,85.72372277651823,28.147164500000002,85.72222466880129,30.370377,0.40914362776067,4936.8384,5614.878
RGI2000-v7.0-G-15-06153,,28.14354508287944,85.74785930256573,28.142595999999998,85.7492176761427,30.12088,0.072337690340971,4994.1313,5230.59
RGI2000-v7.0-G-15-06155,,28.127784239592824,85.76196233256697,28.135930000000002,85.7686110900222,28.423466,1.091251387892933,4792.107,5664.011
RGI2000-v7.0-G-15-06156,,28.129829500912095,85.77973175879211,28.131713,85.77814166311302,35.59989,0.09564204962372,4859.2217,5166.882
RGI2000-v7.0-G-15-06157,,28.138029868695924,85.78910759568613,28.144056499999998,85.78142334187294,34.100803,1.325384951927627,4626.718,6062.2275
RGI2000-v7.0-G-15-06158,,28.14628860315064,85.77280433348466,28.1490515,85.77383258186813,42.903027,0.146732701418716,5738.0186,6238.9067
RGI2000-v7.0-G-15-06159,,28.155882454317336,85.78471146366739,28.156308,85.78189225,40.754303,0.222250664797884,5958.562,6449.057
RGI2000-v7.0-G-15-06160,,28.11701838453134,85.79525767521847,28.157348,85.797079796588,22.4415,11.356201845382317,3917.5898,6802.592
RGI2000-v7.0-G-15-06161,,28.136742815015804,85.80787927052485,28.137591,85.81090389745223,34.063614,0.148990818058844,4788.79,5191.1104
RGI2000-v7.0-G-15-06162,,28.13487315362936,85.81293633471769,28.134297500000002,85.81438608574496,36.09971,0.026077585232873,5243.005,5423.227
RGI2000-v7.0-G-15-06163,,28.134635621174247,85.8209352178157,28.1326085,85.81898262449386,28.781141,0.136953429126178,4958.746,5165.6006
RGI2000-v7.0-G-15-06164,,28.1247696365459,85.81229066912614,28.124670000000002,85.81480231779662,32.765694,0.14361408433665,4843.2505,5161.8213
RGI2000-v7.0-G-15-06165,,28.14272360829425,85.82525500247044,28.145314,85.82404676241364,33.9892,0.156316255488128,4837.5537,5237.027
RGI2000-v7.0-G-15-06166,,28.116598607975256,85.83601244729152,28.159529,85.83247556540854,20.451605,14.396828204351955,3891.359,6616.3496
RGI2000-v7.0-G-15-06167,,28.17173569033281,85.82436402727853,28.1743785,85.81799944888432,42.24409,0.463251523572441,5714.7803,6517.2954
RGI2000-v7.0-G-15-06168,,28.174012663203715,85.81149376909126,28.175733,85.81517042170785,42.241894,0.170324971550862,5980.3086,6514.1973
RGI2000-v7.0-G-15-06169,,28.20589389365667,85.83371585205688,28.202512,85.83195507567851,28.477884,0.421721227091335,4882.532,5633.864
RGI2000-v7.0-G-15-06170,,28.211141051457453,85.84940773460596,28.1979685,85.83971174851897,25.979143,4.832909166472779,4355.907,6627.1074
RGI2000-v7.0-G-15-06171,,28.192869884117382,85.86763565979487,28.1792155,85.85635602426203,22.49148,3.779991238521277,4745.5757,5968.7256
RGI2000-v7.0-G-15-06172,,28.1714285604961,85.89230339171849,28.1577475,85.87316408791132,28.376196,2.285207398959099,4415.1724,6472.01
RGI2000-v7.0-G-15-06173,,28.140026674241643,85.88284011102448,28.139926,85.88060102160401,21.170322,0.123345285349432,5155.4043,5338.9478
RGI2000-v7.0-G-15-06175,,28.132626668927372,85.87245399924774,28.129897,85.86941782817404,46.04669,0.266884073904483,6062.146,6519.5034
RGI2000-v7.0-G-15-06176,,28.13140959611228,85.8614142550884,28.134155,85.86771900380624,36.13276,0.848165296010723,5896.483,6583.7017
RGI2000-v7.0-G-15-06177,,28.13102636891044,85.83766786747348,28.1373215,85.85245112684211,25.565777,3.20354325047037,4522.541,6052.576
RGI2000-v7.0-G-15-06178,,28.127577988724756,85.84662413533059,28.128261000000002,85.85162255575348,34.73501,0.156140012307052,5020.907,5577.6904
RGI2000-v7.0-G-15-06179,,28.122604585896735,85.85126402189873,28.123587999999998,85.85199518656094,39.277756,0.030438471548537,5043.2036,5207.9844
RGI2000-v7.0-G-15-06180,,28.11979664854819,85.84720620447277,28.1204125,85.85124299382335,36.258453,0.211323462495597,4657.857,5267.0015
RGI2000-v7.0-G-15-06181,,28.10714207115683,85.85644875963331,28.112156,85.86973551039458,29.430536,2.351478325687836,4477.2837,5988.81
RGI2000-v7.0-G-15-06182,,28.0956482131641,85.86907295574052,28.0993255,85.8671348075232,34.00494,0.233580564558265,4906.404,5554.2583
RGI2000-v7.0-G-15-06183,,28.102184936995986,85.85580437584815,28.096384,85.85805908374763,32.03452,0.292994315793196,4480.7812,5351.442
RGI2000-v7.0-G-15-06184,,28.08865005772848,85.87468859407639,28.102809,85.88439905337637,25.152033,2.409836525212152,4481.7534,5991.6074
RGI2000-v7.0-G-15-06185,,28.129508249299956,85.89921295604296,28.116338,85.8936119674182,27.634838,1.733406376154129,4848.7173,6020.811
RGI2000-v7.0-G-15-06186,,28.126600950779945,85.91071199217569,28.123868,85.91120725797157,27.323027,0.134294786480986,5354.543,5645.6265
RGI2000-v7.0-G-15-06187,,28.139568931410714,85.9195607365231,28.1296565,85.91820723770083,20.815264,1.167818613639171,4852.8784,5615.3647
RGI2000-v7.0-G-15-06188,,28.129726804002512,85.92267157449068,28.1292945,85.92419055936006,32.527172,0.080989935410703,5362.6333,5559.825
RGI2000-v7.0-G-15-06189,,28.125998548833277,85.93176348121861,28.1248265,85.92731693837658,26.74138,0.122136618331704,5239.523,5588.9395
RGI2000-v7.0-G-15-06190,,28.119165783040142,85.92895435804805,28.1186495,85.92712337126639,29.467016,0.032573811318125,5235.867,5357.894
RGI2000-v7.0-G-15-06191,,28.112991586258122,85.92967214580491,28.112731500000002,85.92885183967391,26.63703,0.014917581708595,5267.6587,5341.3296
RGI2000-v7.0-G-15-06192,,28.112777945180266,85.93293129870393,28.1112975,85.93224067664234,36.051483,0.070815765202308,5057.266,5279.3066
RGI2000-v7.0-G-15-06193,,28.11060345796977,85.93532235120574,28.109355,85.93447091189427,34.548126,0.047993450149094,5213.5596,5472.7886
RGI2000-v7.0-G-15-06194,,28.103525104759232,85.93896013027268,28.1038645,85.93836616361918,29.794838,0.011052108164308,5247.7964,5325.098
RGI2000-v7.0-G-15-06195,Chongduipu Glacier,28.10081528077418,85.93976281833561,28.1000365,85.9387895124622,25.409328,0.060430558788256,5118.93,5229.504
RGI2000-v7.0-G-15-06196,,28.10365880669903,85.95481132317624,28.101719,85.95429841662067,32.108196,0.105745502117511,5041.731,5324.4136
RGI2000-v7.0-G-15-06197,Duoerlei Glacier,28.09746160485986,85.9260251621734,28.103347499999998,85.91735193860913,25.65504,3.930200056886739,4623.6797,5932.5806
RGI2000-v7.0-G-15-06198,,28.082543834720042,85.90519633034663,28.0845135,85.9029280966464,27.187973,0.122098262782593,5103.491,5380.36
RGI2000-v7.0-G-15-06199,,28.089816424087438,85.88243900183366,28.083907500000002,85.89169942623074,23.826368,2.164877778987228,4556.3394,5465.824
RGI2000-v7.0-G-15-06200,,28.072334369401304,85.88415738713383,28.0722325,85.8888639334865,30.666233,0.264517422077255,4686.2817,5290.987
RGI2000-v7.0-G-15-06201,,28.067775173761575,85.88865410770323,28.067596,85.88977069946438,25.455341,0.027645041915142,4934.981,5035.4175
RGI2000-v7.0-G-15-06202,,28.071868374912707,85.8995767941147,28.073526,85.89862156021897,28.826244,0.118818707386763,5088.0747,5364.1914
RGI2000-v7.0-G-15-06203,,28.054865806331332,85.90804196505826,28.053867,85.90724057915833,35.070774,0.064464157705453,5013.739,5245.304
RGI2000-v7.0-G-15-06204,,28.043961169385543,85.90048238814036,28.0479845,85.90417407558576,31.179987,0.313389323054946,4727.048,5405.728
RGI2000-v7.0-G-15-06205,,28.051927347125122,85.89305860871046,28.0510515,85.89561393924555,20.020748,0.168240745613008,4834.223,5024.6865
RGI2000-v7.0-G-15-06206,,28.039898948185943,85.89825852483227,28.038853,85.89936493894231,22.056942,0.022816277738377,4813.0806,4910.699
RGI2000-v7.0-G-15-06207,,28.040933651371407,85.91946421275551,28.0457655,85.91540073421528,20.34316,0.581644279085516,4903.9463,5397.621
RGI2000-v7.0-G-15-06208,,28.04957455518887,85.9211642464309,28.0495385,85.91928440572312,24.025492,0.110813131178255,5036.659,5269.095
RGI2000-v7.0-G-15-06209,,28.053852612965304,85.92781399634596,28.0528825,85.92258908313357,20.565302,0.228181801357422,4943.1543,5163.927
RGI2000-v7.0-G-15-06210,,28.054896653509918,85.91587121083495,28.053621,85.9149469793123,33.941166,0.047844203668582,4996.6216,5187.0073
RGI2000-v7.0-G-15-06211,,28.1353574562892,85.93196451092108,28.1343665,85.9307789074848,40.128174,0.076335744206889,5094.349,5322.4277
RGI2000-v7.0-G-15-06212,,28.111850900965873,86.0488775905152,28.11088,86.05207746538053,36.759842,0.130728466019784,5155.1304,5652.439
RGI2000-v7.0-G-15-06213,,28.10769216784413,86.05252396308046,28.1079225,86.05379780686188,37.351826,0.055377886316968,5389.976,5651.2773
RGI2000-v7.0-G-15-06214,,28.11640242828559,86.06445942635187,28.1105565,86.07002945753968,32.150764,0.578439880787766,4765.147,5799.887
RGI2000-v7.0-G-15-06215,,28.09149252640342,86.06534466817351,28.095881499999997,86.0710014237838,27.037706,0.819582705132755,4882.952,5835.6177
RGI2000-v7.0-G-15-06216,,28.10249875774309,86.09881565420478,28.099562,86.0828478365683,20.023735,1.642351760231361,4792.473,5740.1084
RGI2000-v7.0-G-15-06217,,28.086384924342926,86.09149219907366,28.088527499999998,86.08918972327436,28.600079,0.298692537231935,5136.34,5567.0527
RGI2000-v7.0-G-15-06218,,28.081383643921964,86.10259566182809,28.079159,86.09056270304953,27.276583,0.845642141503064,4735.1626,5953.337
RGI2000-v7.0-G-15-06219,Quemobamare Glacier,28.071696364775715,86.08098142429581,28.072816000000003,86.08420249841251,36.574387,0.110075535135338,5466.3965,5956.2744
RGI2000-v7.0-G-15-06220,,28.066803830291214,86.06689745066898,28.0631395,86.09002820906883,29.187521,1.564834311262021,4618.736,6024.4165
RGI2000-v7.0-G-15-06221,,28.074945583631226,86.10508361776935,28.069256,86.09799079481819,37.628647,0.604282366607556,4396.624,5711.799
RGI2000-v7.0-G-15-06222,,28.066497139663465,86.10892916350049,28.0653445,86.10911133367557,30.501425,0.056515807019376,4831.5015,5041.0015
RGI2000-v7.0-G-15-06223,,28.050936816388443,86.10125758482742,28.054769,86.09695709514331,32.12089,0.726931007877352,4941.761,5500.0024
RGI2000-v7.0-G-15-06224,,28.048042740906016,86.09441779294708,28.049742000000002,86.08920059857144,37.435986,0.146250688355684,5242.5264,5924.4785
RGI2000-v7.0-G-15-06225,,28.04695131490722,86.08836629315327,28.0473065,86.08770864751662,46.631474,0.023770932539576,5623.1494,5800.3247
RGI2000-v7.0-G-15-06226,,28.040861470168906,86.081970088218,28.043189499999997,86.08595453452091,31.297268,0.259117716948707,5108.7246,5532.125
RGI2000-v7.0-G-15-06227,,28.049625188883624,86.0758026203574,28.051006,86.0821057866242,38.04089,0.082331066508466,4903.591,5455.4717
RGI2000-v7.0-G-15-06228,Quemobamare,28.0535336965609,86.07621596059872,28.0557555,86.08110118046213,34.038456,0.343561925260539,5022.9634,5917.416
RGI2000-v7.0-G-15-06229,,28.06276693458008,86.07787344816731,28.0608675,86.07880545938184,30.92022,0.10375166900161,5121.2065,5493.329
RGI2000-v7.0-G-15-06230,,28.077884959691477,86.06889965816927,28.082314,86.07722176599802,30.873474,1.382065182890282,4749.3037,5987.396
RGI2000-v7.0-G-15-06231,,28.09038832817273,86.0988726135983,28.0932765,86.09993104735449,21.8937,0.270388970275417,5027.286,5315.0806
RGI2000-v7.0-G-15-06232,,28.090765480397877,86.10781911609924,28.091865,86.10826310624999,28.200502,0.031124258790995,5146.271,5262.4854
RGI2000-v7.0-G-15-06233,,28.087827672425796,86.11260465033247,28.0897965,86.11486918092105,30.363335,0.083624394032516,5054.1455,5369.4067
RGI2000-v7.0-G-15-06234,,28.10944935705239,86.10032558568615,28.111321,86.10084698078033,28.427052,0.078446387712925,5366.24,5576.7896
RGI2000-v7.0-G-15-06235,,28.111485006328984,86.095050606148,28.113948,86.09763249049803,29.025185,0.215754201676968,5231.12,5615.878
RGI2000-v7.0-G-15-06237,,28.124729729836503,86.11032030922024,28.1215875,86.10589318588495,24.324041,0.387210439003664,5068.6587,5593.5596
RGI2000-v7.0-G-15-06238,,28.117689879907243,86.12118537341767,28.1168555,86.11029808783783,20.285517,0.959897370648193,5016.0835,5605.515
RGI2000-v7.0-G-15-06239,,28.12446787626282,86.11219817637469,28.1234555,86.11482792672822,27.54257,0.048796505920575,5080.7715,5238.765
RGI2000-v7.0-G-15-06244,,28.141387120136667,86.08900787579317,28.1430655,86.08084606456237,22.417322,0.274419220858256,5300.333,5578.955
RGI2000-v7.0-G-15-06245,,28.144094004152024,86.07575904893233,28.142116,86.07705334324324,28.903017,0.084642611744519,5264.264,5525.482
RGI2000-v7.0-G-15-06246,,28.144930287670235,86.07528817737742,28.1455245,86.07671117334758,25.054136,0.03846559552426,5254.334,5365.9604
RGI2000-v7.0-G-15-06247,,28.152443778830552,86.07277933543995,28.151480999999997,86.07837594205299,24.21552,0.409527449224747,5000.0757,5554.5205
RGI2000-v7.0-G-15-06249,,28.169307077185312,86.08120226791749,28.168899,86.08043611139456,43.072613,0.024342294809987,5224.632,5457.526
RGI2000-v7.0-G-15-06250,,28.168132638192592,86.0717690810287,28.169972,86.07453779535865,24.115993,0.124277532810191,5250.1714,5476.6157
RGI2000-v7.0-G-15-06252,,28.17935676064838,86.07042836619755,28.1790905,86.06792471513157,26.322899,0.170563986892702,5380.471,5729.032
RGI2000-v7.0-G-15-06253,,28.17895544852453,86.06046478264308,28.1803615,86.06040412539332,38.93612,0.027903114039155,5563.1426,5797.4546
RGI2000-v7.0-G-15-06254,,28.177069557067256,86.05434873048863,28.178141500000002,86.05672041509028,24.444803,0.12021760345013,5293.36,5523.3477
RGI2000-v7.0-G-15-06255,,28.187751978236257,86.05050299753484,28.186035,86.0519111268005,30.086842,0.069398994739985,5252.092,5514.824
RGI2000-v7.0-G-15-06256,,28.187467508614205,86.06427847713873,28.186135,86.0680538092723,28.405085,0.149354131546311,5093.564,5262.5073
RGI2000-v7.0-G-15-06261,,28.240944600066236,86.11278313736284,28.238452000000002,86.1090496896426,23.596323,0.179689717053117,5496.3955,5728.581
RGI2000-v7.0-G-15-06262,,28.248381265025852,86.10759625146835,28.2444075,86.10738132304526,23.336811,0.398651155310959,5292.662,5564.119
RGI2000-v7.0-G-15-06263,,28.249565980171067,86.12790734302217,28.250276,86.12928119739644,27.063446,0.051996233406755,5531.5444,5748.5977
RGI2000-v7.0-G-15-06266,,28.24481484388694,86.13354874979687,28.244372499999997,86.13634112202809,23.689472,0.246974692915369,5468.5137,5840.9517
RGI2000-v7.0-G-15-06267,,28.236515043840605,86.14834715970159,28.2403665,86.14619835781171,20.988968,0.3524617039172,5534.416,5846.8867
RGI2000-v7.0-G-15-06269,,28.230902679171383,86.1556525090941,28.2301015,86.15605728949197,34.244873,0.015679047009424,5556.5913,5686.2847
RGI2000-v7.0-G-15-06271,,28.2029337187829,86.1661499548562,28.203995,86.17061092056075,24.15916,0.274438606035049,5163.26,5585.629
RGI2000-v7.0-G-15-06272,,28.19446104411118,86.16566009018574,28.193964,86.17395301735016,24.215813,0.827419098232096,5036.6274,5686.5596
RGI2000-v7.0-G-15-06273,,28.185936409850395,86.17430230290229,28.18696,86.17719570610687,23.492832,0.095961211534578,5296.071,5535.6074
RGI2000-v7.0-G-15-06274,,28.195155570697885,86.18547005402677,28.1933505,86.18549555723149,24.394468,0.107000170770013,5295.221,5619.2725
RGI2000-v7.0-G-15-06275,,28.177181623511824,86.19332115806026,28.1787845,86.1888422739486,22.568687,0.396058791090517,5310.476,5604.4272
RGI2000-v7.0-G-15-06276,,28.17807923206746,86.18248139013025,28.1779965,86.18348263749999,30.160673,0.028124334966367,5409.2563,5529.641
RGI2000-v7.0-G-15-06277,,28.175995667150143,86.17620489226931,28.175470500000003,86.18006160312501,22.376863,0.15358091472494,5136.603,5438.1284
RGI2000-v7.0-G-15-06278,,28.168606359059787,86.1782344641891,28.169746500000002,86.17778799999999,21.857159,0.020294661040545,5351.2065,5449.6616
RGI2000-v7.0-G-15-06279,,28.169554714824212,86.18439756609197,28.170999000000002,86.18808508053692,21.705372,0.109498219966416,5362.0244,5637.533
RGI2000-v7.0-G-15-06280,,28.173303908496536,86.15757030234498,28.173334,86.16159604583333,20.986776,0.122183867474503,5227.709,5459.337
RGI2000-v7.0-G-15-06282,,28.196418432490354,86.1347522056429,28.1962585,86.13570821207304,27.64893,0.033659444072728,5336.296,5434.7607
RGI2000-v7.0-G-15-06283,,28.205660710627342,86.13572864462598,28.2046275,86.13624494388729,24.410946,0.048272443825903,5336.465,5444.4243
RGI2000-v7.0-G-15-06284,,28.156726656058726,86.11580796579557,28.153035000000003,86.11238030060606,20.262436,0.343329789005413,5039.4067,5333.707
RGI2000-v7.0-G-15-06285,,28.14423618596219,86.09838020527326,28.1446015,86.10175750574113,26.340406,0.475059232964094,5146.154,5475.9707
RGI2000-v7.0-G-15-06286,,28.132005529689195,86.07461089291179,28.131082499999998,86.07527516512371,34.265507,0.057639048025175,5238.8823,5463.7163
RGI2000-v7.0-G-15-06287,,28.050870624366514,86.04803971117825,28.048597,86.04915255985063,35.53202,0.08120539860523,4981.2334,5335.0254
RGI2000-v7.0-G-15-06288,,28.047611478333287,86.03776074478823,28.046665500000003,86.04488179954268,21.894772,0.240372367322812,4832.267,5191.2725
RGI2000-v7.0-G-15-06289,,28.039209946420446,86.04952677777632,28.0400715,86.05086641340753,22.03421,0.054979270384532,5099.1357,5213.1577
RGI2000-v7.0-G-15-06290,,28.03314656442687,86.05649042817254,28.033783999999997,86.05794217287449,31.083763,0.120839889144607,5085.558,5329.162
RGI2000-v7.0-G-15-06291,,28.03697034364349,86.06353805570241,28.034364,86.062107,30.546322,0.170085094364308,5027.9595,5368.354
RGI2000-v7.0-G-15-06292,,28.03303165348039,86.0686861367926,28.03053,86.0672398831378,29.174097,0.180621146490105,5060.375,5385.0996
RGI2000-v7.0-G-15-06293,,28.03340067232969,86.07303101308817,28.029401999999997,86.07270745323129,25.99225,0.357832373877687,4953.3726,5403.84
RGI2000-v7.0-G-15-06294,,28.030640895502295,86.07630373140425,28.029183,86.0793748353688,21.820957,0.223874362252419,5049.4536,5316.063
RGI2000-v7.0-G-15-06296,,28.035135970711558,86.08390063419714,28.033028,86.08784996239449,20.795683,0.180126440012572,5140.795,5332.865
RGI2000-v7.0-G-15-06297,,28.02656743534456,86.09507775104514,28.0227945,86.08408372787224,29.747883,0.557399453914437,4911.2188,5844.428
RGI2000-v7.0-G-15-06298,,28.023129932662748,86.09392644746109,28.017176499999998,86.08879104619565,27.106445,0.944052499241658,4987.438,5751.683
RGI2000-v7.0-G-15-06299,,28.025265620956592,86.10096358830026,28.0149125,86.09678701526539,22.43116,1.145273140893023,4842.9585,5731.379
RGI2000-v7.0-G-15-06301,,28.017736664700813,86.10337056199832,28.018520000000002,86.10827715908385,22.463453,0.322020697110937,5075.412,5409.4297
RGI2000-v7.0-G-15-06302,,28.025887448400344,86.10578575488378,28.0238725,86.10590213510355,38.63808,0.048910562464506,4944.418,5262.4614
RGI2000-v7.0-G-15-06303,,28.01032934986311,86.11395507197363,28.00069,86.10411192459816,21.316557,2.744821437014677,4694.555,5698.761
RGI2000-v7.0-G-15-06304,,27.990142958208462,86.09558766325463,27.990488499999998,86.0969009518291,43.42495,0.058770271050511,5219.249,5507.039
RGI2000-v7.0-G-15-06305,,27.991569279444953,86.08880701244391,27.99363,86.09216051569038,30.109056,0.152182851493859,4867.053,5278.5444
RGI2000-v7.0-G-15-06306,,27.993342278744045,86.08233751876068,27.9951565,86.08533808890901,30.42243,0.126598359950399,5030.1304,5357.0044
RGI2000-v7.0-G-15-06307,,27.99947811271775,86.07804692711302,27.9977585,86.08582463375869,33.94721,0.266189792521876,4725.1245,5414.478
RGI2000-v7.0-G-15-06308,,28.00310355806362,86.08052637752257,28.001102500000002,86.08580427083633,31.393589,0.373488366336117,4857.1333,5513.937
RGI2000-v7.0-G-15-06309,,28.014933617305882,86.07259242974895,28.014018,86.0737746948956,35.693634,0.098309721117024,4928.2373,5185.4805
RGI2000-v7.0-G-15-06310,,28.018961944065502,86.0661726503202,28.0204325,86.07069439248532,25.614588,0.289206870052344,4847.4165,5276.537
RGI2000-v7.0-G-15-06311,,27.99100082723201,86.11239171673759,27.9882125,86.10732395343884,25.893124,0.354531406728702,5023.2812,5369.529
RGI2000-v7.0-G-15-06312,,27.987124385706874,86.11581313083609,27.980001,86.11264478994602,24.846708,1.356010603217291,4815.5283,5635.7334
RGI2000-v7.0-G-15-06313,,27.97730145025924,86.1199705907507,27.9727645,86.11296103433538,37.97976,0.548871038098692,4728.2417,5790.153
RGI2000-v7.0-G-15-06314,,27.96692708699004,86.11784751183153,27.966606,86.11519265929653,42.041397,0.156207499820938,4964.708,5538.864
RGI2000-v7.0-G-15-06315,,27.9709978105749,86.09609314707443,27.969681,86.1025840086605,38.73781,0.19321654767081,4892.1826,5714.9956
RGI2000-v7.0-G-15-06316,,27.96501900343142,86.09948703732427,27.965842000000002,86.10061266509032,40.915596,0.058429567157236,5124.2383,5450.796
RGI2000-v7.0-G-15-06317,,27.980201005399106,86.09265497808032,27.9745075,86.10175495847805,30.6791,0.71785839669249,4858.528,5779.4155
RGI2000-v7.0-G-15-06318,,27.983288203062788,86.09302101294878,27.9805825,86.10068548351649,31.108946,0.450341640355474,4830.4087,5578.848
RGI2000-v7.0-G-15-06319,,27.95915973376394,86.09219538531673,27.958059,86.09443169892857,23.553371,0.598557061013628,4855.674,5356.3657
RGI2000-v7.0-G-15-06320,,27.956271478305926,86.09209400451688,27.954645999999997,86.09377835076026,30.398697,0.075753901380438,4911.35,5196.399
RGI2000-v7.0-G-15-06321,,27.94998756370104,86.10104333749341,27.950601,86.10083888059398,34.58537,0.014192158995434,5099.0586,5213.6934
RGI2000-v7.0-G-15-06323,,27.94704776064915,86.11272680265178,27.947864000000003,86.11352884670339,35.684093,0.020822621348509,5177.58,5339.818
RGI2000-v7.0-G-15-06324,,27.945622645574826,86.1122965623314,27.945513,86.11440992471009,37.640186,0.066663605495564,5074.594,5352.4126
RGI2000-v7.0-G-15-06325,,28.012609120989076,86.15173334940452,28.011011,86.14517354967603,29.772612,0.615294426765471,4840.8457,5486.938
RGI2000-v7.0-G-15-06326,,28.023999516982055,86.14452312252627,28.019789,86.14505466927855,39.660023,0.14806871877272,4781.6895,5505.616
RGI2000-v7.0-G-15-06327,,28.02684234575782,86.13721403577703,28.019264999999997,86.13292305795756,36.967037,0.780934395257466,4533.9097,5798.0024
RGI2000-v7.0-G-15-06328,,28.04989870064664,86.20304223813042,28.049123,86.20883078706765,22.89522,0.580591923057668,5078.991,5500.1914
RGI2000-v7.0-G-15-06329,,28.055826996318054,86.207054660358,28.055248,86.20880337248323,30.624413,0.069847001994793,5196.89,5381.073
RGI2000-v7.0-G-15-06330,,28.05086450296162,86.21988418226351,28.0497515,86.21788630276356,40.435177,0.06037486947928,5436.89,5805.6855
RGI2000-v7.0-G-15-06331,,28.04385806680254,86.21490793886532,28.045537,86.21549715380074,35.529987,0.056833801000195,5692.1265,5899.4194
RGI2000-v7.0-G-15-06332,,28.042773726479183,86.21280408380561,28.044032,86.21323470132145,44.915794,0.03803616481245,5437.49,5758.9604
RGI2000-v7.0-G-15-06333,,28.041311931477015,86.21516193182123,28.042589,86.21612364047387,43.131855,0.040510579546735,5438.405,5714.942
RGI2000-v7.0-G-15-06334,,28.065395094004867,86.20635954131471,28.065109,86.2075106530221,28.04763,0.026707814718346,5403.9663,5513.7896
RGI2000-v7.0-G-15-06335,,28.06867552400551,86.20589311450658,28.068719,86.20741448886415,29.588394,0.039741442450073,5184.001,5366.137
RGI2000-v7.0-G-15-06336,,28.071421217210094,86.20682912483075,28.071548999999997,86.2079697307496,21.675611,0.037622216341571,5286.3516,5371.355
RGI2000-v7.0-G-15-06337,,28.0743719193198,86.21092751585459,28.0741225,86.20968373376624,27.706509,0.049332436149278,5351.4844,5505.5645
RGI2000-v7.0-G-15-06338,,28.074295630862146,86.20734981028114,28.077393,86.2071394090909,38.2865,0.121556306236198,5423.8906,5978.2754
RGI2000-v7.0-G-15-06339,,28.074339132084447,86.20488622349103,28.076225,86.20444212255964,37.83363,0.072208120198007,5470.447,5789.048
RGI2000-v7.0-G-15-06340,,28.078295744220426,86.19684733565676,28.078802,86.20193689470443,37.545837,0.181175287153168,5430.6553,6024.17
RGI2000-v7.0-G-15-06341,,28.08717297197455,86.1964577923516,28.088234,86.20507329578066,32.085976,0.736007547648426,5013.736,5817.752
RGI2000-v7.0-G-15-06342,,28.095291826176634,86.20037746256527,28.0950675,86.20246918828124,28.79055,0.097775814713233,5086.7085,5322.939
RGI2000-v7.0-G-15-06343,,28.098471688151605,86.20579603643802,28.096983,86.2062655867679,33.21906,0.054590486095382,5355.0923,5523.792
RGI2000-v7.0-G-15-06345,,28.08567205909576,86.21325227625105,28.0844565,86.21254922159423,36.549965,0.06345907992717,5022.3545,5202.8
RGI2000-v7.0-G-15-06346,,28.100124736583858,86.21476887389755,28.098678,86.2168897449682,29.295656,0.163781278362139,4936.0654,5313.154
RGI2000-v7.0-G-15-06347,,28.108691947565575,86.22352957434673,28.108320499999998,86.22198951028588,31.083359,0.062482261075344,5241.8037,5403.339
RGI2000-v7.0-G-15-06348,,28.109341334430574,86.21690675863132,28.109634999999997,86.21852252331003,24.543411,0.025595336817749,5417.326,5533.729
RGI2000-v7.0-G-15-06349,,28.118682147029045,86.22101330555074,28.115379,86.2225643712487,33.21237,0.110389506344894,4907.287,5446.563
RGI2000-v7.0-G-15-06351,,28.105903627458748,86.25861812933037,28.106685,86.25980727797958,23.098906,0.043578650621622,5453.7837,5558.402
RGI2000-v7.0-G-15-06353,,28.100132374819367,86.27437090096001,28.1014185,86.27440799798046,30.129059,0.045859645653112,5421.87,5564.505
RGI2000-v7.0-G-15-06354,,28.102468809265442,86.28039588553379,28.1030315,86.27768091368844,27.675535,0.195074920517161,5170.567,5494.603
RGI2000-v7.0-G-15-06355,,28.108653470777682,86.28316945079426,28.11031,86.27893772854932,32.370964,0.210427888313263,4999.356,5493.723
RGI2000-v7.0-G-15-06356,,28.11664089371655,86.27698845953324,28.11578,86.27625109536461,35.316563,0.058866944102247,4958.4917,5189.3784
RGI2000-v7.0-G-15-06358,,28.121558356403096,86.26095863386698,28.1217705,86.26249219688644,28.374159,0.042730131700911,5342.422,5513.9614
RGI2000-v7.0-G-15-06359,,28.122945076650442,86.26723043223086,28.125826500000002,86.2668895978261,25.064785,0.1171578160569,5343.2812,5639.9165
RGI2000-v7.0-G-15-06360,,28.123200511901892,86.27058573959367,28.1261845,86.2694542730179,29.2212,0.14822151112204,5294.045,5685.448
RGI2000-v7.0-G-15-06361,,28.12641202512103,86.25793539643287,28.1279295,86.26315654416403,20.500387,0.430995770981216,5219.087,5688.0283
RGI2000-v7.0-G-15-06362,,28.129431193700025,86.25987467653898,28.130706500000002,86.26137658444294,23.886389,0.087086792583015,5339.4785,5600.744
RGI2000-v7.0-G-15-06363,,28.136482116712187,86.27644533292211,28.1349275,86.28128234380893,29.4786,0.243340542596055,4956.0034,5490.7925
RGI2000-v7.0-G-15-06364,,28.14020228030889,86.28330735423066,28.139031,86.28615435173126,23.008654,0.260819554726454,5091.593,5348.9023
RGI2000-v7.0-G-15-06365,,28.13818126100038,86.29409745713747,28.1393335,86.2937818671875,24.491074,0.040688884720229,5278.9277,5377.5093
RGI2000-v7.0-G-15-06366,,28.145800734622625,86.29807437836938,28.145771500000002,86.29908332804933,20.856981,0.028817946107699,5217.0063,5282.14
RGI2000-v7.0-G-15-06367,,28.15403633764216,86.29658771742255,28.152876499999998,86.30096254274468,24.474342,0.131257835332558,5275.7183,5512.393
RGI2000-v7.0-G-15-06368,,28.154005049293485,86.30509041764802,28.156407,86.30591491394335,29.515205,0.080384675794171,5342.317,5670.496
RGI2000-v7.0-G-15-06369,,28.15300210492623,86.30867191042513,28.1571275,86.30948450000386,21.918304,0.436060909338552,5183.7554,5699.8613
RGI2000-v7.0-G-15-06370,,28.153408715635084,86.3124156403096,28.157376499999998,86.31517150514435,25.45033,0.322147453507519,5286.2417,5708.3994
RGI2000-v7.0-G-15-06371,,28.154116509623076,86.31746256989477,28.155390500000003,86.31788506165867,33.719696,0.032362979987495,5418.348,5589.181
RGI2000-v7.0-G-15-06373,,28.169369240347937,86.30994624577214,28.168325000000003,86.31611819331982,22.39355,0.418003383531165,5014.0244,5588.3745
RGI2000-v7.0-G-15-06374,,28.167912183170593,86.31116728646853,28.164828,86.31199254714221,40.950703,0.082707405318188,5061.883,5650.522
RGI2000-v7.0-G-15-06375,,28.164485733068904,86.30731502223308,28.1635705,86.30747330476899,39.65049,0.019959599159322,5379.429,5513.5986
RGI2000-v7.0-G-15-06376,,28.16256723197744,86.29969814450298,28.160516,86.3015223452381,36.94174,0.112654686759127,5189.89,5658.4736
RGI2000-v7.0-G-15-06380,,28.165369573774964,86.33617697246692,28.167034,86.34149199830313,31.393269,0.191418631748028,5459.4897,5962.346
RGI2000-v7.0-G-15-06381,,28.161824339550716,86.34789836046504,28.1640075,86.34914946149246,20.302732,0.127744633237212,5484.989,5676.6377
RGI2000-v7.0-G-15-06382,,28.15533294642447,86.36453041543251,28.156759,86.36456496289537,26.113811,0.088498703303218,5438.4956,5658.111
RGI2000-v7.0-G-15-06383,,28.135070264690338,86.3318951913144,28.1356395,86.33512136104784,24.371347,0.063331693607605,5232.867,5404.9546
RGI2000-v7.0-G-15-06384,,28.12880865124895,86.33543923228945,28.129213,86.3346238599585,25.069778,0.029520158289192,5320.041,5385.918
RGI2000-v7.0-G-15-06385,,28.12650632225302,86.32538260693771,28.127891499999997,86.32905622754294,21.66977,0.303736104247824,5222.0044,5461.416
RGI2000-v7.0-G-15-06386,,28.11296926166986,86.31455316180028,28.109997999999997,86.31687639261744,40.128742,0.144196250825944,5112.61,5768.976
RGI2000-v7.0-G-15-06388,,28.084098069856946,86.26040720636304,28.082454,86.26477683093057,31.517107,0.161041823316825,5187.157,5613.4673
RGI2000-v7.0-G-15-06389,,27.993950017276735,86.32080032491434,27.992276,86.32042569747898,24.185705,0.052093131101546,5343.635,5473.1396
RGI2000-v7.0-G-15-06390,,27.99303845919999,86.32344064989016,27.9882295,86.32176100054964,27.840454,0.215764656889482,5185.134,5711.7505
RGI2000-v7.0-G-15-06391,,27.993901153083755,86.33901834126775,27.979728,86.33174224159649,33.542465,3.689604892024937,4719.485,6894.1655
RGI2000-v7.0-G-15-06392,,27.97059834488708,86.31511194248694,27.969861,86.32237326711311,35.337406,0.319852021319343,4967.781,5867.8867
RGI2000-v7.0-G-15-06393,,27.974795572244233,86.30796860629414,27.9629735,86.31305196160336,23.805092,1.327559946790346,4719.9434,6186.2446
RGI2000-v7.0-G-15-06394,,27.956312455238706,86.3077223748833,27.955733,86.30725000198021,20.449675,0.024917367138491,5256.6035,5311.111
RGI2000-v7.0-G-15-06395,,27.9627200455736,86.30455455050202,27.959412,86.30358682088519,21.59908,0.201241690116131,5133.878,5352.23
RGI2000-v7.0-G-15-06396,,27.96637081985652,86.29378940136408,27.962939499999997,86.2957208786307,26.490648,0.270341520853457,4985.422,5302.072
RGI2000-v7.0-G-15-06397,,27.947846183275498,86.30112488051806,27.945195,86.31059521884586,31.751936,0.767253133406549,4576.169,5630.2144
RGI2000-v7.0-G-15-06398,,27.941180558528146,86.32329900595357,27.9442655,86.32463081818182,40.494125,0.222806623281076,4955.851,5716.2026
RGI2000-v7.0-G-15-06399,,27.937320138170083,86.3302235301581,27.941494499999997,86.33051356063116,42.340393,0.563415060047031,4807.524,6223.662
RGI2000-v7.0-G-15-06400,,27.95144483389882,86.33005387073996,27.954466,86.3355854911822,38.88669,0.481621048417947,6325.787,6894.0894
RGI2000-v7.0-G-15-06401,,27.957289352861714,86.35517611063666,27.9517295,86.34931263997579,24.04815,0.853060520531003,5030.527,5696.5005
RGI2000-v7.0-G-15-06402,,27.952719955509206,86.35910902155466,27.945676,86.35415643323635,32.55684,1.185152406701037,4948.3535,6171.355
RGI2000-v7.0-G-15-06403,,27.951077005185898,86.36708914703637,27.9472235,86.36480187284025,32.15629,0.465448082651198,4843.612,5377.9595
RGI2000-v7.0-G-15-06404,,27.949253160637102,86.37006871880352,27.9453015,86.37076569686171,33.80099,0.41027340000302,5054.183,5619.134
RGI2000-v7.0-G-15-06405,,27.934815933364117,86.36739206458108,27.9380925,86.36961854292608,34.371326,0.208003494276632,5191.0596,5687.5522
RGI2000-v7.0-G-15-06406,,27.935329048487112,86.37086338558157,27.936872,86.37210075195615,34.297882,0.08303077040632,5254.198,5510.3696
RGI2000-v7.0-G-15-06407,,27.932290589238253,86.3715803713331,27.934673500000002,86.37585919401891,31.544191,0.397071733221899,5053.0674,5698.934
RGI2000-v7.0-G-15-06408,,27.940301016402564,86.3786944530462,27.9397485,86.3788590513679,44.849224,0.144378771625831,5406.3213,5690.861
RGI2000-v7.0-G-15-06409,,27.92976497021624,86.37460621014012,27.9313215,86.38234699027254,29.663002,0.494173522583007,5035.9785,5891.6235
RGI2000-v7.0-G-15-06410,,27.927151338025507,86.37552636569858,27.928046000000002,86.38083396899225,31.663649,0.308183808329737,4979.789,5593.5776
RGI2000-v7.0-G-15-06411,,27.923322182900776,86.37849297203623,27.9248605,86.38437454631337,40.54944,0.289052735811445,5032.789,5983.7783
RGI2000-v7.0-G-15-06412,,27.938970112161233,86.3884323320925,27.9343875,86.38827629648696,40.05356,0.281723618205025,4996.97,5853.6772
RGI2000-v7.0-G-15-06413,,27.936843359180315,86.39253389421725,27.9325265,86.39209461639288,38.36049,0.158100950471631,5181.835,5981.351
RGI2000-v7.0-G-15-06414,,27.93061171417617,86.39837759822424,27.929810500000002,86.39719719833565,31.961765,0.046923279417358,5270.6484,5457.6465
RGI2000-v7.0-G-15-06415,,27.917545212770293,86.39054187918094,27.9216135,86.39592353909762,34.28579,0.714840271067846,5157.2417,5746.152
RGI2000-v7.0-G-15-06416,,27.916951206769973,86.39369450304544,27.918266000000003,86.3958912138774,34.458374,0.086803289100419,5173.9185,5464.776
RGI2000-v7.0-G-15-06417,,27.914123704994903,86.39414389002924,27.914213,86.4003080375,26.958712,0.511235055334946,5090.532,5646.4844
RGI2000-v7.0-G-15-06418,,27.9108819681207,86.39716516840652,27.910173,86.4021679756551,26.71155,0.204109107862396,5072.4746,5485.8843
RGI2000-v7.0-G-15-06419,,27.9067351811624,86.39871368547132,27.9074905,86.40280003593548,32.743633,0.19409244614017,5033.5767,5638.4893
RGI2000-v7.0-G-15-06420,,27.904123243208183,86.39813748425117,27.9047655,86.40375839219436,39.165066,0.359024750979457,4938.815,6048.1865
RGI2000-v7.0-G-15-06421,,27.89890445874589,86.41415716660735,27.9011145,86.41238578459226,37.341515,0.1515898133329,5257.1147,5710.365
RGI2000-v7.0-G-15-06422,,27.90296521491948,86.41853290971079,27.905923,86.4180521615807,45.025852,0.115704664180377,5540.562,6191.4746
RGI2000-v7.0-G-15-06423,,27.90036531448901,86.42405541903744,27.904138500000002,86.422508,38.02859,0.246117294618435,5243.8115,5999.1016
RGI2000-v7.0-G-15-06424,,27.896419924332754,86.43227380956125,27.899181499999997,86.43310854849366,34.373245,0.478741405909228,5043.321,5627.7217
RGI2000-v7.0-G-15-06425,,27.89653224161976,86.44566068390154,27.898046,86.44394270212766,37.224667,0.03186828201787,5966.5215,6244.3853
RGI2000-v7.0-G-15-06426,,27.901148442153588,86.44735843388625,27.900364000000003,86.44597524621213,58.592365,0.044922637755489,5861.429,6266.0215
RGI2000-v7.0-G-15-06427,,27.90617473589056,86.4550234183483,27.9070635,86.45158877733546,44.596138,0.064231465036209,5235.9995,5836.8804
RGI2000-v7.0-G-15-06428,,27.909970339740582,86.45909965527206,27.910563000000003,86.45921997823899,42.004707,0.023018487476891,5445.9414,5574.89
RGI2000-v7.0-G-15-06429,,27.887400903614058,86.45990337213318,27.899839,86.45969376535953,28.358725,1.566163077261885,4657.441,6651.7954
RGI2000-v7.0-G-15-06430,,27.892172041146974,86.43950445714924,27.8924865,86.44227925663111,39.794506,0.089966104930298,5183.4863,5588.6997
RGI2000-v7.0-G-15-06431,,27.923737891207814,86.41427752236511,27.921436,86.44230691505376,32.922955,7.758784665727718,5000.8413,6591.021
RGI2000-v7.0-G-15-06432,,27.92100398946515,86.46538651400493,27.922426,86.46394860078941,31.90289,0.113654252844205,5452.332,5732.02
RGI2000-v7.0-G-15-06433,,27.923441324973126,86.46965667519149,27.926679999999998,86.47003982994931,29.536037,0.253947794767542,5374.608,5794.9727
RGI2000-v7.0-G-15-06434,,27.92259918149702,86.47618965758102,27.92743,86.48060277487173,20.747065,1.188938969908087,5230.6855,5854.0723
RGI2000-v7.0-G-15-06435,,27.922989184618597,86.4886137569383,27.923271,86.48779185420524,24.427088,0.019738074258477,5806.8555,5870.9155
RGI2000-v7.0-G-15-06436,,27.920794813676583,86.49004714739128,27.921186,86.48856023392999,36.122364,0.031480580774034,5675.71,5879.242
RGI2000-v7.0-G-15-06437,Ripimo Shar,27.883436981256693,86.46506877215293,27.914594,86.50458254395525,22.02993,19.78378516468842,4590.7407,6701.363
RGI2000-v7.0-G-15-06438,,27.92931388231002,86.5259384870562,27.927698999999997,86.52651491673178,36.388855,0.069912918659615,6160.077,6374.302
RGI2000-v7.0-G-15-06439,Chhule,27.951564877279388,86.57663278808572,27.948336,86.5331901333647,20.115366,4.530382362372767,4839.763,6499.229
RGI2000-v7.0-G-15-06440,,27.943832121715307,86.55087451478651,27.941868,86.5463009704817,24.211311,0.767302324835132,5151.777,6130.243
RGI2000-v7.0-G-15-06441,,27.96257154772575,86.5391479482196,27.962263,86.52328398992984,26.929043,1.946691909613251,5048.1895,6452.14
RGI2000-v7.0-G-15-06442,,27.974179942508226,86.5407488316441,27.973559,86.53391223225627,20.409266,0.375399961827645,5291.042,5666.659
RGI2000-v7.0-G-15-06443,,27.982915247174844,86.51821983132186,27.982461,86.51672078109284,28.97622,0.071660823262297,5533.5366,5704.5303
RGI2000-v7.0-G-15-06445,,27.982278096248976,86.48157694389414,27.982315,86.4838154334764,34.14895,0.093927772049679,5583.0044,5887.2173
RGI2000-v7.0-G-15-06447,,27.973983613548622,86.46553530228826,27.975522499999997,86.46703619524382,39.869926,0.075145753867444,5733.1475,6052.985
RGI2000-v7.0-G-15-06448,,27.971872292432625,86.47253193918777,27.972724,86.47121625038415,25.874998,0.063243046939739,5760.9155,5938.2354
RGI2000-v7.0-G-15-06449,,27.968450716689734,86.46060517689007,27.979367500000002,86.45324237457986,25.782331,4.032750675009578,5204.566,6875.315
RGI2000-v7.0-G-15-06450,,28.002111466018768,86.446497777224,27.996617999999998,86.45401569422077,23.207918,1.975075152557967,5100.414,6164.754
RGI2000-v7.0-G-15-06451,,27.995510391542556,86.44134328641033,27.994077500000003,86.44211774982142,43.14279,0.05585356384738,5353.898,5623.353
RGI2000-v7.0-G-15-06452,,27.993619327018223,86.4391216338221,27.992212,86.4396740642471,45.094906,0.031224908176604,5221.528,5424.166
RGI2000-v7.0-G-15-06453,,27.98901653739143,86.39974168750032,27.98421,86.42056155143428,25.3462,2.938595864447096,4642.6104,6486.2075
RGI2000-v7.0-G-15-06454,,27.979186656530675,86.42405059832063,27.9774355,86.42581540894261,57.509903,0.177500995819546,5748.145,6404.486
RGI2000-v7.0-G-15-06455,,27.97728389648619,86.41542641620353,27.9732195,86.42096679175947,32.813442,1.01166461831905,6188.3296,6944.5186
RGI2000-v7.0-G-15-06456,,27.968793741051343,86.4014349646355,27.9680575,86.41038391693826,44.363945,0.990625718465276,5623.1255,6772.282
RGI2000-v7.0-G-15-06457,,27.974195834142435,86.40051921653749,27.9762975,86.40885044841842,50.422,0.425040386181913,5551.0757,6307.86
RGI2000-v7.0-G-15-06458,,27.986943617082606,86.40601322414783,27.985022999999998,86.40744834560944,26.446886,0.065406383914541,4741.796,4929.276
RGI2000-v7.0-G-15-06459,,27.98600178644743,86.39511923412483,27.982642,86.40068274165387,26.381357,0.332307671426624,4653.326,5138.0923
RGI2000-v7.0-G-15-06460,,27.95930032954272,86.40419984324937,27.9604115,86.4063697042283,33.778976,0.066322327075339,5081.342,5353.9087
RGI2000-v7.0-G-15-06461,,27.9583196404204,86.41288806767066,27.959692,86.41330802145467,40.72022,0.063737476001972,5503.6177,5817.7236
RGI2000-v7.0-G-15-06462,,27.951449252903366,86.41976724680681,27.9593685,86.42705394901242,43.155434,1.034764549246858,5092.0903,6658.5337
RGI2000-v7.0-G-15-06463,,27.952658953000714,86.42900409408026,27.953548,86.42972602272728,36.387897,0.025225684442977,5469.8716,5603.746
RGI2000-v7.0-G-15-06464,,27.95349726374052,86.433566219878,27.954210500000002,86.433455525,38.356056,0.017619577110915,5679.918,5786.932
RGI2000-v7.0-G-15-06465,,27.957209284649412,86.44154463303919,27.9644945,86.43641570941165,38.748615,1.034689425751992,5184.232,6974.596
RGI2000-v7.0-G-15-06467,,27.93418961209327,86.36505318819788,27.937265,86.36508013722744,31.939766,0.225311360338482,5146.969,5668.967
RGI2000-v7.0-G-15-06468,,27.933998736257816,86.36138005174575,27.936178499999997,86.35818649447802,30.830812,0.513169270729103,5182.7275,5627.275
RGI2000-v7.0-G-15-06469,,27.9245893792125,86.35045432805357,27.9244685,86.3493989957782,22.518621,0.030976039016593,5123.765,5206.932
RGI2000-v7.0-G-15-06470,,27.926367213479715,86.34352465529804,27.926113,86.34499852542373,33.142403,0.074631478227135,4973.5586,5177.9565
RGI2000-v7.0-G-15-06471,,27.963017875329935,86.35674269462287,27.961216,86.35110741032327,31.109724,0.382115457247718,4915.1445,5518.1606
RGI2000-v7.0-G-15-06472,,27.965658463933497,86.35733137001439,27.9656585,86.35027336641313,30.447691,0.728875998659439,4931.8496,5763.545
RGI2000-v7.0-G-15-06473,,27.98247233033682,86.35699958379577,27.978092500000002,86.35038019137349,34.963383,0.78476917407166,4955.292,6358.397
RGI2000-v7.0-G-15-06474,,28.019919722187574,86.39320595637093,28.024185,86.39356957399104,21.232172,0.531288190352564,5283.8076,5969.27
RGI2000-v7.0-G-15-06475,,28.02833914235441,86.39056283789289,28.029828000000002,86.39130628691996,20.820826,0.104501953977093,5452.002,5600.214
RGI2000-v7.0-G-15-06476,,28.04042641774425,86.39266595052455,28.036472000000003,86.39250627678572,31.202938,0.220233114620106,4811.007,5408.0728
RGI2000-v7.0-G-15-06477,,28.0413077374925,86.39609063634154,28.037607,86.39545235451519,39.060505,0.134616342731213,4844.39,5518.1084
RGI2000-v7.0-G-15-06478,,28.036975738905912,86.40249942082541,28.0366335,86.40146125582072,35.515064,0.039700150911919,5241.7114,5415.0234
RGI2000-v7.0-G-15-06479,,28.03363234035872,86.41118731707091,28.030596000000003,86.4080022288889,27.731026,0.330027931680068,4953.3584,5365.9697
RGI2000-v7.0-G-15-06480,,28.021117726389775,86.40948013166903,28.02133,86.40752583955225,43.63473,0.023861446241151,5751.335,6054.465
RGI2000-v7.0-G-15-06481,,28.016296778418525,86.40374893473701,28.019583,86.40409149999999,39.724037,0.089526350139884,5536.9814,6092.697
RGI2000-v7.0-G-15-06482,,28.02048470308378,86.39991787076482,28.021314,86.40165177659574,47.309853,0.060739777069377,5550.2725,6008.299
RGI2000-v7.0-G-15-06483,,28.013400165136016,86.41431023736632,28.01723,86.4146197462203,22.593311,0.357170058389058,5250.411,5681.2344
RGI2000-v7.0-G-15-06484,,28.01920396016394,86.42069815088757,28.017012,86.42235828642832,40.0399,0.11571902018589,5529.881,5905.1074
RGI2000-v7.0-G-15-06485,,28.02742906824688,86.42371216561561,28.023415,86.42105410326093,22.20086,0.862429691286081,5020.1143,5562.7476
RGI2000-v7.0-G-15-06486,,28.019009964160677,86.43473742082189,28.019297,86.4317200803122,25.741331,0.124444214498396,5000.1704,5139.1836
RGI2000-v7.0-G-15-06487,,28.01616835982755,86.4368730928667,28.01531,86.43612735211836,35.800766,0.034689680844812,5185.891,5351.697
RGI2000-v7.0-G-15-06488,,28.01482260133877,86.43979649994563,28.0135775,86.44015829718481,27.246115,0.031894982343562,5092.3135,5225.8145
RGI2000-v7.0-G-15-06489,,28.015782229899713,86.44387617469766,28.013662500000002,86.4452307407588,26.821272,0.151223028201905,5126.9,5503.684
RGI2000-v7.0-G-15-06490,,28.01771028476077,86.4483721074821,28.016403500000003,86.44941602016806,41.659813,0.08320607267897,5238.2,5534.0737
RGI2000-v7.0-G-15-06491,,28.01558132928222,86.46180620519468,28.006228999999998,86.46642470512069,24.124203,1.057524233126119,4995.7285,6010.652
RGI2000-v7.0-G-15-06494,,28.00534963346972,86.47979452306214,28.0001965,86.48129902465033,20.23798,0.675983809194215,5319.663,5712.3213
RGI2000-v7.0-G-15-06495,,28.004474805841973,86.49910812713694,28.003013000000003,86.50099514719273,30.380983,0.176806387510227,5487.619,5769.115
RGI2000-v7.0-G-15-06496,,28.007083251125913,86.48956284019353,27.9999865,86.50589761009086,20.055561,1.524559444955033,5281.5977,6224.919
RGI2000-v7.0-G-15-06497,,27.999489444429546,86.52307071902436,28.002314,86.5179959505962,45.409206,0.299911574924044,5909.1484,6581.9536
RGI2000-v7.0-G-15-06498,,28.031893772355645,86.476075452448,28.018199,86.50572879154362,23.34677,5.059572156890331,4949.2295,6575.904
RGI2000-v7.0-G-15-06499,,28.02640368439533,86.49971418529826,28.0248825,86.50104457233796,23.455624,0.058708907303404,5369.687,5555.292
RGI2000-v7.0-G-15-06500,Dangpu Glacier,28.03370035338704,86.50201715425338,28.0324995,86.51366411241969,22.914106,3.393077274482988,5052.5664,6229.1636
RGI2000-v7.0-G-15-06501,,28.051404191987018,86.51713564266853,28.051174500000002,86.52258653359956,27.59204,1.177287897651804,5259.375,6352.3413
RGI2000-v7.0-G-15-06504,,28.052407793171927,86.49771034431264,28.052985,86.49845417244336,36.572018,0.013518500642481,5627.8604,5740.571
RGI2000-v7.0-G-15-06505,,28.055336327278873,86.49306273886171,28.056139,86.4956088909729,26.910809,0.211504245253154,5417.216,5701.406
RGI2000-v7.0-G-15-06506,,28.058121785254702,86.48606333631939,28.061087,86.48852170788913,26.214935,0.462845115856037,5388.5913,5990.031
RGI2000-v7.0-G-15-06507,,28.064318482970148,86.49932781264214,28.064346999999998,86.49730018118295,35.65903,0.067660827598265,5637.3687,5958.6597
RGI2000-v7.0-G-15-06509,,28.078760523226777,86.5039112958057,28.076336,86.5006924246824,25.99499,0.127065707919737,5350.611,5703.524
RGI2000-v7.0-G-15-06510,Shalong Glacier,28.081882088053042,86.49891119302684,28.077331,86.49497078604259,24.82716,0.652889585161291,5216.925,5813.6025
RGI2000-v7.0-G-15-06511,,28.08467112426256,86.489078395181,28.081516,86.49021079393478,30.187307,0.142302621766579,5263.0205,5523.0884
RGI2000-v7.0-G-15-06512,,28.088454172510506,86.49125383216082,28.087407,86.49254433222637,29.811056,0.04258785098388,5297.778,5527.315
RGI2000-v7.0-G-15-06513,,28.075311446564854,86.47912137587366,28.0713685,86.48576400486297,28.393152,1.203690276548906,5023.7974,5936.516
RGI2000-v7.0-G-15-06514,,28.069611705280195,86.47929307438746,28.065022499999998,86.477249454978,25.977055,0.525263721534401,5154.847,5745.584
RGI2000-v7.0-G-15-06515,,28.06757751968949,86.46113784383927,28.066535000000002,86.46512105597014,23.931355,0.238413811233269,5270.3574,5596.5366
RGI2000-v7.0-G-15-06516,,28.073366571185886,86.466487694131,28.072371,86.46617195991092,25.009811,0.036646509608525,5322.723,5403.3467
RGI2000-v7.0-G-15-06517,,28.12980890234389,86.52348678998342,28.1276335,86.52188874575722,20.469543,0.199011774871347,5365.8667,5607.9727
RGI2000-v7.0-G-15-06518,,28.12299603719631,86.53746398374444,28.118872,86.54057935561879,24.530067,0.419620693953842,5205.0137,5598.1943
RGI2000-v7.0-G-15-06520,,28.105232869570624,86.54804617164828,28.107146,86.5468771496503,24.338356,0.113900536391839,5359.1206,5549.1777
RGI2000-v7.0-G-15-06521,Yanong Glacier,28.130362183040926,86.53754596888518,28.1201725,86.55228720643564,28.354267,3.92103505332937,4982.5347,6239.7896
RGI2000-v7.0-G-15-06522,,28.13233972720179,86.56280302013218,28.130966,86.56559657754809,42.395123,0.129131015877743,5616.113,5942.5522
RGI2000-v7.0-G-15-06524,,28.130616435861423,86.55642841763898,28.1441885,86.56203904480475,20.107412,2.814530399146648,5338.2065,6473.3228
RGI2000-v7.0-G-15-06525,Yanong Glacier,28.14666571383106,86.54861494518902,28.149559500000002,86.55038912500001,25.525616,0.296969940053276,5450.698,6238.887
RGI2000-v7.0-G-15-06526,,28.153672675325204,86.54192308321961,28.156519000000003,86.55102778497167,31.299227,0.876988072883098,5264.9756,6388.0366
RGI2000-v7.0-G-15-06527,,28.184350446944343,86.53858667406224,28.170577,86.5532637710356,25.678501,3.947097550386529,5023.4224,6465.9526
RGI2000-v7.0-G-15-06528,,28.175218504901828,86.54126356267531,28.171644,86.54054568545793,34.71752,0.244300954609294,5251.946,5856.751
RGI2000-v7.0-G-15-06529,,28.17580375356353,86.53599990209905,28.17392,86.53535673859886,36.08789,0.036287384023713,5365.0664,5671.0205
RGI2000-v7.0-G-15-06530,,28.17846488261927,86.53115523922271,28.173319499999998,86.53206572247032,30.090488,0.319452876471463,5232.4497,5850.247
RGI2000-v7.0-G-15-06531,,28.171436596793185,86.52480575966287,28.1678315,86.52678826182552,24.639673,0.686993334560394,5225.6353,5696.5586
RGI2000-v7.0-G-15-06533,,28.181488302256284,86.5641487799875,28.180666,86.56053352647923,29.702227,0.182335549743318,5478.211,5761.549
RGI2000-v7.0-G-15-06534,,28.192244501436416,86.56334361784477,28.1881715,86.5604280186813,22.148914,0.342411426291714,5498.2725,5877.643
RGI2000-v7.0-G-15-06536,,28.188253948587572,86.57778780513918,28.1728275,86.56670835403226,20.32229,2.652149414186107,5110.1626,6453.9873
RGI2000-v7.0-G-15-06537,,28.174233740705088,86.58436462838746,28.166581,86.57439944056154,24.378515,1.673612246103666,5216.6724,6405.3433
RGI2000-v7.0-G-15-06538,,28.14880633155718,86.60007260592035,28.1481925,86.6030235725191,38.118763,0.132183716852355,5674.7207,6037.0513
RGI2000-v7.0-G-15-06539,,28.1527856463973,86.60702137550082,28.1453125,86.61228377093771,25.681599,1.001448776102864,5651.099,6309.82
RGI2000-v7.0-G-15-06540,,28.154942270777166,86.61950606713027,28.1540445,86.61876678866906,41.08065,0.021379340554615,5867.4204,6041.345
RGI2000-v7.0-G-15-06541,,28.152913511356374,86.62155366659331,28.1521895,86.62131393865945,41.500324,0.017575309018058,5971.2983,6104.308
RGI2000-v7.0-G-15-06542,,28.15375734837249,86.62618303858184,28.150041,86.62711808418905,42.564774,0.392168747386694,5781.0244,6462.219
RGI2000-v7.0-G-15-06543,,28.147561556719563,86.63872763490386,28.1435725,86.63417123681299,39.80444,0.353025833038809,5790.4897,6536.217
RGI2000-v7.0-G-15-06544,,28.14316816678177,86.64000971191562,28.142635499999997,86.6397217984092,41.550484,0.011910995076459,6050.713,6169.9746
RGI2000-v7.0-G-15-06545,,28.14720063444062,86.61797833877127,28.137358,86.62657494813665,21.858044,1.874433793380679,5817.388,6834.512
RGI2000-v7.0-G-15-06546,,28.125784474914933,86.62355060825837,28.127901,86.62870684641652,33.160847,0.463716214859887,5990.6533,6719.2515
RGI2000-v7.0-G-15-06547,,28.12206585466155,86.63341573222614,28.124539499999997,86.63418575125246,41.59415,0.104619801319286,6278.159,6720.5747
RGI2000-v7.0-G-15-06548,,28.12062247743346,86.63951079036727,28.121734,86.63898461939655,25.47824,0.051060965790987,6172.69,6274.313
RGI2000-v7.0-G-15-06549,,28.12260025296304,86.6415329694267,28.125619,86.6419880409836,38.73012,0.639598182376554,6358.948,6980.3564
RGI2000-v7.0-G-15-06550,,28.16961887896463,86.59653294924301,28.1338105,86.66474442126888,22.574152,19.11973462842625,5383.5347,8078.076
RGI2000-v7.0-G-15-06551,,28.154637056674932,86.65417042989841,28.1596105,86.65564012513855,35.29614,0.856380429201544,6175.349,6814.729
RGI2000-v7.0-G-15-06552,,28.171711305789717,86.62923479720011,28.165638,86.64871985456597,27.553898,1.789214173530401,5812.7744,6791.5806
RGI2000-v7.0-G-15-06553,,28.178705074398685,86.64552978220897,28.177093,86.63851076958525,22.496618,0.584204415320126,6033.1753,6456.105
RGI2000-v7.0-G-15-06554,,28.18737032579189,86.63781598767444,28.1838445,86.63857711087294,31.515867,0.27950987565037,5812.714,6248.206
RGI2000-v7.0-G-15-06556,,28.18716560044165,86.61587704969564,28.183883,86.62409332827103,22.686668,1.177638953727685,5659.859,6172.645
RGI2000-v7.0-G-15-06559,,28.198163310906256,86.62291156621711,28.196785,86.622929,34.482998,0.081112530946541,5776.8286,6000.349
RGI2000-v7.0-G-15-06560,,28.211524828967637,86.64507498194324,28.2110245,86.64484753652349,32.229496,0.02435209729032,5898.363,5982.4297
RGI2000-v7.0-G-15-06561,,28.20889495578595,86.64964786288809,28.207912,86.65007521676738,21.689898,0.043065763264928,5938.8906,6023.2056
RGI2000-v7.0-G-15-06563,,28.204597060976646,86.66120345798163,28.201407,86.66219001345291,30.607754,0.175562114849075,5977.641,6311.882
RGI2000-v7.0-G-15-06567,,28.22557408228037,86.67938821941411,28.221643,86.67910616449329,24.917915,0.289184263505537,5875.6704,6282.033
RGI2000-v7.0-G-15-06568,,28.22755934720826,86.6740362030114,28.2243555,86.6738380318792,29.959906,0.216778086062521,5823.655,6224.343
RGI2000-v7.0-G-15-06572,,28.249564980061166,86.68762995413131,28.248120999999998,86.68597906984334,29.558004,0.114093835504002,6151.958,6359.2397
RGI2000-v7.0-G-15-06575,,28.233631346932878,86.68156624888043,28.2350555,86.69104954747135,21.756464,0.333313822601802,5899.1416,6388.445
RGI2000-v7.0-G-15-06576,,28.23253473757515,86.69287501028985,28.232146,86.69501741850658,27.61445,0.040557415731291,6347.8257,6453.173
RGI2000-v7.0-G-15-06577,,28.22626511855867,86.69858555420038,28.229432,86.69874608389262,25.94429,0.154463625091063,6114.6406,6421.8745
RGI2000-v7.0-G-15-06580,,28.227608039655287,86.73063330878797,28.2295785,86.7240742167056,32.98539,0.344828632128623,6311.341,6544.6787
RGI2000-v7.0-G-15-06581,,28.22344529133966,86.73337958170211,28.227218999999998,86.73405761363637,26.928257,0.262664422256417,6086.5044,6504.38
RGI2000-v7.0-G-15-06582,,28.23395794391689,86.73990236039721,28.233466,86.7397551275435,32.43852,0.013299574434777,6211.8384,6283.8667
RGI2000-v7.0-G-15-06583,,28.237995954263987,86.74307016011952,28.235576000000002,86.73413979462586,23.397522,1.045173494322367,5870.1987,6497.592
RGI2000-v7.0-G-15-06585,,28.24384105473347,86.74095180145169,28.247435,86.73874696114339,23.566048,0.323377105549323,6028.354,6362.2104
RGI2000-v7.0-G-15-06587,,28.255826577895817,86.76076862300646,28.252316999999998,86.75102851229508,22.627913,0.80649104750771,5654.8657,6241.808
RGI2000-v7.0-G-15-06588,,28.261839721435287,86.75025214706733,28.2566985,86.74644298075748,24.69599,0.322420994118786,5726.6416,6304.2427
RGI2000-v7.0-G-15-06591,,28.275760183999395,86.72230128503553,28.267328499999998,86.72268881981519,20.676767,0.826685929800894,5737.604,6299.675
RGI2000-v7.0-G-15-06592,,28.273818119121497,86.71591111558463,28.269081,86.71454979194631,23.292164,0.371118426608194,5792.305,6219.9814
RGI2000-v7.0-G-15-06594,,28.259724274233456,86.69227157273183,28.255330999999998,86.6866398988729,23.725197,0.407702403143606,5764.8022,6263.0137
RGI2000-v7.0-G-15-06596,,28.253749340767712,86.66259843415756,28.254177499999997,86.66510555582258,26.384283,0.084012069694349,6086.569,6232.867
RGI2000-v7.0-G-15-06597,,28.254122520883104,86.6620952345317,28.25667,86.66339124999999,23.619692,0.162927605438414,6074.585,6234.1094
RGI2000-v7.0-G-15-06598,,28.263474880033847,86.65629562548224,28.262532,86.66339829343045,28.746042,0.415964547598361,5663.7007,6237.8306
RGI2000-v7.0-G-15-06602,,28.204223390566806,86.74350044928848,28.201634499999997,86.73929787632005,39.043724,0.23144644406824,5791.419,6347.0146
RGI2000-v7.0-G-15-06603,,28.2009834599329,86.74569255821477,28.199631,86.74405419211702,43.80768,0.060878547631041,5960.349,6357.9927
RGI2000-v7.0-G-15-06604,,28.19679465260205,86.74386798576533,28.197691,86.74330140806453,36.29312,0.028972625727314,6198.3027,6353.4663
RGI2000-v7.0-G-15-06606,,28.19153834697856,86.732728,28.191951500000002,86.7295312963362,26.891293,0.157974994630998,6174.217,6494.9097
RGI2000-v7.0-G-15-06607,,28.183662686677128,86.72925047432042,28.187903,86.72885689082412,25.42086,0.500598511877747,6077.648,6456.137
RGI2000-v7.0-G-15-06609,,28.19530329700259,86.75017232057726,28.192795,86.74809605769231,23.17404,0.207679932469486,5888.783,6149.793
RGI2000-v7.0-G-15-06610,,28.218767126721772,86.76091420647981,28.217683,86.75930376799221,30.933731,0.06847168453328,5754.2217,5977.6777
RGI2000-v7.0-G-15-06612,,28.22190667466619,86.74861593513425,28.22233,86.74576893761383,30.619125,0.166754948314916,6062.2715,6385.88
RGI2000-v7.0-G-15-06613,,28.229461008185428,86.75389526358087,28.227185499999997,86.74984217362726,22.57899,0.946270910743193,5791.4014,6379.269
RGI2000-v7.0-G-15-06614,,28.247201322246838,86.75820372095117,28.2456095,86.75653541279762,30.222052,0.091128483462039,5832.8755,6068.714
RGI2000-v7.0-G-15-06615,,28.19997485350414,86.79020619685012,28.197561999999998,86.78802408555478,34.674995,0.240725628851959,5630.427,6020.9595
RGI2000-v7.0-G-15-06616,,28.192201601229062,86.78969998833348,28.1898155,86.792433395,23.033587,0.109128743148377,5767.095,6044.003
RGI2000-v7.0-G-15-06617,,28.191788439223572,86.79792322320284,28.189127999999997,86.79634880706482,32.49689,0.185745358242362,5620.912,6099.2705
RGI2000-v7.0-G-15-06618,,28.19260073860721,86.78283602338539,28.188519499999998,86.78645333675564,28.97542,0.390485756866753,5600.259,6139.5
RGI2000-v7.0-G-15-06619,,28.18381061481404,86.78360902944127,28.1811475,86.78706981263736,27.552404,0.104791816532333,5880.948,6118.2144
RGI2000-v7.0-G-15-06620,,28.18396726823008,86.80041896248765,28.1799155,86.79337573072429,34.38239,0.6921083699738,5580.6533,6365.6836
RGI2000-v7.0-G-15-06621,,28.181047627984704,86.80127314514932,28.1799055,86.80157945378151,40.654636,0.038805919209781,5807.723,6020.0605
RGI2000-v7.0-G-15-06622,,28.170404178541386,86.78843944734236,28.1724435,86.78838239624451,38.128075,0.148869592530073,6193.1616,6435.7363
RGI2000-v7.0-G-15-06623,,28.18639102941761,86.77600586629106,28.176257,86.78019713362352,22.060284,1.575960723300473,5561.109,6337.945
RGI2000-v7.0-G-15-06625,,28.164834650463405,86.77317533064796,28.165923499999998,86.77364207727832,21.577604,0.04210936936464,6033.949,6182.1094
RGI2000-v7.0-G-15-06626,,28.16107866585612,86.77429520418096,28.162457000000003,86.77703162386956,31.249928,0.275389623801336,6028.013,6394.151
RGI2000-v7.0-G-15-06627,,28.159511154440658,86.78140257622366,28.1603735,86.78226410542864,28.762089,0.02746688211044,6169.56,6284.0312
RGI2000-v7.0-G-15-06628,,28.165700849221643,86.79117965347972,28.1635615,86.78549365559441,22.893934,0.304329892560284,5881.368,6340.805
RGI2000-v7.0-G-15-06629,,28.16371712060695,86.79485257563844,28.1606515,86.7897183577189,26.71972,0.359511448948106,5814.4443,6295.8633
RGI2000-v7.0-G-15-06633,,28.145588701039475,86.80829330338173,28.144798,86.80763712000001,29.63833,0.038365026617433,5935.133,6081.762
RGI2000-v7.0-G-15-06634,,28.155686496947162,86.81438232743453,28.1539255,86.81451552566229,35.490017,0.090919618833029,5862.2705,6143.142
RGI2000-v7.0-G-15-06636,,28.14496389998255,86.78224986738303,28.1461735,86.78117895677966,35.94286,0.116544423287524,6253.929,6455.697
RGI2000-v7.0-G-15-06637,,28.16170620490234,86.76548913871929,28.155814499999998,86.77878869607844,23.53286,1.175831235984294,5722.515,6424.2334
RGI2000-v7.0-G-15-06640,,28.134851886923396,86.79854786382836,28.131096,86.79637799704568,33.948147,0.370961273275796,5806.546,6345.0215
RGI2000-v7.0-G-15-06641,,28.131804026615264,86.8059893939509,28.1298915,86.80477853892455,31.748814,0.146394839191057,5955.2593,6308.6924
RGI2000-v7.0-G-15-06642,,28.121923708414215,86.80715446396006,28.123808,86.8023568615748,21.844288,0.505907293837808,6011.4033,6376.175
RGI2000-v7.0-G-15-06645,,28.119667542747138,86.75557099685614,28.1219855,86.75757135118359,27.24368,0.113017650755456,6165.2144,6460.7456
RGI2000-v7.0-G-15-06646,,28.12407764120446,86.75359905660474,28.125208,86.756912995086,35.64042,0.190624956891294,6092.2607,6532.674
RGI2000-v7.0-G-15-06647,,28.13002120593301,86.74650805034152,28.13401,86.75839326821192,22.122759,1.087577871501515,5935.255,6571.9883
RGI2000-v7.0-G-15-06648,,28.14133262287906,86.76200839537834,28.1400175,86.76085572532426,34.771023,0.036922520091127,6322.616,6551.5547
RGI2000-v7.0-G-15-06649,,28.14534076096568,86.7572993071139,28.1422275,86.75722857239931,33.83896,0.169689488228112,5999.573,6451.5205
RGI2000-v7.0-G-15-06650,,28.147371377222566,86.75940018354308,28.14586,86.7598994463032,30.60721,0.080156494990003,5813.047,6020.704
RGI2000-v7.0-G-15-06651,,28.144164227168474,86.73208543655906,28.143368,86.73177855950095,41.14259,0.022415513302311,6036.841,6229.401
RGI2000-v7.0-G-15-06652,,28.152849894631576,86.73473737355418,28.160781999999998,86.73130323177826,24.116077,0.966857227380261,5866.044,6571.1016
RGI2000-v7.0-G-15-06653,,28.164795739147547,86.73871289727776,28.1666435,86.73496053865338,30.22692,0.224116254132542,5955.608,6491.7476
RGI2000-v7.0-G-15-06655,,28.11446766353067,86.6833924857635,28.1127665,86.68433576221909,36.931175,0.281248083964697,7161.7905,7707.963
RGI2000-v7.0-G-15-06656,,28.09719097077706,86.64827404936767,28.096292,86.65075948630655,39.21727,0.174250793903256,7351.676,7971.886
RGI2000-v7.0-G-15-06657,,28.102127877273585,86.62576123297701,28.1022255,86.62780204146918,23.140717,0.076746159236696,6076.106,6265.9204
RGI2000-v7.0-G-15-06658,,28.1073898341269,86.62266399445521,28.107875,86.6236415623656,30.053581,0.056993491892874,6306.7363,6415.107
RGI2000-v7.0-G-15-06659,,28.122457700433436,86.61219065169867,28.1244095,86.6118793667945,34.089645,0.120708799460636,6050.3413,6331.395
RGI2000-v7.0-G-15-06660,,28.122537425141246,86.60773867617661,28.1249535,86.60807699815507,40.03793,0.172344848519306,5969.979,6360.703
RGI2000-v7.0-G-15-06661,,28.12465609308439,86.61874079067691,28.127099,86.61604764052163,24.58951,0.165076739232326,5987.808,6296.634
RGI2000-v7.0-G-15-06662,,28.142276120915266,86.5937354385856,28.135194499999997,86.60530186674455,23.88164,2.466008161102967,5467.8076,6445.524
RGI2000-v7.0-G-15-06663,,28.13060920305179,86.59768527907949,28.129893,86.6003101819953,40.01353,0.214366080820226,5817.0034,6325.955
RGI2000-v7.0-G-15-06664,,28.095793969825202,86.61219051972635,28.092751,86.60954524271142,37.471466,0.184727973769882,6033.1055,6563.5137
RGI2000-v7.0-G-15-06665,,28.068452805527958,86.61909165779048,28.071241999999998,86.61803224118287,50.052284,0.267166583516647,6243.6978,7229.8745
RGI2000-v7.0-G-15-06666,,28.063624820161444,86.61573510560174,28.067042999999998,86.61141285317325,49.05068,0.347920837693377,6032.7607,6956.3867
RGI2000-v7.0-G-15-06667,,28.063519553466055,86.6055446152458,28.064025,86.60610187408818,47.220737,0.014617485403539,6104.841,6308.785
RGI2000-v7.0-G-15-06668,,28.06547334204214,86.60349823385951,28.066260999999997,86.60489003845635,52.069523,0.030127237661431,5970.0103,6370.121
RGI2000-v7.0-G-15-06669,,28.069124055102424,86.60360290523978,28.069395999999998,86.60541773547689,49.32557,0.04035793987875,5998.6055,6476.5986
RGI2000-v7.0-G-15-06670,,28.064312328029988,86.59784098064998,28.065022,86.59916593987342,35.138844,0.048623283140905,5387.625,5588.8994
RGI2000-v7.0-G-15-06671,,28.051828008506437,86.60213589121308,28.0525925,86.60665684793034,22.691637,0.307961165686148,5280.2104,5614.087
RGI2000-v7.0-G-15-06672,,28.046305990738627,86.60449025573055,28.045536,86.60770642213805,44.851818,0.226178323536109,5689.654,6201.171
RGI2000-v7.0-G-15-06673,,28.039397291540556,86.60939244664571,28.040632000000002,86.60851465065593,25.12536,0.02635839159785,5402.607,5544.405
RGI2000-v7.0-G-15-06674,,28.046022695585354,86.59910987733524,28.0438695,86.60039726754333,28.725994,0.145475787587436,5247.145,5596.6016
RGI2000-v7.0-G-15-06675,,28.03569395906119,86.60193635916838,28.0347705,86.6005992476469,32.42941,0.033157905735714,5536.0024,5692.4653
RGI2000-v7.0-G-15-06676,,28.032361218861105,86.60391646582937,28.030131,86.6027860325922,24.361807,0.135007856168733,5416.716,5653.18
RGI2000-v7.0-G-15-06679,,28.03296285485744,86.65568863468582,28.034003,86.65677889616254,25.044275,0.046266610904825,5413.678,5547.5933
RGI2000-v7.0-G-15-06680,,28.037915478501624,86.66043059328075,28.0409935,86.65648329242651,20.403048,0.476210183177665,5540.9014,5815.5103
RGI2000-v7.0-G-15-06681,,28.043028030770238,86.66680717517795,28.047747,86.66105069992943,25.01713,0.537217823792231,5380.3896,6328.2944
RGI2000-v7.0-G-15-06684,,28.018541715554235,86.66207285556811,28.0201125,86.661453,20.56984,0.048964977199553,5336.4463,5409.559
RGI2000-v7.0-G-15-06685,,28.000282285864156,86.66967468237718,27.9996225,86.66869028307889,27.882992,0.035179028623379,5616.4966,5724.261
RGI2000-v7.0-G-15-06687,,28.006760650089348,86.64222167153302,28.002504000000002,86.64495484993441,23.43715,0.503689399888434,5170.656,5659.1675
RGI2000-v7.0-G-15-06688,,27.992570135194658,86.64818563954988,27.994866000000002,86.64317843681319,22.306921,0.42648759314055,5352.776,5802.2515
RGI2000-v7.0-G-15-06689,,27.999605124089417,86.63907127643368,27.997508,86.63554479284464,39.497417,0.14601309028353,5565.04,5915.2886
RGI2000-v7.0-G-15-06690,,27.987117242152344,86.63366405297751,27.985523,86.63952028454926,28.27163,0.317490576913707,5165.6294,5602.2437
RGI2000-v7.0-G-15-06691,,27.989465170937255,86.64546790038445,27.986791500000002,86.64291848478499,21.438286,0.212243809186363,5304.5796,5605.0806
RGI2000-v7.0-G-15-06692,,27.98160882102347,86.64392063814724,27.980943500000002,86.6429180389247,35.675518,0.053311283172699,5388.9956,5577.1074
RGI2000-v7.0-G-15-06693,,27.97929738664809,86.63779688430513,27.981065,86.63811278468253,31.482857,0.146086870939874,5305.8584,5611.452
RGI2000-v7.0-G-15-06694,,27.96521919715855,86.64338928194547,27.9674935,86.64397119192422,36.650116,0.139658251890945,5453.9404,5784.685
RGI2000-v7.0-G-15-06695,,27.96915077149301,86.64805809749485,27.9683035,86.64754573425861,52.522488,0.016061474310081,5470.2915,5681.1655
RGI2000-v7.0-G-15-06696,,27.96863185875672,86.65340652568197,27.967817500000002,86.65295641898734,40.409893,0.054190953462448,5113.23,5342.4746
RGI2000-v7.0-G-15-06697,,27.96507636439412,86.65161368526303,27.964232,86.65084306408014,38.866135,0.049021373794061,5538.4307,5836.2837
RGI2000-v7.0-G-15-06698,,27.956142028436073,86.65828093750278,27.9583215,86.6527245021059,22.752584,0.257725642902662,5244.7656,5640.4395
RGI2000-v7.0-G-15-06699,,27.940164439165738,86.65888082878892,27.940683,86.65897164456237,30.83517,0.013391056287256,5409.4023,5499.726
RGI2000-v7.0-G-15-06702,,27.923732549306003,86.67766929002377,27.924436999999998,86.67821613755311,26.829496,0.028191268385623,5366.866,5509.4404
RGI2000-v7.0-G-15-06703,,27.927232228686083,86.67941631480417,27.9286375,86.6810478750381,41.914047,0.051205182698003,5774.2544,6027.8335
RGI2000-v7.0-G-15-06704,,27.928128860339044,86.68526626819856,27.928136,86.68404042298579,42.042492,0.040959906676623,5713.8613,5892.253
RGI2000-v7.0-G-15-06705,,27.92215594531454,86.66888110076066,27.9215095,86.66766245926584,30.582693,0.03753456648657,5433.088,5575.336
RGI2000-v7.0-G-15-06706,,27.922139700719672,86.66411715397378,27.9248475,86.66540320240586,30.20862,0.109401439130428,5395.744,5728.2373
RGI2000-v7.0-G-15-06707,,27.911787455950183,86.66355696133694,27.913463999999998,86.66580761794964,33.61504,0.11772075143687,5207.3667,5578.6665
RGI2000-v7.0-G-15-06708,,27.907943310549683,86.66614809211741,27.90685,86.66712764229712,31.595032,0.132972030625156,5515.624,5995.581
RGI2000-v7.0-G-15-06709,,27.904708231915862,86.67015109743903,27.9053125,86.67057381907499,39.917522,0.012317113610298,5662.438,5767.2217
RGI2000-v7.0-G-15-06710,,27.91102410745871,86.67694245210043,27.911700500000002,86.67378805660377,32.81229,0.095349854850769,5260.405,5707.417
RGI2000-v7.0-G-15-06711,,27.90916967625579,86.67958186694811,27.906036999999998,86.67914273201347,30.006313,0.157635962335411,5163.408,5549.567
RGI2000-v7.0-G-15-06713,,27.886276254387365,86.67732285750323,27.8873915,86.67221722397503,25.122658,0.445530943140387,5265.7646,5789.795
RGI2000-v7.0-G-15-06714,,27.89194219107214,86.6644514364253,27.889511,86.66821021329494,28.592896,0.188515527598879,5279.8467,5769.112
RGI2000-v7.0-G-15-06715,,27.88034871972686,86.66834798153754,27.8823235,86.66970855408806,27.13682,0.106912358914764,5344.8613,5569.737
RGI2000-v7.0-G-15-06716,,27.87847343747044,86.67200743107114,27.8787875,86.67373904799106,32.738667,0.050035627146836,5407.9297,5593.1313
RGI2000-v7.0-G-15-06718,,27.860398499627184,86.67748645510811,27.8612675,86.67927148205789,25.736687,0.040816652823832,5337.099,5499.831
RGI2000-v7.0-G-15-06719,,27.85804754919826,86.67922415944707,27.857357,86.67886784660206,23.175472,0.010649706214071,5488.5166,5549.8896
RGI2000-v7.0-G-15-06721,,27.89138106180849,86.69748113911187,27.892758,86.69455992778963,29.036339,0.187040791753131,5150.16,5504.0576
RGI2000-v7.0-G-15-06722,,27.915197681235654,86.74787325576082,27.914091,86.74830109939472,41.385517,0.023327812790455,5227.668,5449.8516
RGI2000-v7.0-G-15-06723,,27.916892582409783,86.7499452354323,27.916173999999998,86.75122138072842,45.574383,0.022998811830003,5279.1904,5456.8335
RGI2000-v7.0-G-15-06724,,27.92051695064329,86.75045234444654,27.9186755,86.75285769149035,26.304836,0.470941360517685,5025.386,5622.0205
RGI2000-v7.0-G-15-06725,,27.92096273337504,86.75890852824334,27.919562499999998,86.76385420118342,45.34959,0.367455987586519,5501.263,6261.764
RGI2000-v7.0-G-15-06726,,27.928411273088525,86.77007004527226,27.9263485,86.76729551169265,44.413307,0.097819704003871,4787.0728,5544.082
RGI2000-v7.0-G-15-06727,,27.93200868441389,86.75017730892036,27.929165500000003,86.75786515680025,25.779068,0.353481100383234,5040.6284,5636.3877
RGI2000-v7.0-G-15-06728,,27.9465525160317,86.75605173333703,27.946005999999997,86.75395065924278,24.255968,0.091663509960465,5315.365,5492.7373
RGI2000-v7.0-G-15-06729,,27.955234859053917,86.7553501734307,27.954684999999998,86.75324303342246,28.279957,0.070775508128067,5257.036,5432.373
RGI2000-v7.0-G-15-06731,,27.9705184830988,86.75216487390519,27.969748,86.7516064778481,29.896965,0.061344224649702,5616.1987,5726.619
RGI2000-v7.0-G-15-06733,,27.9736450981213,86.76471834109643,27.976568,86.76360397242647,36.948654,0.203135944333282,5789.265,6124.848
RGI2000-v7.0-G-15-06734,,27.967385391530577,86.76972533518087,27.971483,86.7687826674107,34.59211,0.164243396752463,5294.42,5929.9165
RGI2000-v7.0-G-15-06735,,27.969620153979285,86.77256575064709,27.971987499999997,86.77386054446222,41.4477,0.082877722192323,5519.037,5962.6714
RGI2000-v7.0-G-15-06736,,27.965807823520688,86.77584193729861,27.967686,86.77646089349099,39.754856,0.101942905090172,5269.451,5815.3467
RGI2000-v7.0-G-15-06737,,27.96783610859458,86.78081519330206,27.9688855,86.78155534020044,46.51967,0.045197915497706,5889.2134,6101.3057
RGI2000-v7.0-G-15-06738,,27.972331999578284,86.78810909059406,27.9711785,86.7879211870824,51.085743,0.025781855177086,5333.962,5599.4453
RGI2000-v7.0-G-15-06739,Lobuje,27.959365662679545,86.80097646576813,27.963527,86.79281653583709,20.270863,0.830314935056819,5172.7695,5848.8457
RGI2000-v7.0-G-15-06740,,27.966171650822456,86.7998754452203,27.967406,86.79783144849785,31.48311,0.102872188839818,5685.8086,5912.0986
RGI2000-v7.0-G-15-06741,,27.950052585305805,86.78815231482369,27.953077,86.79212615505034,40.23757,0.440466361018317,5207.8564,6018.318
RGI2000-v7.0-G-15-06742,,27.94557220651569,86.83927909068765,27.9452275,86.83864816015466,37.592693,0.015846065735965,5665.909,5760.946
RGI2000-v7.0-G-15-06744,,27.92956416433844,86.83141814694957,27.927287,86.83065154977376,30.429106,0.120374033936062,5348.7056,5679.6484
RGI2000-v7.0-G-15-06745,,27.9500861579347,86.85215353609472,27.948965,86.85190443574426,30.691174,0.046028490477393,5485.0103,5646.474
RGI2000-v7.0-G-15-06746,,27.95423221386084,86.84536186491017,27.951725500000002,86.847963,33.57372,0.177888691719044,5313.172,5819.652
RGI2000-v7.0-G-15-06747,,27.959987738201892,86.84866643014045,27.960847,86.84905095473252,26.955318,0.022494083905162,5566.3228,5694.953
RGI2000-v7.0-G-15-06748,,27.968265508556538,86.84516688834681,27.965261499999997,86.84912602814885,30.469915,0.455617049958685,5255.547,5918.1987
RGI2000-v7.0-G-15-06749,,27.969776887907056,86.86869305345117,27.972204,86.86918069921472,49.429283,0.079919054833823,6553.7007,6833.125
RGI2000-v7.0-G-15-06750,,27.966645893957622,86.87841630245971,27.970022,86.87786822965512,37.98359,0.145174325292012,7004.4165,7467.579
RGI2000-v7.0-G-15-06751,,27.959847036544033,86.8803292126666,27.960510499999998,86.88175197464788,53.442966,0.046850452783019,6325.556,6678.355
RGI2000-v7.0-G-15-06752,,27.95780790922526,86.8808735174935,27.9634455,86.88737525,47.038887,0.687993856938433,6203.216,7746.27
RGI2000-v7.0-G-15-06753,,27.949734161919626,86.88741378806327,27.950764,86.88738822369558,51.487423,0.035675903020351,5774.7847,6089.405
RGI2000-v7.0-G-15-06754,,27.94857027679618,86.87082920461003,27.945270999999998,86.87446009210797,23.452866,0.48098439969986,5361.074,5754.8887
RGI2000-v7.0-G-15-06756,Lhotse Nup Glacier,27.912218701887884,86.88300964926829,27.9364655,86.89014052826268,25.438065,3.089932064433105,4963.2207,7148.625
RGI2000-v7.0-G-15-06757,,27.942286784790394,86.90804413366078,27.9504695,86.90628871824462,44.232727,1.332384191260803,5769.6504,7235.6577
RGI2000-v7.0-G-15-06758,Lothse Glacier,27.90289583536503,86.87970679274837,27.931099,86.92205318011992,23.85226,10.66920874340258,4833.025,8407.977
RGI2000-v7.0-G-15-06759,,27.929964166366997,86.93124834351421,27.9276195,86.93560011381004,39.99421,0.273674263803823,5358.6255,6047.0864
RGI2000-v7.0-G-15-06760,,27.92296970971525,86.94059155964534,27.923097499999997,86.93859796180556,30.877962,0.117121757485742,5822.2017,6123.1636
RGI2000-v7.0-G-15-06761,,27.930231776597715,86.92864743985962,27.9226655,86.93301019209355,39.04367,0.813502269927867,5187.424,6127.8994
RGI2000-v7.0-G-15-06762,,27.91096403692259,86.93231935187326,27.9157565,86.93270840560166,27.359919,0.211271340681626,5555.085,6115.5786
RGI2000-v7.0-G-15-06763,Imja/Lhotse Shar Gl.,27.897683099315014,86.9268626510661,27.913925,86.95026918159107,26.214699,17.485880075262433,4988.424,7770.9785
RGI2000-v7.0-G-15-06764,,27.90832964004853,86.95792013415398,27.9046465,86.96335876875,42.30641,1.012523332370227,5383.6504,6571.2017
RGI2000-v7.0-G-15-06765,,27.910376405062628,86.97263345040973,27.910975999999998,86.97165325742017,34.792797,0.05259139983175,6305.169,6397.66
RGI2000-v7.0-G-15-06767,,27.8830995466073,86.96516796160414,27.882547000000002,86.96798057072361,55.093838,0.076000790700587,5618.5625,6218.3193
RGI2000-v7.0-G-15-06768,,27.86902516684145,86.97880248073906,27.8700725,86.97985287746181,37.197872,0.072656038675859,6825.5137,7083.136
RGI2000-v7.0-G-15-06769,Hungu and Merala,27.84260660014599,86.93918278954725,27.85038,86.9579545721356,21.220932,11.732117516683918,5202.586,6890.6753
RGI2000-v7.0-G-15-06770,,27.856539718674284,86.94472682104062,27.862921999999998,86.946961,27.972511,0.63294362069666,5445.337,6347.8677
RGI2000-v7.0-G-15-06771,,27.860186553722425,86.94259853894145,27.8645965,86.93960356681515,29.62575,0.58130745891847,5546.1777,6285.14
RGI2000-v7.0-G-15-06772,,27.861986565466523,86.93326701583433,27.864708999999998,86.93406957711406,29.08266,0.104887815072227,5560.121,5854.8774
RGI2000-v7.0-G-15-06773,,27.86568758954612,86.92927099608325,27.8660455,86.92999586815338,34.438942,0.025431568187046,5659.9473,5759.8315
RGI2000-v7.0-G-15-06774,,27.868575109447793,86.92074645207028,27.8673035,86.92077190177983,37.00484,0.038939227309359,5608.632,5818.1963
RGI2000-v7.0-G-15-06775,,27.866743375999036,86.91548488571893,27.868577000000002,86.91530613015233,22.885592,0.14188162763718,5673.8115,5846.7197
RGI2000-v7.0-G-15-06776,,27.85916889864833,86.90499319380689,27.8589665,86.90374272838346,27.767973,0.106803641408533,5592.966,5752.947
RGI2000-v7.0-G-15-06777,,27.857228163095893,86.91045152060434,27.856478,86.90706349140359,26.27015,0.084853493793327,5453.0015,5695.361
RGI2000-v7.0-G-15-06778,,27.855113050718415,86.90955585531236,27.854198500000003,86.909448,43.282444,0.020913853814573,5551.4526,5777.0234
RGI2000-v7.0-G-15-06780,Nareyargaip,27.836755339409308,86.87525347577245,27.839474000000003,86.88484814685316,23.585833,0.758740634129886,5314.365,6059.096
RGI2000-v7.0-G-15-06781,,27.842180680734675,86.87548859527,27.847316999999997,86.88035178061594,26.742336,0.710485871500414,5444.608,6235.266
RGI2000-v7.0-G-15-06782,,27.847201319383597,86.8706296116527,27.850807500000002,86.87663294196662,30.170244,0.449514703608686,5330.782,6048.6494
RGI2000-v7.0-G-15-06783,,27.850350292314722,86.87037924095382,27.8546725,86.86971328881029,34.85727,0.470792726557689,5372.9287,6000.428
RGI2000-v7.0-G-15-06784,,27.850727030798826,86.8645833269685,27.8553735,86.8643167089259,32.37687,0.251862935974158,5454.58,6194.1533
RGI2000-v7.0-G-15-06785,,27.85747119778006,86.85891908116884,27.858456,86.85913903288497,57.01652,0.023459104452403,6004.7817,6372.1626
RGI2000-v7.0-G-15-06786,,27.85620800000107,86.85742501567613,27.858734499999997,86.8574122094146,46.803032,0.034348335864446,5858.383,6370.381
RGI2000-v7.0-G-15-06787,,27.860196254270345,86.85933929969052,27.8610195,86.86013969042315,46.153103,0.029963934335025,6434.484,6662.8667
RGI2000-v7.0-G-15-06788,,27.862085710868215,86.86712086284122,27.862561499999998,86.86194293226754,48.09676,0.222168460853896,5935.7793,6661.606
RGI2000-v7.0-G-15-06789,,27.862637470832528,86.85517124727673,27.862384,86.85670780190136,46.776257,0.107635773380149,6043.2188,6524.132
RGI2000-v7.0-G-15-06790,,27.862136576350135,86.84548752871402,27.8626505,86.84917021446809,33.379486,0.144908015061263,5222.8745,5741.6147
RGI2000-v7.0-G-15-06791,,27.856681238366367,86.84696296970776,27.859271,86.84884109889299,31.77076,0.211914524614992,5237.292,5742.031
RGI2000-v7.0-G-15-06792,,27.85143251922357,86.85843390888787,27.853101000000002,86.85797444282238,38.657993,0.059662840958965,5393.4,5701.0586
RGI2000-v7.0-G-15-06793,Duwo Glacier,27.886318694913633,86.84846921951957,27.875828499999997,86.85896039489953,21.717012,1.069758277354737,4772.038,6007.3345
RGI2000-v7.0-G-15-06794,Amadablam Glacier,27.89361251646769,86.87075786638924,27.874204,86.8824138369169,26.23788,5.480062718722412,4794.5747,6342.286
RGI2000-v7.0-G-15-06795,Ombigaichain,27.88355314582395,86.893077345013,27.8778495,86.90139998437499,29.792013,3.098414639827773,5088.171,6157.128
RGI2000-v7.0-G-15-06796,,27.89008901221549,86.91467632237392,27.886313,86.9155185,47.055122,0.141736285231731,5193.5703,6136.741
RGI2000-v7.0-G-15-06797,Amphu Laptse Gl.,27.892959013103304,86.93497054339778,27.880985000000003,86.93723696306132,25.738405,2.244368478177922,5039.752,6765.391
RGI2000-v7.0-G-15-06798,,27.87156793647058,86.9449916358835,27.870005,86.94522886777779,49.07059,0.093009387473603,5867.527,6353.4253
RGI2000-v7.0-G-15-06799,,27.847831803181073,86.92446749163338,27.8445575,86.92493007933317,27.17295,0.454353516957249,5406.61,5773.118
RGI2000-v7.0-G-15-06800,,27.81983666069805,86.92697904149526,27.818617,86.92533119165515,30.737534,0.068501636870906,5435.238,5661.27
RGI2000-v7.0-G-15-06801,,27.822646011329393,86.91826663009354,27.8178825,86.91727649109414,26.353241,0.823867827413105,5280.1724,6028.1494
RGI2000-v7.0-G-15-06802,,27.80580582937562,86.91652000231258,27.809642,86.9184641396565,34.314022,0.497865671590083,5407.0728,6048.262
RGI2000-v7.0-G-15-06803,,27.825565650783194,86.9077887315647,27.820453999999998,86.90445259208519,21.70868,1.484533593002312,5425.327,6026.38
RGI2000-v7.0-G-15-06805,,27.795385323012074,86.88513143758516,27.8049345,86.88918099295225,24.978264,1.213596007078282,5226.8784,6055.572
RGI2000-v7.0-G-15-06806,,27.801808012598443,86.87984543560121,27.808469,86.88105278416486,27.706875,0.656363134925815,5490.5923,6164.3745
RGI2000-v7.0-G-15-06807,,27.814640219014255,86.87660159103274,27.8137265,86.87848425,36.4028,0.150035236703118,5876.4336,6248.361
RGI2000-v7.0-G-15-06808,,27.813682757186385,86.8668653454094,27.810838500000003,86.86710395935411,55.049488,0.234375101110866,5597.6475,6481.597
RGI2000-v7.0-G-15-06809,,27.81197528024911,86.86105408336196,27.810644,86.86275718097995,48.577145,0.060820707887295,5804.5493,6361.6733
RGI2000-v7.0-G-15-06810,,27.806853001046704,86.86094761874497,27.8045745,86.86193053476615,34.869526,0.108821921143453,5969.3774,6331.885
RGI2000-v7.0-G-15-06811,,27.794516302404965,86.87584436180353,27.8010995,86.86979961869883,26.987059,0.739559591223118,5428.9316,6476.6035
RGI2000-v7.0-G-15-06812,,27.7929824696685,86.86645837877303,27.794385,86.86518956372657,37.52333,0.055657568252565,6038.0317,6285.8003
RGI2000-v7.0-G-15-06813,,27.786589653376435,86.86174087594554,27.793355499999997,86.85978020247488,28.961647,0.366214801006596,5307.184,6157.219
RGI2000-v7.0-G-15-06814,,27.79181588883103,86.85724950729346,27.795049499999998,86.85698328619154,36.885063,0.147449041432301,5772.8213,6182.4287
RGI2000-v7.0-G-15-06815,,27.78964169212347,86.85115400000072,27.7893945,86.8537451007432,25.146965,0.194560293264038,5435.884,5729.348
RGI2000-v7.0-G-15-06817,,27.81868450299599,86.85109093290131,27.8166195,86.84975714350102,52.21419,0.076124703240802,5110.4185,5866.2246
RGI2000-v7.0-G-15-06818,,27.819086875226283,86.85935456812892,27.8177385,86.85800402498886,42.73436,0.060086721337949,5577.9653,5954.468
RGI2000-v7.0-G-15-06819,,27.82976438504246,86.86276869465817,27.8213115,86.86754058014313,21.160772,1.074972073801998,5000.352,5729.317
RGI2000-v7.0-G-15-06820,Nare,27.830514422370975,86.87472161178499,27.8246375,86.88236457795101,25.881498,2.399535803454501,5191.483,6355.7876
RGI2000-v7.0-G-15-06821,,27.830376249841464,86.8880517905161,27.8302045,86.88929699264706,42.527718,0.032898406858337,5820.431,6060.4497
RGI2000-v7.0-G-15-06822,,27.797838101946738,86.89941029780258,27.798119,86.89861932775378,41.157448,0.026102666755188,5550.2686,5680.992
RGI2000-v7.0-G-15-06823,,27.79701551576915,86.8926251235769,27.7963515,86.89432155311704,29.417559,0.05632985070501,5816.523,5942.329
RGI2000-v7.0-G-15-06824,,27.79191763982398,86.90214457808257,27.790477000000003,86.90027713282937,30.681915,0.105650853114158,5354.568,5602.5884
RGI2000-v7.0-G-15-06825,,27.78966289964111,86.87976309745089,27.787771499999998,86.89256635740986,34.399937,1.442876364081922,5095.09,6081.5645
RGI2000-v7.0-G-15-06826,,27.77815278487372,86.88512639746503,27.779106499999997,86.88587709650923,40.913372,0.032580472047013,5834.2656,6029.711
RGI2000-v7.0-G-15-06827,,27.760673814206697,86.87759008307663,27.772787,86.89824399999999,20.000477,3.152494612061629,4901.896,6287.9854
RGI2000-v7.0-G-15-06828,,27.776679708674056,86.90532360350247,27.774884,86.90692785801782,47.665127,0.08949269032399,6146.2,6560.4795
RGI2000-v7.0-G-15-06829,,27.771091501783353,86.90998984336349,27.772907,86.90893700000001,46.309174,0.088676838159883,6144.9854,6557.4155
RGI2000-v7.0-G-15-06830,,27.77667036505791,86.91382742468632,27.776464,86.91220080327804,46.272823,0.153067748246581,5970.1333,6520.5635
RGI2000-v7.0-G-15-06831,,27.76925896327325,86.92108661196916,27.7707805,86.9167796610629,34.745415,0.306079311958419,5341.1763,6020.169
RGI2000-v7.0-G-15-06832,,27.76729379322573,86.91791235596787,27.766911,86.91680254808318,32.559532,0.034703944851898,5413.5815,5560.6016
RGI2000-v7.0-G-15-06835,,27.756801082332938,86.91492000315615,27.759562000000003,86.91151674209246,45.773922,0.105947265808794,5591.159,6433.7114
RGI2000-v7.0-G-15-06836,,27.7520076024793,86.91554305231669,27.754610999999997,86.91250810171104,32.304237,0.234131876349749,5279.423,5765.883
RGI2000-v7.0-G-15-06837,,27.751284035122364,86.91012931948549,27.753414,86.90575867042628,32.621536,0.234644085660929,5295.5503,5827.875
RGI2000-v7.0-G-15-06838,,27.761417134062505,86.9018160277173,27.7595665,86.9030992995128,35.138794,0.214063565334451,5791.8115,6297.719
RGI2000-v7.0-G-15-06839,,27.758023507463978,86.89128856126929,27.756055500000002,86.89813420311566,28.228445,0.425343357840989,5118.0425,5773.095
RGI2000-v7.0-G-15-06840,,27.748708751349856,86.88535100000107,27.748200500000003,86.88955714628821,22.070984,0.407073134112744,5119.096,5512.052
RGI2000-v7.0-G-15-06841,,27.742951459602427,86.90023284431888,27.7412285,86.89749984260705,23.752602,0.149480778455681,5240.946,5541.8804
RGI2000-v7.0-G-15-06842,,27.72874142832391,86.89441678185149,27.7274515,86.89284818759205,20.749651,0.531371732808221,5328.9517,5738.025
RGI2000-v7.0-G-15-06843,,27.737937324092435,86.88297278135484,27.7277185,86.8885177469983,20.1718,1.636413973137983,4801.536,6001.4277
RGI2000-v7.0-G-15-06844,,27.73576333767692,86.87797684046284,27.721214,86.8811043068226,26.049887,2.347358282462741,4743.573,6417.109
RGI2000-v7.0-G-15-06845,,27.728432581100822,86.87642861414676,27.727077,86.87711863307119,43.289265,0.037657838701238,5294.1445,5610.3374
RGI2000-v7.0-G-15-06846,,27.733437709740475,86.85752786418648,27.721849499999998,86.8631970907613,26.811207,1.424432429945014,4563.608,6185.3843
RGI2000-v7.0-G-15-06847,,27.718277837410316,86.86757015676126,27.713666,86.86737102171693,40.942734,0.323777658728475,5439.6406,6393.859
RGI2000-v7.0-G-15-06848,,27.699125215864036,86.86036071171266,27.704645499999998,86.86156644801298,29.452915,0.330667309734944,5129.595,5832.2876
RGI2000-v7.0-G-15-06849,,27.70032617894418,86.85871100572004,27.7065195,86.8581475330169,28.754019,0.676672789746791,5202.5425,5958.811
RGI2000-v7.0-G-15-06850,,27.69782734011003,86.85131435144841,27.7030195,86.84888372783462,27.825592,0.552256369760196,5284.3364,5852.1904
RGI2000-v7.0-G-15-06851,,27.70571143874513,86.84250342768046,27.705571499999998,86.84356566593985,33.245483,0.012913404832514,5688.367,5805.7964
RGI2000-v7.0-G-15-06852,,27.700989316842893,86.83834998816174,27.701646500000003,86.84093966902861,41.33671,0.097152598512144,5032.112,5644.8413
RGI2000-v7.0-G-15-06853,,27.712956936834374,86.84458332208663,27.710154,86.84537914590526,43.068542,0.257986217564365,5434.6626,5985.579
RGI2000-v7.0-G-15-06854,,27.718398968809083,86.84325302505815,27.7174175,86.84560406589674,55.87847,0.036436631666029,5161.9014,5757.9478
RGI2000-v7.0-G-15-06855,,27.715977089958255,86.8450966936501,27.717332,86.85033009052404,32.415848,0.136148542958128,5570.925,6046.4053
RGI2000-v7.0-G-15-06856,,27.72374761867537,86.8540964169843,27.720005,86.85221962476281,38.881664,0.190241148356329,5591.3447,6022.023
RGI2000-v7.0-G-15-06857,,27.71683669765016,86.83552404401516,27.7151705,86.836128,25.90548,0.079587068397683,4305.405,4441.409
RGI2000-v7.0-G-15-06858,,27.697889349808253,86.86434823433817,27.700584499999998,86.86705927,40.193916,0.237894084373274,5296.169,6110.1025
RGI2000-v7.0-G-15-06859,,27.694273423306342,86.8745954432947,27.700924,86.87177064248459,37.16463,0.41901073550738,5342.5547,6405.986
RGI2000-v7.0-G-15-06861,,27.688979668664174,86.87110037466462,27.686276999999997,86.87807834535104,26.012259,4.293517219074412,5063.5664,6283.413
RGI2000-v7.0-G-15-06862,,27.67622051889582,86.86400562162571,27.671803500000003,86.86428940770043,37.360203,0.252824172560005,5017.532,5772.6826
RGI2000-v7.0-G-15-06863,,27.672390740862078,86.855635731781,27.668598000000003,86.85829316778464,37.62021,0.499719033526569,4868.0806,5779.0034
RGI2000-v7.0-G-15-06864,,27.66403486864215,86.86375559664695,27.664983499999998,86.86389071636906,22.172583,0.038394235869342,5589.1396,5674.792
RGI2000-v7.0-G-15-06865,,27.663786371687824,86.86625410964876,27.6652165,86.86619806872326,36.142193,0.01672997788964,5655.765,5754.5015
RGI2000-v7.0-G-15-06866,,27.660054034152623,86.85733420635113,27.661019000000003,86.86160855989016,33.639545,0.192895155946113,4963.5015,5556.4463
RGI2000-v7.0-G-15-06867,,27.665935222737943,86.84919938323755,27.665092,86.85211957608695,37.763134,0.08695015541012,5075.759,5510.771
RGI2000-v7.0-G-15-06869,,27.65484214592855,86.87692508920861,27.652943999999998,86.88224139574469,30.917086,0.510674845442386,4895.177,5609.1455
RGI2000-v7.0-G-15-06870,,27.649553982846097,86.87666758951934,27.6482715,86.87775509946948,34.46583,0.035546940498887,5033.595,5277.426
RGI2000-v7.0-G-15-06871,,27.63991127357097,86.86518046200808,27.6377405,86.86611176311297,30.333448,0.109468055196568,5030.043,5342.618
RGI2000-v7.0-G-15-06872,,27.669686519047026,86.89320463855199,27.669285000000002,86.89080588678647,28.40211,0.125042953660678,5093.5366,5327.669
RGI2000-v7.0-G-15-06873,,27.681519390915636,86.90823991060188,27.683463000000003,86.90416259691358,33.755867,0.223641966818081,5296.9863,5895.73
RGI2000-v7.0-G-15-06874,,27.69943436892619,86.91694897367209,27.692348,86.91264739130435,28.28925,1.097621461699641,5140.692,5824.2446
RGI2000-v7.0-G-15-06875,,27.691170773612154,86.92041818421333,27.6880575,86.91721905211635,30.743963,0.3315903656489,5109.17,5601.76
RGI2000-v7.0-G-15-06876,,27.69017455881906,86.92415436558618,27.6872755,86.92217384829448,29.349085,0.276291060336965,5129.429,5510.3486
RGI2000-v7.0-G-15-06877,,27.686534643377442,86.92998849560816,27.684735500000002,86.92923775,26.921585,0.069034519818687,4993.4985,5145.691
RGI2000-v7.0-G-15-06878,,27.71415388082093,86.91254514279464,27.7055385,86.90372584120371,21.47427,6.388094007512697,5158.135,6394.4077
RGI2000-v7.0-G-15-06879,,27.72332710377141,86.95913035400329,27.7239475,86.96015176177337,30.37248,0.074114759691087,5295.983,5473.087
RGI2000-v7.0-G-15-06880,,27.722670266761963,86.96568374434614,27.728928,86.96986347959184,26.29264,0.486623893926082,5169.2734,5699.782
RGI2000-v7.0-G-15-06881,,27.73340179910307,86.96023840349494,27.73735,86.96560472331154,26.31073,0.330865482391972,5284.97,5867.3657
RGI2000-v7.0-G-15-06882,,27.74390619464014,86.95897846671188,27.742053,86.9614376591453,32.27212,0.308998287211001,5264.376,5735.7344
RGI2000-v7.0-G-15-06883,,27.75028890821315,86.96188638617328,27.746816,86.96323052247962,30.844477,0.294245198611349,5093.7183,5610.2627
RGI2000-v7.0-G-15-06884,,27.738596061637203,86.97435403075002,27.738839,86.97314507499999,27.224327,0.046929564682523,5455.0273,5572.362
RGI2000-v7.0-G-15-06886,,27.728954191346315,86.98639817006683,27.730947999999998,86.98838583837959,39.272476,0.102797816264773,5292.1865,5827.601
RGI2000-v7.0-G-15-06887,,27.726121595838336,86.9886470085204,27.729197999999997,86.99319788672616,37.703064,0.258731929827446,5238.869,6039.969
RGI2000-v7.0-G-15-06888,,27.727519392986284,86.99987009945829,27.728721999999998,87.00047925694444,41.781124,0.031789891410099,5633.363,5896.973
RGI2000-v7.0-G-15-06890,,27.711593071291688,86.98714879714062,27.709714499999997,86.99398441176022,37.277992,0.523691345555066,4939.8984,6114.0103
RGI2000-v7.0-G-15-06891,,27.71000795688776,86.9800124277201,27.7032965,86.99020155704699,35.316177,1.075010858314747,4637.54,6081.721
RGI2000-v7.0-G-15-06892,,27.702883261754,86.97755655617715,27.695494,86.985242,31.783417,0.977502606227284,4749.834,5769.298
RGI2000-v7.0-G-15-06893,,27.692620859784455,86.97598524086919,27.692808499999998,86.97964747557472,27.12888,0.179618778374663,5096.538,5395.867
RGI2000-v7.0-G-15-06895,,27.67751969762358,86.9868678038432,27.676902499999997,86.98641988879353,25.77304,0.018662060986532,5165.4224,5240.533
RGI2000-v7.0-G-15-06896,,27.673426660333575,86.98491684817138,27.67214,86.98693290532545,40.883263,0.055817359524514,5013.644,5323.833
RGI2000-v7.0-G-15-06897,,27.65930854551774,86.9828320482581,27.6585745,86.98436308830897,26.528896,0.062793911392261,5011.2656,5145.906
RGI2000-v7.0-G-15-06898,,27.656350463825326,86.98154605092115,27.655732999999998,86.9811395,33.47377,0.028958415430802,5182.6685,5399.6143
RGI2000-v7.0-G-15-06899,,27.65247912043616,86.97819886463157,27.6533315,86.98115172984814,31.693087,0.075498349850832,4937.2056,5254.9585
RGI2000-v7.0-G-15-06900,,27.649710884808258,86.98728418854472,27.650751,86.9856867215909,28.30549,0.043894017593234,5006.627,5157.489
RGI2000-v7.0-G-15-06901,,27.647352514600318,86.97504818875848,27.647408499999997,86.97900934687499,22.767773,0.127720073223055,4837.3325,5234.921
RGI2000-v7.0-G-15-06902,,27.700981390824357,87.02499080265618,27.704563,87.01286894622126,28.5356,1.256946799842895,4370.336,5472.276
RGI2000-v7.0-G-15-06903,,27.725000032820343,87.0296300734081,27.717862500000003,87.01854527155172,21.259233,2.074056020141803,4644.892,5371.3037
RGI2000-v7.0-G-15-06904,,27.731801581565485,87.02624541470317,27.7313865,87.02358496107784,24.344196,0.217759823303553,5008.198,5211.741
RGI2000-v7.0-G-15-06905,,27.735358772202442,87.03073572519745,27.7356835,87.02889558749891,25.65897,0.124371880281573,4967.7095,5146.349
RGI2000-v7.0-G-15-06906,,27.742891975816736,87.06148679401981,27.742083,87.0475193738759,20.650473,1.524881139031094,4864.84,5435.613
RGI2000-v7.0-G-15-06907,,27.771473770973518,87.05934345831002,27.768721499999998,87.06051399948025,29.808569,0.201197702606013,4949.9395,5218.83
RGI2000-v7.0-G-15-06908,,27.7658954062403,87.06855449972737,27.7685065,87.06752576046512,34.326954,0.097559937317258,5326.949,5709.422
RGI2000-v7.0-G-15-06909,,27.766426483066105,87.0726045579799,27.7691255,87.07149196594735,35.192127,0.14914995351941,5300.3203,5789.354
RGI2000-v7.0-G-15-06910,,27.761078137614405,87.07311305993267,27.768572,87.07921672413794,31.393618,0.720128507118506,4998.11,6300.2197
RGI2000-v7.0-G-15-06912,,27.754413448904128,87.08370977882095,27.7629035,87.09202457558139,26.917772,1.54349822060696,4931.2827,6452.866
RGI2000-v7.0-G-15-06913,,27.750880947464623,87.09449365921662,27.755488999999997,87.09777904990275,23.445944,0.809527808120856,5108.234,5632.6943
RGI2000-v7.0-G-15-06914,,27.748952538076868,87.09807812295435,27.750093,87.10234934726753,24.941263,0.288672293198957,4952.9434,5330.595
RGI2000-v7.0-G-15-06915,,27.76900896616108,87.12614478104386,27.7651585,87.11506259744051,31.795677,2.129593247586789,4976.982,6524.65
RGI2000-v7.0-G-15-06916,,27.775317062611876,87.1185105089626,27.7731135,87.11484673636795,29.446545,0.245217893570153,5190.226,5727.2827
RGI2000-v7.0-G-15-06917,,27.781721557976258,87.11659714858891,27.7786245,87.1143171796875,27.960457,0.365266387066701,5057.0703,5458.756
RGI2000-v7.0-G-15-06918,,27.785848251529295,87.11359601455018,27.780908,87.11146146577475,29.663591,0.498936449103533,4974.6934,5986.6
RGI2000-v7.0-G-15-06919,,27.78282039061787,87.10804247928824,27.781651500000002,87.10732929630682,30.524916,0.04774639747363,5180.2124,5362.2017
RGI2000-v7.0-G-15-06920,,27.780928060986692,87.08233806821204,27.7769995,87.09313436229966,34.233448,0.636083646305335,5570.4443,6530.93
RGI2000-v7.0-G-15-06921,,27.76922836795938,87.09474507174333,27.771645,87.09484008163265,39.587864,0.164141668226268,5996.1445,6530.249
RGI2000-v7.0-G-15-06922,,27.79246663645123,87.08113670184909,27.7874615,87.0791115597723,32.788048,0.399340932609081,4618.7656,5387.335
RGI2000-v7.0-G-15-06924,,27.77386247812451,87.05673319957403,27.7783845,87.06409996875001,24.040077,0.567454076867443,4921.0503,5492.639
RGI2000-v7.0-G-15-06925,,27.780765140268183,87.05600252836163,27.78394,87.05522784297872,27.51206,0.219164228828305,5275.256,5661.7715
RGI2000-v7.0-G-15-06926,,27.76320879896388,87.04952404458707,27.7804665,87.0438116391258,28.60164,3.277221860928267,4685.7397,7150.488
RGI2000-v7.0-G-15-06927,,27.799986303039862,87.04591399999977,27.798664000000002,87.0396703056206,37.30497,0.512757567397818,5824.193,6692.3125
RGI2000-v7.0-G-15-06928,,27.81436447259625,87.05066623444986,27.818722,87.04736585289949,41.87563,0.995599440361553,5621.581,6600.915
RGI2000-v7.0-G-15-06929,,27.81313353489605,87.05731676046749,27.820708,87.05390483889313,35.88698,0.747199393157978,5473.625,6655.708
RGI2000-v7.0-G-15-06930,,27.83259152597312,87.0665454658072,27.8324715,87.05395711831129,40.745132,1.230686171805027,4833.7104,6475.213
RGI2000-v7.0-G-15-06931,,27.83738891829258,87.05973829235774,27.839745,87.05512560222222,40.58715,0.202051445876716,5313.5464,6203.4526
RGI2000-v7.0-G-15-06932,,27.842194347923098,87.06118638570624,27.843319,87.05817489750001,42.849598,0.105929600411994,5677.3706,6275.061
RGI2000-v7.0-G-15-06933,,27.84748700010286,87.06577862810825,27.846674,87.06178752900641,34.542236,0.288762110285218,5371.6084,6207.888
RGI2000-v7.0-G-15-06934,,27.8525599972995,87.05429578086901,27.8496065,87.05415029202084,40.388626,0.170033214278341,5250.165,5834.119
RGI2000-v7.0-G-15-06935,,27.855930515515308,87.04927250335038,27.8471465,87.04705425,32.538593,0.609422075520714,5251.6436,6470.898
RGI2000-v7.0-G-15-06936,,27.857893387080207,87.04398225906387,27.847700500000002,87.0418750497496,26.631931,1.05746438108683,5270.8247,6511.7607
RGI2000-v7.0-G-15-06937,,27.83612671955267,87.04119234201619,27.8368825,87.04163873793185,39.062717,0.122885605718383,6251.407,6515.214
RGI2000-v7.0-G-15-06938,,27.834098983157485,87.03087087239818,27.8368685,87.03435047912599,27.239294,0.250393262567913,5899.3643,6372.8438
RGI2000-v7.0-G-15-06939,,27.848254776341662,87.03053610831535,27.845211499999998,87.02509762994791,29.575592,0.702601071470496,5766.0825,6453.637
RGI2000-v7.0-G-15-06940,,27.861156000081248,87.03117158552804,27.8553455,87.02067858827493,27.979725,0.881886891804509,5462.9907,6255.0703
RGI2000-v7.0-G-15-06941,,27.860233175528975,87.02292166264725,27.856626,87.01061463542563,21.315413,0.846100427370375,5664.4395,6407.4287
RGI2000-v7.0-G-15-06942,,27.870583593841825,87.0155184650384,27.867604,87.01543621428573,38.430496,0.084017256336767,5592.0537,6048.3345
RGI2000-v7.0-G-15-06943,,27.867563008205916,87.02274556041273,27.8659595,87.02249991127195,43.677967,0.067331991127329,5563.366,6008.6094
RGI2000-v7.0-G-15-06944,,27.889968861614637,87.03406876395604,27.892183,87.03575890939581,28.608967,0.11412381332596,5926.966,6198.0664
RGI2000-v7.0-G-15-06945,,27.89488785020203,87.03005314794476,27.898501,87.03323968246445,30.367353,0.645787477440479,5750.727,6328.2886
RGI2000-v7.0-G-15-06946,,27.902364710357354,87.02233385452439,27.9030935,87.02421578280868,34.064396,0.076443161663482,6027.5547,6248.876
RGI2000-v7.0-G-15-06949,,27.894943876319946,87.05040665303883,27.905706000000002,87.05664778266033,25.177885,3.168418961923547,5715.4307,7380.924
RGI2000-v7.0-G-15-06950,,27.885738313041553,87.04878917005622,27.891339,87.0653416440716,27.721329,3.071743519660881,5525.25,7270.166
RGI2000-v7.0-G-15-06951,,27.889439617683305,87.08119525600071,27.889615,87.08205313047219,56.374733,0.042824113995536,7258.11,7555.841
RGI2000-v7.0-G-15-06952,,27.900117396153476,87.08320482647852,27.8984885,87.08241810993303,27.344364,0.038117887279706,7778.523,7868.764
RGI2000-v7.0-G-15-06953,,27.876067859007495,87.11680193213128,27.8834385,87.10077658040521,37.772232,3.329703527431207,6167.119,7970.456
RGI2000-v7.0-G-15-06954,,27.858862174466356,87.07274684281795,27.8685735,87.08871812713359,33.48818,4.361868123459343,5169.938,6877.817
RGI2000-v7.0-G-15-06955,,27.85046198750858,87.08397768445577,27.861311,87.09927128082563,32.29436,4.000147899665722,4987.787,7188.4507
RGI2000-v7.0-G-15-06956,,27.84478717372326,87.09101200863445,27.842783,87.0945882745098,38.981445,0.31673931027989,5208.1416,5818.874
RGI2000-v7.0-G-15-06957,,27.834122212063306,87.09891627607625,27.842257,87.10732260376885,27.129799,1.528243199367169,5273.93,6133.6763
RGI2000-v7.0-G-15-06959,,27.828383412228895,87.10318426813056,27.8291085,87.112999959311,41.056496,0.552001224200936,5242.817,6112.8184
RGI2000-v7.0-G-15-06960,,27.815972193508514,87.1275691733669,27.8229795,87.12352747565973,33.31163,0.86646200509821,4743.7246,6016.595
RGI2000-v7.0-G-15-06961,,27.81610092644879,87.12233350266034,27.8171115,87.11978174176647,31.997082,0.165042497532728,5240.8345,5624.1685
RGI2000-v7.0-G-15-06962,,27.80257420825872,87.12878127888776,27.81979,87.13553169716775,30.553795,3.663637974830721,4573.0225,6391.4883
RGI2000-v7.0-G-15-06963,,27.814993801478266,87.14008774800695,27.8229705,87.1493442220948,34.706467,1.16670497543819,4761.777,6082.932
RGI2000-v7.0-G-15-06964,,27.841364724779943,87.16145087017388,27.8352315,87.16057803242248,28.13966,0.71741593575931,4812.9497,5458.4663
RGI2000-v7.0-G-15-06965,,27.83603093250227,87.16899343637817,27.832333,87.16601789018377,32.17022,0.595600172912315,4913.4644,5622.2085
RGI2000-v7.0-G-15-06966,,27.833700269484467,87.17912795151501,27.8279025,87.17719269578947,34.96032,0.632926299935044,4761.02,5667.9136
RGI2000-v7.0-G-15-06967,,27.827615400302342,87.19183647070375,27.8246965,87.19148540625,31.951689,0.253296697252671,4518.023,4911.329
RGI2000-v7.0-G-15-06969,,27.800408190715235,87.16386863661182,27.802311500000002,87.16993427118507,30.997303,0.804294720302897,4889.435,5580.8105
RGI2000-v7.0-G-15-06970,,27.804233804732664,87.15902505706585,27.8106485,87.16480151888035,23.834661,1.972389504592214,5037.3145,5704.0757
RGI2000-v7.0-G-15-06971,,27.842226544997473,87.15574061384005,27.8393755,87.1549269384058,33.828373,0.15857324335015,4875.1133,5421.3003
RGI2000-v7.0-G-15-06972,,27.844393942314092,87.15328402048006,27.8440395,87.14934639866371,27.028439,0.570727274734239,4970.5503,5469.8228
RGI2000-v7.0-G-15-06973,,27.84321569836029,87.13750418916455,27.840209,87.138822101275,44.185085,0.292419962086045,5522.2705,6316.014
RGI2000-v7.0-G-15-06974,,27.854481829706536,87.13920056648078,27.8472775,87.13577067055974,26.368397,1.422252804014738,4947.845,5788.158
RGI2000-v7.0-G-15-06976,,27.891299751631653,87.13483765478239,27.889681000000003,87.13141643327239,41.819817,0.296601471745188,6078.879,6738.284
RGI2000-v7.0-G-15-06977,,27.867862048745604,87.15694693937034,27.877843,87.15955065265082,22.72668,1.711974918625049,4850.8984,5938.9326
RGI2000-v7.0-G-15-06978,,27.883569734566816,87.1723124826589,27.883789999999998,87.16927318833334,30.439548,0.136139487524085,5063.198,5427.769
RGI2000-v7.0-G-15-06979,,27.889318489372908,87.17686093752882,27.888928,87.17086950407167,23.824957,0.703912057551663,4973.7866,5494.1724
RGI2000-v7.0-G-15-06980,,27.894709383048415,87.1759705946969,27.895579,87.17392115486726,29.334806,0.292743599820662,5016.3906,5334.2666
RGI2000-v7.0-G-15-06981,,27.875152089921958,87.19426545826563,27.872054499999997,87.19296812405298,32.248394,0.137173039648483,4709.6436,5174.577
RGI2000-v7.0-G-15-06983,,27.94034438534937,87.12375228264364,27.916065,87.10847986027568,27.36199,12.06307989680165,5844.873,8236.502
RGI2000-v7.0-G-15-06984,,27.928411681361617,87.0912234095141,27.9212045,87.09201586949115,28.32352,1.939929397677046,6621.999,7574.4795
RGI2000-v7.0-G-15-06985,,27.94851263479885,87.08005563242368,27.948668,87.08241531887202,36.85673,0.11666389475769,6318.125,6659.786
RGI2000-v7.0-G-15-06986,,27.950926950349462,87.08766474270065,27.9505935,87.08622027122016,47.624702,0.04072899735889,6490.462,6710.2505
RGI2000-v7.0-G-15-06987,,27.960777122098577,87.080495582294,27.958979,87.08192493506208,35.300068,0.080029675165766,5899.5894,6233.6934
RGI2000-v7.0-G-15-06988,,27.97124537814793,87.08850106992054,27.9681195,87.08582274313511,26.277718,0.408513305417182,5096.3374,5505.7593
RGI2000-v7.0-G-15-06989,,27.97267159427544,87.09227494647757,27.970228,87.09290362128368,28.162521,0.185350561648081,5010.5586,5335.984
RGI2000-v7.0-G-15-06990,,27.986214400013097,87.13567969455222,27.969185500000002,87.11831033733725,24.920076,6.34482550466454,4427.6187,6445.56
RGI2000-v7.0-G-15-06991,,27.9706648359727,87.13219505287083,27.9690345,87.13449655463182,33.199203,0.124529174686627,4814.552,5100.3296
RGI2000-v7.0-G-15-06992,,27.966556054452443,87.13476450001647,27.9653985,87.1345818186384,45.62094,0.043971546774048,5250.24,5486.8545
RGI2000-v7.0-G-15-06993,,27.9728510393526,87.14151431769459,27.9714515,87.14117789068578,29.597889,0.060184645267783,4801.3022,4980.204
RGI2000-v7.0-G-15-06994,,27.97193197557231,87.14601064997257,27.9704215,87.1467774370128,37.128273,0.050309346948137,4781.319,5096.297
RGI2000-v7.0-G-15-06995,,27.9631846814117,87.15344104837429,27.965376,87.15473539007306,30.427326,0.179180679618662,5031.5376,5340.9487
RGI2000-v7.0-G-15-06996,,27.957955000157053,87.16361050560067,27.960746999999998,87.1659148586418,25.221773,0.396047740142709,4830.0117,5232.0127
RGI2000-v7.0-G-15-06997,,27.979895873279542,87.16254622647605,27.976912499999997,87.16123282780343,39.337337,0.15752931213319,4564.6196,5034.878
RGI2000-v7.0-G-15-06999,,28.024206425417194,87.21122494172761,28.024879,87.21230859807355,25.233707,0.047369863350236,5213.738,5349.243
RGI2000-v7.0-G-15-07000,,28.027133338388733,87.20885351736918,28.0279185,87.20973099515086,28.005531,0.027800895507206,5237.391,5351.8804
RGI2000-v7.0-G-15-07001,,28.029584488154203,87.20643505687484,28.030348500000002,87.20710112354313,28.287611,0.021773030226034,5299.435,5383.5127
RGI2000-v7.0-G-15-07002,,28.033725190459094,87.20027180705952,28.032570999999997,87.20169914105301,27.084503,0.040804256738617,5398.499,5536.0483
RGI2000-v7.0-G-15-07003,,28.03636172249206,87.20084196511542,28.035321500000002,87.20078824322135,20.663267,0.046904212012775,5375.056,5447.6904
RGI2000-v7.0-G-15-07005,,28.045357423181038,87.2009777890279,28.046730500000002,87.20086192687478,31.137882,0.057040935907182,5418.053,5580.045
RGI2000-v7.0-G-15-07006,,28.04688183897991,87.19688091534064,28.0485645,87.19805321611807,32.95531,0.059510261193387,5506.785,5763.65
RGI2000-v7.0-G-15-07007,,28.045282606620955,87.19089437051659,28.047199499999998,87.19279456002522,30.110088,0.14195712819257,5489.069,5844.181
RGI2000-v7.0-G-15-07008,,28.05462533370388,87.18891649724236,28.053412,87.18943497612034,23.874146,0.080363724858775,5167.5444,5425.121
RGI2000-v7.0-G-15-07009,,28.050969264954507,87.18493724872332,28.050261,87.1829175,41.767994,0.052829146642255,5427.308,5706.6973
RGI2000-v7.0-G-15-07010,,28.046290020931064,87.181497962227,28.047633,87.18172523858192,33.716423,0.040559635898603,5467.145,5683.6484
RGI2000-v7.0-G-15-07011,,28.054514361107216,87.17985022563649,28.0535675,87.17960999815233,33.724648,0.151984999631745,5147.7695,5390.67
RGI2000-v7.0-G-15-07012,,28.05953367079093,87.17732471748504,28.0644695,87.17023387782946,33.949905,0.661417220274836,5168.1934,6119.194
RGI2000-v7.0-G-15-07013,,28.062036032925473,87.17027806218476,28.064528000000003,87.16595684069577,37.791473,0.118327739807185,5568.9707,5970.835
RGI2000-v7.0-G-15-07014,,28.063701151260297,87.15981145570574,28.065761,87.1611792983871,43.608356,0.135889094722119,5732.6216,6114.197
RGI2000-v7.0-G-15-07015,,28.071249247987865,87.15332372494105,28.0684635,87.15088220483798,31.7745,0.174256670667727,5198.772,5830.046
RGI2000-v7.0-G-15-07016,,28.079335696333775,87.16707979254844,28.07419,87.17077332978626,39.19056,0.486316552966046,4933.802,6073.892
RGI2000-v7.0-G-15-07017,,28.07291375674851,87.17507816653648,28.070658,87.17235962806156,40.89735,0.082690782584742,5469.597,5953.6807
RGI2000-v7.0-G-15-07018,,28.069617764687944,87.17613311587114,28.069031,87.17416773598131,47.19829,0.060740595942863,5524.424,5885.7246
RGI2000-v7.0-G-15-07019,,28.047041289917548,87.14800302135124,28.046416,87.14648687419904,31.568146,0.04786557807674,5199.4927,5420.166
RGI2000-v7.0-G-15-07020,,28.038956125044866,87.13049258809046,28.0392485,87.12319656223045,28.247782,0.194475180539738,5194.8516,5770.67
RGI2000-v7.0-G-15-07021,,28.03717806585797,87.11679082135598,28.03857,87.11963324999999,31.89055,0.121722874675195,5438.6123,5754.3525
RGI2000-v7.0-G-15-07022,,28.02200829375535,87.1611649474198,28.031919000000002,87.11189162992125,20.158514,7.309847844888233,4473.853,6279.7373
RGI2000-v7.0-G-15-07027,,28.023619986373376,87.05888022454472,28.0286245,87.06059094325448,20.13429,0.365733777679204,5958.0435,6306.532
RGI2000-v7.0-G-15-07028,,28.02671396378153,87.05707922538416,28.0280685,87.0570897099231,23.103256,0.039396597369913,5929.1543,6055.9434
RGI2000-v7.0-G-15-07030,,28.015644335377434,87.03977171329679,28.021741,87.0414265,21.552382,0.899049876307449,5633.3613,6091.6973
RGI2000-v7.0-G-15-07031,,28.015725436535885,87.04466642739365,28.0169295,87.04718228994008,34.88546,0.068045027509848,5906.4067,6093.161
RGI2000-v7.0-G-15-07032,,28.025159933872885,87.03323228512846,28.030608,87.03554107559995,25.06561,0.691846484751541,5790.0396,6270.9194
RGI2000-v7.0-G-15-07033,,28.017314086782694,87.02057191134885,28.0253645,87.01954872808219,21.336723,2.400620007269874,5607.444,6451.528
RGI2000-v7.0-G-15-07035,,28.033264756522815,86.98676533372566,28.034633499999998,86.98731759395974,35.045956,0.046984021200727,6140.7563,6355.5923
RGI2000-v7.0-G-15-07036,East Rongbuk Glacier,28.04163582695933,86.95889796783325,28.044646999999998,86.9601343658129,35.73457,0.150883012589865,6504.1753,6836.177
RGI2000-v7.0-G-15-07037,,28.060952985977785,86.94500201177686,28.062719,86.94663844359316,35.961086,0.193767165731846,6474.042,6881.2065
RGI2000-v7.0-G-15-07038,East Rongbuk Glacier,28.063783976776403,86.93612085035355,28.0663775,86.94169987303923,25.125156,0.469320159122042,6242.706,6904.0884
RGI2000-v7.0-G-15-07039,East Rongbuk Glacier,28.075791376583407,86.93006456417945,28.072011500000002,86.94182637218046,28.43741,1.343825290684471,5968.331,6938.1113
RGI2000-v7.0-G-15-07040,East Rongbuk Glacier,28.08147801041012,86.96220300156341,28.0795935,86.96294802898551,24.362837,0.046627235945123,6419.2695,6581.069
RGI2000-v7.0-G-15-07042,,28.09625052115806,86.93359961955393,28.1005555,86.9324624957627,27.710482,0.271076770279638,6257.0005,6785.795
RGI2000-v7.0-G-15-07043,Lixin No3 Glacier,28.09430096009307,86.92533450398923,28.102397500000002,86.92656365625,30.003162,1.212216649404644,6068.077,6880.642
RGI2000-v7.0-G-15-07044,,28.099055955917954,86.91666600261603,28.0999415,86.91818875190839,33.45061,0.047578301353089,6449.976,6596.83
RGI2000-v7.0-G-15-07045,Lixin No2 Glacier,28.10439775825138,86.9107240000002,28.1063125,86.91678215793414,39.213314,0.764041366038922,6058.085,6840.7144
RGI2000-v7.0-G-15-07046,Lixin No1 Glacier,28.11226267535666,86.9025197595246,28.113261,86.90755991865385,37.942974,0.587149831952786,6036.217,6597.9116
RGI2000-v7.0-G-15-07047,lixin yi hao,28.111370375023796,86.88950622878147,28.117994500000002,86.896421,30.752693,0.510126950600855,5976.416,6584.019
RGI2000-v7.0-G-15-07048,,28.122259098837123,86.89028274376437,28.123127,86.89351049182244,37.528847,0.073369850223229,6220.622,6582.5396
RGI2000-v7.0-G-15-07049,,28.12821313311587,86.90020186241776,28.1293565,86.89699417552211,36.373676,0.212063720420841,6254.4517,6671.4995
RGI2000-v7.0-G-15-07050,,28.13262926566088,86.91021461904661,28.1262555,86.90273445753589,26.416155,0.683055084305159,5890.923,6594.5825
RGI2000-v7.0-G-15-07051,,28.130979529099694,86.91168366956,28.1259525,86.90933639952775,32.117573,0.285509646116911,5905.5356,6601.895
RGI2000-v7.0-G-15-07052,,28.13920123900753,86.90427267395062,28.1376985,86.89917274999999,26.47486,0.838174898775033,5973.726,6550.1787
RGI2000-v7.0-G-15-07053,,28.139382496534243,86.88295545233117,28.133388500000002,86.8902046016355,34.374268,0.937874304588429,5820.886,6671.309
RGI2000-v7.0-G-15-07054,,28.125905436536478,86.88250460699837,28.1270825,86.88354058243536,38.544353,0.046200304254092,6316.972,6522.189
RGI2000-v7.0-G-15-07055,,28.135074242891697,86.88069279876703,28.133328499999998,86.87994224175824,35.274044,0.075524693996549,6094.585,6378.0464
RGI2000-v7.0-G-15-07056,,28.147733585825137,86.91695789058026,28.1463215,86.9210279984985,31.428236,0.125676676921544,5989.71,6362.5083
RGI2000-v7.0-G-15-07057,,28.15124647450367,86.91643408022705,28.153695,86.92010239597315,32.81006,0.254792828090692,6069.287,6565.7056
RGI2000-v7.0-G-15-07058,,28.163379829511875,86.93416808802523,28.1620645,86.92994517637362,29.202309,0.195319103076722,5891.402,6310.395
RGI2000-v7.0-G-15-07060,,28.174441719161962,86.92917190710806,28.173061,86.93035996727679,37.54009,0.091615239152834,5788.7407,6082.485
RGI2000-v7.0-G-15-07061,,28.184108403333664,86.9252945345448,28.174365,86.92621934378553,23.127718,0.996769977927659,5531.3003,6286.2305
RGI2000-v7.0-G-15-07062,,28.182742517801323,86.93166159467933,28.1820075,86.93252746722223,43.014477,0.019242244814232,5849.996,6037.7773
RGI2000-v7.0-G-15-07063,,28.18354629598385,86.91458114268931,28.179014000000002,86.91400990346258,33.91169,0.242258349732314,5576.8296,6169.3843
RGI2000-v7.0-G-15-07064,,28.182592877196008,86.90884308873997,28.181164000000003,86.90126351445551,31.060266,0.354885695439318,5737.44,6320.1543
RGI2000-v7.0-G-15-07065,,28.186447828728827,86.89975702408799,28.1858915,86.90113433662046,34.03148,0.06615123316564,5839.524,6060.6025
RGI2000-v7.0-G-15-07066,,28.190394357992655,86.89936300000001,28.189531000000002,86.90373922648902,36.266296,0.269706623641885,5613.6514,6063.7544
RGI2000-v7.0-G-15-07067,,28.204648143116113,86.9063947550168,28.2032455,86.90672173262635,39.074013,0.053342883514513,5721.6333,5961.679
RGI2000-v7.0-G-15-07068,,28.197128878515546,86.88850930680213,28.193327,86.88695570739219,25.29722,0.228384175452171,5660.025,6034.524
RGI2000-v7.0-G-15-07069,,28.200042913948923,86.88339028822877,28.1989215,86.8837511516507,37.58881,0.022854482889934,5770.7715,5938.4214
RGI2000-v7.0-G-15-07071,,28.186155783415142,86.87264089121176,28.183231,86.87747837055556,20.15431,1.154742522557995,5677.4204,6249.9385
RGI2000-v7.0-G-15-07072,,28.18278287389228,86.86946331632824,28.177417499999997,86.87190642536393,21.10956,0.604152517152921,5753.8936,6251.688
RGI2000-v7.0-G-15-07073,,28.172606845335995,86.87276879404811,28.1712065,86.86946499999999,28.433826,0.04972207702443,6126.082,6260.893
RGI2000-v7.0-G-15-07074,,28.174332167890753,86.8872962551106,28.178261,86.89072738125697,22.55597,0.380377341522205,5846.6113,6325.36
RGI2000-v7.0-G-15-07075,,28.166754000212116,86.89389563732348,28.172937500000003,86.89831460251908,23.026196,0.481942952663594,5873.3223,6335.7646
RGI2000-v7.0-G-15-07079,,28.14955955013259,86.95354950978107,28.1485235,86.94809568926286,22.571177,1.407482277179829,5920.233,6563.5044
RGI2000-v7.0-G-15-07080,,28.147779390789793,86.95348156684081,28.145558,86.9516194113275,37.190655,0.191625121979093,5909.5605,6380.418
RGI2000-v7.0-G-15-07081,,28.13794894937852,86.959265575106,28.1382255,86.94870412437811,26.294052,0.502070381389337,5961.544,6595.293
RGI2000-v7.0-G-15-07082,,28.136709913997002,86.96268345039994,28.1295815,86.95307081848404,31.0675,1.085935379280262,5882.2837,6634.374
RGI2000-v7.0-G-15-07083,,28.13245371887472,86.91560744192942,28.125086,86.93049336971586,23.35999,7.219229821827849,5840.1055,7009.234
RGI2000-v7.0-G-15-07084,,28.15336780826822,86.95338879858602,28.157080999999998,86.95498506677623,28.701372,0.213210330954635,5975.11,6377.2666
RGI2000-v7.0-G-15-07085,,28.171875719072304,86.94779141009961,28.166838499999997,86.95407147079439,22.302805,0.298960485786627,5853.636,6376.2197
RGI2000-v7.0-G-15-07086,,28.173675604676202,86.9620496798371,28.1680135,86.9584037345,30.110193,0.253763000686541,5677.768,6352.7847
RGI2000-v7.0-G-15-07088,,28.181193659612315,86.94535368016912,28.1672175,86.9447951875,21.321445,2.685993632317157,5560.66,6494.4927
RGI2000-v7.0-G-15-07089,,28.18915563540938,86.95395821259314,28.184292499999998,86.95559610213553,21.393982,0.249216282763311,5566.15,5989.717
RGI2000-v7.0-G-15-07090,,28.187690945588173,86.95944064420226,28.1872105,86.96011147958245,24.207354,0.027242834178277,5791.6777,5868.6367
RGI2000-v7.0-G-15-07091,,28.193597406786566,86.96081397145876,28.1912475,86.9595385,26.313728,0.092462614646594,5587.141,5859.5786
RGI2000-v7.0-G-15-07092,,28.168634599657246,86.9844068675183,28.167695000000002,86.98565993023256,36.531277,0.02984894706954,5813.333,5994.19
RGI2000-v7.0-G-15-07093,,28.166632447692187,86.97941055127697,28.163441499999998,86.98574074509804,21.147116,0.389753520902426,5768.5396,6185.89
RGI2000-v7.0-G-15-07094,,28.16112321685371,86.9789390000002,28.161195,86.98249510344827,23.884262,0.192730078744386,5838.3687,6118.826
RGI2000-v7.0-G-15-07095,,28.156147705041484,86.97535555744331,28.155638500000002,86.9857979511518,23.293877,0.456316499295339,5800.851,6241.196
RGI2000-v7.0-G-15-07096,,28.152511904055828,86.97215548794985,28.146659,86.98229975012833,20.348322,0.901963943678796,5755.6074,6339.9663
RGI2000-v7.0-G-15-07097,,28.140818755980625,86.97659486050816,28.140372999999997,86.97839999137932,37.35515,0.083471813379698,6117.583,6394.459
RGI2000-v7.0-G-15-07098,,28.138356917879218,86.97706849124852,28.1387715,86.97897235019792,37.872116,0.057897611818485,6165.3975,6401.6694
RGI2000-v7.0-G-15-07099,,28.14162537131002,86.9700040485101,28.1275355,86.97653315452261,27.535027,5.433250736487493,5731.0103,6833.214
RGI2000-v7.0-G-15-07100,,28.14940761903893,87.00160870388252,28.137691500000003,87.0010042438262,20.280592,3.897479634353703,5637.622,6471.3364
RGI2000-v7.0-G-15-07101,,28.143264791215664,87.00927403599435,28.140200999999998,87.01954351782433,20.149805,0.973050418306626,5746.271,6312.49
RGI2000-v7.0-G-15-07102,,28.137010000019814,87.02292408076583,28.1377035,87.02384999390637,38.2441,0.022142280758505,6152.4746,6314.6216
RGI2000-v7.0-G-15-07103,,28.134977550364265,87.02485587804887,28.136691,87.02540560212142,39.005238,0.032105285384474,6019.2466,6326.0264
RGI2000-v7.0-G-15-07104,,28.1378003966157,87.02788490277615,28.138523999999997,87.02613187553649,31.12278,0.032038086050767,6170.6177,6325.967
RGI2000-v7.0-G-15-07105,,28.147046910906237,87.02765230265916,28.1428875,87.02894109402985,33.653664,0.407655227431296,5763.547,6321.7676
RGI2000-v7.0-G-15-07108,,28.12585620500082,87.05874407423684,28.1319725,87.05403742921,22.10536,0.798581422359025,5746.8804,6302.7627
RGI2000-v7.0-G-15-07109,,28.13622643102176,87.0692889999996,28.137728000000003,87.05978698840757,21.86578,1.101867916893953,5588.3257,6105.4463
RGI2000-v7.0-G-15-07110,,28.14351292356469,87.07121988105659,28.148953,87.06692481493666,23.963188,2.634535852728464,5631.812,6592.6836
RGI2000-v7.0-G-15-07111,,28.14325062301452,87.08243497065335,28.147966,87.08033540610845,36.40016,0.336978929198373,5657.0034,6391.132
RGI2000-v7.0-G-15-07112,,28.146909610284773,87.08701970121865,28.149545,87.08507752707581,40.92047,0.1584048335523,5780.2866,6224.311
RGI2000-v7.0-G-15-07114,,28.161246549412596,87.09180203303735,28.160412,87.09093674065934,31.585121,0.194299733767494,5400.3423,5820.3745
RGI2000-v7.0-G-15-07115,,28.17589729391567,87.08217731476837,28.164400999999998,87.07760240837865,28.745348,2.406175685311317,5290.1265,6620.9307
RGI2000-v7.0-G-15-07116,,28.171057000139417,87.06787940639659,28.167079,87.05765617337423,27.715574,0.770617369873692,5536.597,6283.095
RGI2000-v7.0-G-15-07117,,28.164314318577702,87.04840555625564,28.166000500000003,87.04972475,24.951988,0.097363777703781,6041.8374,6220.5845
RGI2000-v7.0-G-15-07118,,28.156679355596193,87.04350503945572,28.1582495,87.0529721347477,28.032541,0.799084149733886,5822.6626,6602.6245
RGI2000-v7.0-G-15-07119,,28.148276646733297,87.03268553508967,28.1441965,87.04594299180327,20.847763,2.408339582853562,5621.038,6303.4746
RGI2000-v7.0-G-15-07120,,28.163509472440293,87.03248784329678,28.1657235,87.03373157892557,27.290138,0.128644024779218,6047.914,6284.0093
RGI2000-v7.0-G-15-07121,,28.166358033650724,87.02487758321134,28.170688,87.03046388734245,21.478645,0.634720288557444,5839.3394,6289.4414
RGI2000-v7.0-G-15-07122,,28.17123379011346,87.02090880480804,28.175835499999998,87.02257135277208,21.31337,0.391152723398195,5871.054,6258.468
RGI2000-v7.0-G-15-07123,,28.179887186539283,87.02576346994105,28.178567,87.02461126651627,33.73687,0.029271639867458,5925.133,6100.6504
RGI2000-v7.0-G-15-07124,,28.184346285512824,87.02702170817328,28.182395,87.0242363409836,25.880985,0.178040614915772,5915.0864,6241.5957
RGI2000-v7.0-G-15-07125,,28.186600709511385,87.02536978032934,28.1854675,87.02355656701675,25.069204,0.090365851334049,5964.1636,6153.214
RGI2000-v7.0-G-15-07126,,28.18900110325316,87.02635165951234,28.188133999999998,87.0235839435206,32.82472,0.087185542624105,5971.916,6190.4106
RGI2000-v7.0-G-15-07127,,28.198543590088903,87.02426961855753,28.1953815,87.02459762404581,32.26549,0.088497354765268,5888.54,6135.7085
RGI2000-v7.0-G-15-07128,,28.202838604009,87.02333269474168,28.2009695,87.02263148868535,33.88833,0.067964641842057,5743.1323,5972.1255
RGI2000-v7.0-G-15-07130,,28.197250560174737,87.00987663478972,28.19274,87.01023025359343,22.364956,0.323466764407531,5692.185,6049.635
RGI2000-v7.0-G-15-07131,,28.202580718110358,87.00181094821215,28.200536,87.00060312875769,34.881718,0.106740691941924,5675.585,6020.626
RGI2000-v7.0-G-15-07132,,28.183239815531245,87.01207935604708,28.1819785,87.01852662443946,32.624653,0.326703661057813,5711.801,6246.0864
RGI2000-v7.0-G-15-07133,,28.17644031693763,87.01614738630072,28.177997,87.01757459552053,28.354176,0.075332405958139,6021.4956,6239.553
RGI2000-v7.0-G-15-07134,,28.19094076520666,87.03837168229938,28.181600500000002,87.0351330387611,22.631798,1.382155352765529,5507.0854,6272.154
RGI2000-v7.0-G-15-07136,,28.180036514118942,87.05611284215753,28.1763015,87.05420446406572,25.316288,0.220567919264839,5627.8765,6034.4595
RGI2000-v7.0-G-15-07137,,28.1760282035428,87.05709630273905,28.174968,87.0567092253219,40.974014,0.06325475977064,5758.2466,6014.0815
RGI2000-v7.0-G-15-07138,,28.180029000054784,87.05912034664767,28.1774595,87.05795533053691,31.144579,0.128986945313553,5505.586,5756.4307
RGI2000-v7.0-G-15-07139,,28.199201532453618,87.08281919978292,28.197912,87.08203646067574,49.04559,0.024229928215521,5188.073,5486.8604
RGI2000-v7.0-G-15-07140,,28.201593408691796,87.08083317838117,28.202817,87.07982227707586,32.524853,0.065267545323202,5146.9375,5285.5205
RGI2000-v7.0-G-15-07142,,28.215058047380435,87.06261652153948,28.2140385,87.06261348601399,34.61941,0.020905628162203,5757.446,5897.736
RGI2000-v7.0-G-15-07143,,28.21623208328668,87.05995100808401,28.215254,87.0604906684171,40.40312,0.032483878574836,5663.4253,5854.9663
RGI2000-v7.0-G-15-07144,,28.2253905085415,87.07601315571146,28.224077,87.07566704779009,46.207832,0.044067825651114,5444.343,5728.368
RGI2000-v7.0-G-15-07145,,28.222376993564207,87.0783224904185,28.221861,87.08024743860551,39.19743,0.053665693006097,5676.274,5828.357
RGI2000-v7.0-G-15-07146,,28.22473092396999,87.0878787159075,28.223689,87.08795488578089,41.684265,0.04105495843783,5380.773,5633.519
RGI2000-v7.0-G-15-07147,,28.25646,87.134701,28.255423,87.13655599850298,24.692043,0.054833674445615,5555.642,5708.179
RGI2000-v7.0-G-15-07148,,28.25817402603847,87.13568898496978,28.2571075,87.13724276923077,34.343994,0.057385112792664,5413.4746,5679.247
RGI2000-v7.0-G-15-07149,,28.265942798540383,87.13579359251081,28.265643500000003,87.13697883450155,41.362297,0.015920752263186,5708.3647,5860.3945
RGI2000-v7.0-G-15-07150,,28.273285049806546,87.13684881050199,28.2700885,87.1368803247091,40.606255,0.127154854199367,5216.137,5838.25
RGI2000-v7.0-G-15-07151,,28.272352000001167,87.14034560955267,28.271369,87.14188696186281,33.488014,0.029780274275279,5254.8975,5421.7534
RGI2000-v7.0-G-15-07153,,28.28292644582013,87.119011787615,28.278798000000002,87.12112831089499,29.138685,0.309379154082406,5608.1885,6099.0376
RGI2000-v7.0-G-15-07155,,28.117541319016226,87.10357157349804,28.115111499999998,87.101436,24.996746,0.173339901080886,5484.1924,5725.181
RGI2000-v7.0-G-15-07156,,28.112614958837675,87.1046446255041,28.1117225,87.1034281119186,31.508808,0.024276709576695,5573.581,5697.5527
RGI2000-v7.0-G-15-07157,,28.09957648901299,87.11334347819307,28.099470500000002,87.11415025315125,33.46151,0.019629705428996,5557.8174,5664.4897
RGI2000-v7.0-G-15-07158,,28.098920250387295,87.12440270738738,28.0968195,87.12377026607885,25.100264,0.03767922784906,5325.0996,5507.39
RGI2000-v7.0-G-15-07159,,28.060910218839936,87.12738974156807,28.059927,87.12401320049628,35.550407,0.099938858041646,5263.548,5647.236
RGI2000-v7.0-G-15-07160,,28.057001904803553,87.12206026110599,28.0583345,87.12236554250443,25.383278,0.020074117119861,5532.7227,5647.365
RGI2000-v7.0-G-15-07161,,28.05376679125817,87.12171938789906,28.054024,87.11736498067484,20.36069,0.340695296672774,5284.0894,5711.6636
RGI2000-v7.0-G-15-07163,,28.07099190284686,87.10977291098128,28.061183,87.10046753819773,20.89143,1.6976259926416,5292.0825,6067.8394
RGI2000-v7.0-G-15-07164,,28.06485542601379,87.13603254694439,28.052293,87.09991808139534,20.751883,4.659956139134463,4877.6206,6035.7256
RGI2000-v7.0-G-15-07185,,27.983237665105513,87.10727231565913,27.98846,87.038180827009,21.688425,41.94586558259912,4596.861,8692.564
RGI2000-v7.0-G-15-07187,,27.960833929012928,87.04770952128169,27.957160000000002,87.04811378700322,34.018993,0.138467051823002,5596.1196,6168.213
RGI2000-v7.0-G-15-07188,,27.95960052411466,87.05230788311293,27.958094000000003,87.05177894120267,33.794872,0.082296711022056,5743.5283,5957.787
RGI2000-v7.0-G-15-07192,,27.921767,87.043479,27.9210125,87.04447758494784,43.466072,0.021213582862179,6532.6494,6728.0938
RGI2000-v7.0-G-15-07193,,27.87717537880002,87.05052783820379,27.87757,87.05333958482143,32.601727,0.059649081313979,5859.425,6191.4175
RGI2000-v7.0-G-15-07194,,27.87399346113298,87.05450898188802,27.875424000000002,87.05482669012946,37.494915,0.054945680577115,5903.5327,6193.527
RGI2000-v7.0-G-15-07195,,27.874169879961773,87.05914650892588,27.8764955,87.06068482311923,41.506138,0.171849696033086,5822.5596,6372.636
RGI2000-v7.0-G-15-07197,,27.81540505500249,87.01333885669392,27.816173,87.0118566405902,37.093536,0.093720343180875,6411.399,6777.234
RGI2000-v7.0-G-15-07198,,27.80906930721679,87.00989043057515,27.8131285,87.00868393318486,35.123386,0.19860713590164,6175.373,6769.9795
RGI2000-v7.0-G-15-07199,,27.806366930516464,87.0071490792388,27.8073955,87.00604132235227,50.33875,0.02369287474211,6121.6304,6486.017
RGI2000-v7.0-G-15-07200,,27.80365532139829,87.00567076595047,27.8051335,87.00408493919991,42.61295,0.038896260165019,6007.228,6297.63
RGI2000-v7.0-G-15-07201,East Hungu,27.79718505620433,86.97933900000018,27.809988,86.99707368652561,22.373123,3.261210962703519,5524.9585,6400.6465
RGI2000-v7.0-G-15-07202,,27.810353908316287,86.98803345584372,27.814494500000002,86.98861825331352,27.954798,0.204985244672477,5736.227,6203.792
RGI2000-v7.0-G-15-07203,,27.80688774181774,86.97795656387393,27.816459000000002,86.97485389538045,31.968777,1.853709513281067,5498.8755,6679.962
RGI2000-v7.0-G-15-07204,,27.81454412104842,86.965098080544,27.814683000000002,86.9665695311804,42.476944,0.030778166225943,5812.6626,6029.817
RGI2000-v7.0-G-15-07205,,27.822145661220677,86.96225232946496,27.8222375,86.96483727373418,34.208374,1.219009121216965,5447.106,6547.8677
RGI2000-v7.0-G-15-07206,,27.785703337305165,86.96432911019028,27.7859695,86.97196783798537,26.852043,0.600535148229693,5200.0,6021.129
RGI2000-v7.0-G-15-07207,,27.778688764043853,86.96147826622229,27.777780999999997,86.97112934858151,51.00561,0.699332870168753,5510.309,7002.5254
RGI2000-v7.0-G-15-07208,,27.771286105515305,86.96954960420584,27.771803499999997,86.9747631356534,42.443775,0.720263751766597,6176.407,7236.734
RGI2000-v7.0-G-15-07209,,27.768341082956702,86.99166800000003,27.773871,86.98270591899185,45.97662,1.848707830401761,5885.7056,7281.0913
RGI2000-v7.0-G-15-07210,,27.762143531681833,86.9636308252473,27.7665175,86.96520523928591,32.588943,0.387143589341749,5210.4707,5852.118
RGI2000-v7.0-G-15-07211,,27.775968224698477,86.95884950563142,27.7718955,86.96036963132912,38.327423,0.23461964112136,5646.3247,6186.307
RGI2000-v7.0-G-15-07212,West Chamang,27.759217957664927,86.96688253111255,27.75331,86.97904199999999,37.85607,1.308605048026821,5146.0547,6427.15
RGI2000-v7.0-G-15-07213,,27.74954963963738,87.064751415155,27.759822,87.00416990169037,23.026917,19.473849828885136,4178.8364,7204.5137
RGI2000-v7.0-G-15-07214,,27.740737050681872,87.11561658621596,27.7455325,87.12313108877285,27.841698,0.524737763819286,4658.409,5253.664
RGI2000-v7.0-G-15-07215,,27.743651003977185,87.13193379251713,27.746221,87.13380144318135,36.78539,0.130885922790983,4923.3975,5327.6304
RGI2000-v7.0-G-15-07216,,27.744179631667553,87.13696562337431,27.745367,87.14064452308004,21.116419,0.171542477733257,4924.4453,5053.2393
RGI2000-v7.0-G-15-07217,,27.765943740422575,87.13647032862386,27.7580025,87.12572311614721,26.732859,3.223197075692112,4794.9507,6027.3765
RGI2000-v7.0-G-15-07218,,27.769750356109753,87.19830637670107,27.772865,87.1960358785558,21.179132,0.280639087108016,4964.42,5233.374
RGI2000-v7.0-G-15-07219,,27.949985743658285,87.30864087804179,27.9502985,87.3096575427126,26.667807,0.041487255347361,5024.5312,5116.32
RGI2000-v7.0-G-15-07220,,27.965428665402342,87.30982266156906,27.959117499999998,87.31098067033771,21.699299,0.494861071345274,4686.207,5042.3457
RGI2000-v7.0-G-15-07221,,27.965657694127913,87.31867099200718,27.961122,87.31622428007519,22.75496,0.410958007000127,4617.208,4911.2827
RGI2000-v7.0-G-15-07222,,27.962666712909243,87.30392489563023,27.961188999999997,87.3044167441928,25.285122,0.101677936652439,4771.065,4941.263
RGI2000-v7.0-G-15-07223,,27.97451339993073,87.29006568160354,27.975125,87.29215929069767,23.840425,0.11306534723715,5063.577,5235.0986
RGI2000-v7.0-G-15-07224,,27.98397139714563,87.2907425957566,27.983277,87.29172062539138,26.359125,0.043488553597325,4961.14,5084.4873
RGI2000-v7.0-G-15-07225,,27.986527076702316,87.292710782778,27.986164,87.29303471623615,36.59773,0.024639219181653,4923.3877,5039.353
RGI2000-v7.0-G-15-07226,,27.99046469395013,87.29374830488341,27.989077,87.29456252008457,25.96446,0.0909974259814,4848.048,4971.9243
RGI2000-v7.0-G-15-07227,,27.993322634608973,87.29650530108042,27.993562,87.29972815935467,24.77098,0.129658655360863,4828.261,5011.805
RGI2000-v7.0-G-15-07228,,27.997928424202772,87.30222724475364,27.9970515,87.30177298190476,23.619596,0.068058146976947,4827.2197,4930.2993
RGI2000-v7.0-G-15-07231,,27.96926179946403,87.32651303684952,27.96765,87.32925679225173,27.448114,0.076137468011017,4294.556,4521.4414
RGI2000-v7.0-G-15-07232,,28.02389818655299,87.2294173091285,28.024852,87.22584702272727,33.7549,0.198206366178373,5047.8765,5439.183
RGI2000-v7.0-G-15-07233,,28.03034963988165,87.22209173317725,28.029579499999997,87.2194570837406,22.819267,0.183766728462016,5024.8643,5181.8457
RGI2000-v7.0-G-15-07234,,28.117133234798203,87.40530872483406,28.117784,87.40668578435104,34.724655,0.025420577750631,5427.0093,5587.2485
RGI2000-v7.0-G-15-07235,,28.11438772476068,87.41258066778431,28.116096499999998,87.41288246441877,23.94137,0.120291400786667,5184.029,5357.4014
RGI2000-v7.0-G-15-07236,,28.126750098648834,87.40492792773392,28.124896,87.41071143470529,29.47789,0.950283779586587,5107.1094,5727.485
RGI2000-v7.0-G-15-07239,,28.141907995329866,87.4510518665747,28.1401795,87.45579525,21.013391,0.215546207352812,5277.8325,5572.249
RGI2000-v7.0-G-15-07240,,28.140294869685185,87.46206137539534,28.139046,87.46261224719467,23.319263,0.033011792560749,5273.222,5404.036
RGI2000-v7.0-G-15-07241,,28.143107408310726,87.46771746360018,28.1402915,87.47009842881945,33.192528,0.215247133419213,5139.305,5591.608
RGI2000-v7.0-G-15-07242,,28.145271765456155,87.47085471903662,28.1465065,87.4750195805,35.96559,0.384823059145245,5108.6484,5697.5503
RGI2000-v7.0-G-15-07243,,28.147062303342842,87.48809252005873,28.1463495,87.48120486828327,24.297998,0.718817588139791,5080.189,5614.117
RGI2000-v7.0-G-15-07244,,28.137712394834193,87.47693133079274,28.1397295,87.47898515399922,35.302025,0.099407318913472,5457.248,5835.7285
RGI2000-v7.0-G-15-07245,,28.134688199177468,87.47960542446447,28.1367075,87.48430639224138,22.038889,0.5531374061999,5243.4023,5618.6875
RGI2000-v7.0-G-15-07246,,28.145750405673223,87.49493363289243,28.141463,87.49161294707557,33.27626,0.523669721936232,4971.4043,5692.999
RGI2000-v7.0-G-15-07247,,28.125354337503833,87.49505758546181,28.1300165,87.49582452083334,22.914549,0.444879616599895,5257.8525,5672.505
RGI2000-v7.0-G-15-07249,,28.128498202793125,87.50257208742873,28.128609,87.50448065952747,25.1701,0.195866892928771,5293.1797,5478.1934
RGI2000-v7.0-G-15-07250,,28.125320361394134,87.50814043268241,28.1256435,87.50870079128123,26.678057,0.013482225926137,5459.1196,5522.234
RGI2000-v7.0-G-15-07251,,28.156353503446926,87.47805914647121,28.154342,87.47894693841121,25.838463,0.077182510137941,5331.33,5506.1616
RGI2000-v7.0-G-15-07253,,28.16841559742527,87.48888390462422,28.171277,87.49030327478448,24.951273,0.118520947126006,5565.22,5810.434
RGI2000-v7.0-G-15-07254,,28.17165411164662,87.48565935530817,28.1735755,87.48949129889397,24.49582,0.161637391179599,5495.191,5859.931
RGI2000-v7.0-G-15-07255,,28.17426326314479,87.48313030688533,28.1774125,87.49194295759034,25.443293,0.471137119990638,5313.895,5862.2793
RGI2000-v7.0-G-15-07256,,28.182318845878957,87.49463449067835,28.1819825,87.49519434587813,26.238094,0.015057824247641,5580.3423,5655.7686
RGI2000-v7.0-G-15-07257,,28.186129888593562,87.49118971178056,28.183543999999998,87.49283080593798,34.872562,0.149319630251628,5243.542,5669.324
RGI2000-v7.0-G-15-07258,,28.186949831107867,87.49589363245555,28.1857315,87.4959424230835,45.045815,0.035690617576087,5378.1816,5542.2534
RGI2000-v7.0-G-15-07259,,28.176450763927424,87.5015981313952,28.1788325,87.49867150313828,22.565968,0.33848537532027,5358.246,5623.238
RGI2000-v7.0-G-15-07260,,28.17047454628748,87.49794307843939,28.172978999999998,87.49666235593676,46.515488,0.063351187015304,5490.7256,5800.327
RGI2000-v7.0-G-15-07262,,28.15966747252108,87.49549125047773,28.1682455,87.49663626269842,24.189081,0.325870204223351,5345.7153,5858.6025
RGI2000-v7.0-G-15-07264,,28.188335941105862,87.47070903298805,28.186961500000002,87.47152799922601,31.91225,0.049937709313538,5332.994,5575.6743
RGI2000-v7.0-G-15-07265,,28.185263803842723,87.46835844524466,28.184077000000002,87.4688690212932,37.2881,0.090405171888189,5530.135,5796.8184
RGI2000-v7.0-G-15-07267,,28.1884787474716,87.43945707571315,28.1883465,87.4389136867216,28.679068,0.021637011113068,5859.8174,5952.8604
RGI2000-v7.0-G-15-07268,,28.183609557157773,87.42972809132148,28.1850325,87.43608057552693,44.327602,0.21893015184675,5406.881,5990.5815
RGI2000-v7.0-G-15-07269,,28.19215460455941,87.43318180529747,28.193219,87.43507780066592,36.027813,0.054168993673481,5947.829,6221.2847
RGI2000-v7.0-G-15-07270,,28.19783808439015,87.42790174345294,28.195811,87.43010896926842,40.01439,0.153929667831686,5865.236,6317.26
RGI2000-v7.0-G-15-07271,,28.20114768698238,87.42023021011732,28.199254,87.43671020703934,30.933636,0.883320177405332,5406.927,6399.1973
RGI2000-v7.0-G-15-07272,,28.205964436328635,87.43917218187188,28.2047385,87.43858295568413,46.821175,0.059044279282634,5713.1694,5998.9688
RGI2000-v7.0-G-15-07273,,28.21131833410152,87.43483672710798,28.208464499999998,87.43389886036977,45.688038,0.115232448920641,5444.9927,6118.0034
RGI2000-v7.0-G-15-07274,,28.21158266078578,87.44312018896538,28.205717,87.44488917211838,44.976845,0.337194322059487,5044.012,6407.6665
RGI2000-v7.0-G-15-07275,,28.179744307146823,87.42787452565447,28.178624,87.42993394081142,35.778854,0.139480910988423,5802.3955,6172.1797
RGI2000-v7.0-G-15-07276,,28.17371088544027,87.42941803980914,28.176547499999998,87.43350919239373,36.59017,0.182767830397075,5548.5317,6168.462
RGI2000-v7.0-G-15-07277,,28.17479666542645,87.43575715677457,28.175418999999998,87.43606943925234,30.762268,0.012261564130117,5951.4907,6022.8174
RGI2000-v7.0-G-15-07278,,28.179030293065466,87.4250196760482,28.178252999999998,87.42545889116234,45.549507,0.025051182170445,5758.286,5938.023
RGI2000-v7.0-G-15-07279,,28.156524969111054,87.43113822677823,28.1541585,87.43128850346321,43.585785,0.061182917923002,5115.3,5611.9673
RGI2000-v7.0-G-15-07280,,28.15147620384955,87.4255790518039,28.151453,87.42744263762242,36.038307,0.08929447214339,5470.953,5771.382
RGI2000-v7.0-G-15-07281,,28.238206537191974,87.45755011344338,28.2352125,87.45840145807,44.109154,0.165739256376715,5432.2124,6078.5537
RGI2000-v7.0-G-15-07282,,28.2367259229317,87.4611100082165,28.235713,87.46222729651163,47.72134,0.034446512758183,5691.0845,6083.2896
RGI2000-v7.0-G-15-07283,,28.228579126746496,87.47997189201581,28.226457500000002,87.48152279333334,38.897827,0.162559446649379,5362.1406,5736.8516
RGI2000-v7.0-G-15-07284,,28.221298814771316,87.4946752142547,28.222341,87.4939483509921,33.374973,0.023275553665497,5703.7734,5817.1855
RGI2000-v7.0-G-15-07285,,28.223496664325353,87.50006898500376,28.224372,87.5016001007953,38.76857,0.047858902280229,5611.1016,5846.3936
RGI2000-v7.0-G-15-07286,,28.23276776659316,87.50009482954647,28.228727,87.49850526569038,31.130116,1.553887260163012,5228.4014,5876.943
RGI2000-v7.0-G-15-07287,,28.233543345541754,87.51371040485432,28.2302835,87.51477335380835,29.735367,0.157383299524613,5374.8677,5779.2876
RGI2000-v7.0-G-15-07288,,28.230195491043464,87.5216363761379,28.2273865,87.52179067566415,34.006157,0.162185209688453,5366.001,5811.928
RGI2000-v7.0-G-15-07289,,28.22763462157416,87.52766428182447,28.226048499999997,87.5273548125,26.424198,0.040807968935115,5467.959,5637.245
RGI2000-v7.0-G-15-07290,,28.230768467241724,87.55197201034632,28.228262,87.55258235332788,30.830301,0.101363220988125,5406.6025,5712.0728
RGI2000-v7.0-G-15-07291,,28.22744273211199,87.55855960755056,28.2231515,87.56054368739228,33.129272,0.248197132909211,5336.2036,5972.3696
RGI2000-v7.0-G-15-07292,,28.21819934299977,87.55624152365421,28.21818,87.56041193683922,36.5676,0.197187270449113,5489.1606,5981.11
RGI2000-v7.0-G-15-07293,,28.22287208139254,87.56832767992594,28.217655999999998,87.56867876008968,21.54533,0.323258845665001,5376.2935,5802.662
RGI2000-v7.0-G-15-07294,,28.22118232816024,87.57464193694851,28.213682,87.57574317836423,26.15153,0.868585203299771,5394.4917,6247.6626
RGI2000-v7.0-G-15-07295,,28.22463343122145,87.58205023021209,28.215717,87.58341002242003,25.33434,1.484280119215153,5271.509,6318.7583
RGI2000-v7.0-G-15-07296,,28.222124229829365,87.59130656347578,28.2144355,87.59452363207546,27.172955,1.149141874144392,5444.6353,6466.21
RGI2000-v7.0-G-15-07297,,28.221638042622374,87.59584167559638,28.213044,87.60220783928571,29.385149,1.398703255831733,5451.8794,6734.2837
RGI2000-v7.0-G-15-07298,Cuoxia Glacier,28.217378155634293,87.61701373033388,28.217227,87.61817295113215,33.150345,0.062991010037716,5983.429,6145.495
RGI2000-v7.0-G-15-07299,,28.21299367011892,87.62945144089204,28.217484,87.6220312148346,23.034182,0.302193099304701,5936.954,6452.7153
RGI2000-v7.0-G-15-07300,,28.21760476881733,87.63093197668898,28.219846,87.62954694990779,25.924591,0.24400956193457,5956.0537,6382.1714
RGI2000-v7.0-G-15-07301,,28.22132361077451,87.63746623311947,28.2234815,87.6279411446204,24.766457,0.266929870641363,5843.263,6325.528
RGI2000-v7.0-G-15-07302,,28.225041740393962,87.62586510944551,28.224162999999997,87.6256990650277,23.565655,0.050488657225055,6229.419,6319.0864
RGI2000-v7.0-G-15-07303,,28.23045508880425,87.6108358382385,28.224975999999998,87.61659482856567,26.777302,0.860303284589685,5668.74,6446.8853
RGI2000-v7.0-G-15-07304,,28.23391379129171,87.61861016330226,28.2331605,87.617779,32.501236,0.031113616869188,5892.4507,6028.4893
RGI2000-v7.0-G-15-07306,,28.230391641910227,87.63414698422386,28.2296455,87.6328821277374,41.345467,0.020013234898055,6114.628,6290.994
RGI2000-v7.0-G-15-07307,,28.23240593179059,87.64638060962949,28.230396,87.63942474316858,23.730614,0.402397425183382,5747.418,6222.2026
RGI2000-v7.0-G-15-07308,,28.225244348573586,87.64448195466294,28.2234315,87.64361023503585,35.86257,0.066522583396262,5808.044,6233.7715
RGI2000-v7.0-G-15-07310,,28.24113915318241,87.63384133943681,28.2395865,87.63563189988815,29.024303,0.074660734731949,5976.042,6243.067
RGI2000-v7.0-G-15-07311,,28.241670687064115,87.63034781836886,28.239304,87.63177129821966,27.88383,0.199293479989513,5822.543,6244.1436
RGI2000-v7.0-G-15-07312,,28.248601401062974,87.63307942023982,28.253324,87.63322527773329,23.280834,0.336602171988992,5960.7124,6269.404
RGI2000-v7.0-G-15-07313,,28.249270286567047,87.64606451209507,28.252461,87.63952269015304,20.252241,0.417763376181685,5703.211,6272.162
RGI2000-v7.0-G-15-07314,,28.254674507773938,87.64720143755852,28.2577765,87.64140456107694,21.020176,0.460868804310337,5730.3677,6271.1787
RGI2000-v7.0-G-15-07315,,28.265801339693734,87.63567243705522,28.262989,87.63782954445486,34.828625,0.122469004880315,5693.804,6236.979
RGI2000-v7.0-G-15-07316,,28.26616335579572,87.63309520649219,28.263261,87.63392444410528,37.080673,0.118530767310392,5687.1978,6263.657
RGI2000-v7.0-G-15-07317,,28.253083790067542,87.62596543823638,28.2567405,87.62741372113021,23.080536,0.423820177770347,5865.7544,6302.2593
RGI2000-v7.0-G-15-07318,,28.255180377066015,87.61969104489225,28.2577985,87.61860663372426,24.920727,0.172991175676538,5957.6597,6234.3193
RGI2000-v7.0-G-15-07319,,28.267639075398552,87.61421335855731,28.2631795,87.61714309910286,33.391716,0.408572759105743,5574.332,6224.567
RGI2000-v7.0-G-15-07320,,28.269576696410873,87.62450954145574,28.2666905,87.62412363372565,25.329336,0.159601133170536,5796.0425,6064.491
RGI2000-v7.0-G-15-07321,,28.254083814759003,87.60896925550016,28.256488,87.61235223766816,20.230375,0.231809024161568,5944.6577,6232.0903
RGI2000-v7.0-G-15-07323,,28.25820767688266,87.59911719613746,28.257008,87.60075109625936,34.728493,0.067791319263617,5735.504,5981.189
RGI2000-v7.0-G-15-07324,,28.26659362242087,87.61208019880543,28.2633765,87.60780050702576,22.462078,0.507738846130096,5644.084,6076.657
RGI2000-v7.0-G-15-07325,,28.270433308855125,87.5972856221226,28.267498,87.59993132135875,37.38441,0.230564378545467,5587.681,6107.899
RGI2000-v7.0-G-15-07326,,28.268121961703603,87.59135027262734,28.266243000000003,87.5940738266418,28.81969,0.139821991664551,5778.2666,6118.318
RGI2000-v7.0-G-15-07327,,28.268158652237588,87.588371699535,28.267547,87.58828424213836,43.985874,0.011697181444013,5818.097,5957.5483
RGI2000-v7.0-G-15-07328,,28.271550947820316,87.5826638236291,28.268406,87.58238785928144,24.032795,0.115434537740729,5649.2583,5983.692
RGI2000-v7.0-G-15-07329,,28.28137624239668,87.5542878011956,28.279048500000002,87.555126964637,38.48515,0.164162114222108,5671.6426,6046.4585
RGI2000-v7.0-G-15-07330,,28.288434913913786,87.55044756093545,28.2873015,87.54990560130719,38.837677,0.031833522462379,5800.6963,6001.2197
RGI2000-v7.0-G-15-07331,,28.28504527716827,87.54164473989526,28.283703,87.54213460955518,22.86119,0.075455876022436,5705.451,5838.986
RGI2000-v7.0-G-15-07332,,28.263741409043714,87.51423858276404,28.2622985,87.51395547768811,37.301247,0.025349726282433,5715.362,5927.034
RGI2000-v7.0-G-15-07333,,28.263807716930547,87.5125609753365,28.2623125,87.51287624185127,36.43333,0.027957829764209,5728.396,5959.4653
RGI2000-v7.0-G-15-07334,,28.262613427081167,87.50975969532045,28.2609845,87.51087002773697,36.044533,0.080586625353106,5712.3276,5987.1553
RGI2000-v7.0-G-15-07335,,28.253964840776337,87.51303896595915,28.2523225,87.5130948329718,30.617584,0.072409603912329,5672.5894,5870.0156
RGI2000-v7.0-G-15-07336,,28.20831011372797,87.56341152437746,28.207263,87.57100755601454,34.98758,0.856726217741293,5334.3677,6179.136
RGI2000-v7.0-G-15-07337,,28.202485961130463,87.57289244272476,28.204722,87.57465197747081,35.952328,0.087040015529229,5894.151,6187.997
RGI2000-v7.0-G-15-07338,,28.2011412061437,87.56801342000084,28.202165,87.56884240543572,37.79663,0.038638761793118,5668.6226,5982.7524
RGI2000-v7.0-G-15-07339,,28.19976647793509,87.56874083028133,28.200161,87.56987356004403,38.5477,0.025092533755852,5593.1074,5787.096
RGI2000-v7.0-G-15-07340,,28.18784714147301,87.56820373248277,28.197433500000002,87.57498842403018,27.861748,1.156330835706907,5229.389,6324.0386
RGI2000-v7.0-G-15-07341,,28.189685031291695,87.58588460583266,28.1988065,87.59300744973206,32.439415,1.895251172995406,5271.7256,6686.964
RGI2000-v7.0-G-15-07342,,28.17854486079969,87.57081452873209,28.189698,87.59884200034305,29.030157,4.111084514867571,5010.5864,6719.0107
RGI2000-v7.0-G-15-07343,,28.16742804149302,87.61937668088014,28.176807500000002,87.60765033147408,22.221874,2.614185757082882,5395.569,6499.857
RGI2000-v7.0-G-15-07344,,28.17900873955645,87.62027565639794,28.18194,87.6188759311205,37.81367,0.105328460221257,5764.804,6314.913
RGI2000-v7.0-G-15-07345,,28.184850294285415,87.63868244864462,28.184096,87.62948069292518,21.631744,1.115946624254979,5599.234,6299.8438
RGI2000-v7.0-G-15-07346,Jincuo Glacier,28.197385063657638,87.6341655118878,28.1961505,87.62393760396063,24.957,2.863004386637732,5358.574,6725.8936
RGI2000-v7.0-G-15-07347,,28.206935408133475,87.63194388232692,28.208436,87.62415363909776,23.634052,1.46008265130675,5752.9805,6636.6846
RGI2000-v7.0-G-15-07348,,28.164671986776312,87.60274009262011,28.166532,87.60265858145914,32.77483,0.126682823588384,5505.659,5727.2896
RGI2000-v7.0-G-15-07349,,28.1618327313477,87.60414847041707,28.1630465,87.60367476784344,28.13084,0.030009576028714,5332.973,5469.727
RGI2000-v7.0-G-15-07350,,28.156487152298382,87.60698659770891,28.1635025,87.59571804303113,25.400892,2.650889930541435,5247.493,6290.0166
RGI2000-v7.0-G-15-07351,,28.15450905161532,87.58680808806638,28.156398000000003,87.58961946007943,34.607956,0.100797602389001,5674.7627,5973.348
RGI2000-v7.0-G-15-07352,,28.150626452527344,87.58885853503989,28.15265,87.59053872895277,38.791214,0.113268555759663,5561.702,5977.874
RGI2000-v7.0-G-15-07353,,28.14272429872341,87.59133276020302,28.146679,87.60261315544665,28.144321,1.027735438719257,5248.145,6022.479
RGI2000-v7.0-G-15-07354,,28.153031858424317,87.60835084509861,28.150159,87.60673880236273,42.182632,0.161362434810631,5338.399,6026.5366
RGI2000-v7.0-G-15-07355,,28.148354275220072,87.61494510685269,28.1466545,87.6146754423264,39.79829,0.089826436291254,5586.297,5859.6626
RGI2000-v7.0-G-15-07357,,28.13609815748493,87.60817312434672,28.139533,87.61081834265734,24.712677,0.535907683418715,5526.8306,6008.018
RGI2000-v7.0-G-15-07358,,28.138661633563938,87.60079524016815,28.1408125,87.60358875299877,38.039707,0.175780098007676,5474.009,5992.5337
RGI2000-v7.0-G-15-07359,,28.14233984663703,87.62027714762567,28.142648,87.62112672358714,30.356344,0.016698252161354,5821.565,5899.4688
RGI2000-v7.0-G-15-07360,,28.139224534964924,87.62813009516772,28.138690500000003,87.62719555959939,25.537102,0.018854400684236,5797.0415,5908.3125
RGI2000-v7.0-G-15-07362,,28.115714951576614,87.60852954192067,28.1146725,87.60599231981132,39.157013,0.097549075803469,5247.41,5664.184
RGI2000-v7.0-G-15-07363,,28.11411027406742,87.61303732440416,28.110281999999998,87.60779647887324,42.555347,0.37704370297299,5247.025,6176.017
RGI2000-v7.0-G-15-07364,,28.10367014273021,87.61347992048951,28.102944,87.61026555676423,35.30562,0.184693287428277,5580.494,6041.0767
RGI2000-v7.0-G-15-07365,,28.115666645147463,87.59051568915882,28.10994,87.59827656182796,34.34443,1.203991261081358,5038.722,6283.9917
RGI2000-v7.0-G-15-07366,,28.10603631827259,87.58788078836218,28.10303,87.58909628886715,37.038414,0.594470121510491,4972.6772,6108.5205
RGI2000-v7.0-G-15-07367,,28.09736096302857,87.58514892976874,28.0977685,87.59202015850457,38.790455,0.341631425659468,5314.412,5924.3657
RGI2000-v7.0-G-15-07368,,28.072399351202396,87.57395014956202,28.0831535,87.58949889005848,26.293861,2.356948339491848,4802.7173,6392.633
RGI2000-v7.0-G-15-07369,,28.071981940760892,87.58115945291883,28.074292,87.5906974620253,32.804565,0.544954106485076,4864.293,6076.066
RGI2000-v7.0-G-15-07370,,28.066721348996705,87.57961957759824,28.071379999999998,87.59102350193066,30.324713,0.952624169741227,5053.2363,6235.4614
RGI2000-v7.0-G-15-07371,,28.05531957308649,87.5861744267246,28.063059000000003,87.59193835925926,26.42625,1.329084734180448,5003.0684,6137.858
RGI2000-v7.0-G-15-07372,,28.049310424794566,87.5824855345698,28.0554195,87.60113652211169,35.026165,2.473942880759719,4700.992,6277.2114
RGI2000-v7.0-G-15-07373,,28.042331932354543,87.62472381945636,28.041392,87.61141389456371,34.430176,1.421681072403151,5311.0664,6289.1475
RGI2000-v7.0-G-15-07374,,28.029389889688183,87.61322933192669,28.035317,87.60886851381579,32.39948,0.610576920362481,5242.288,6089.848
RGI2000-v7.0-G-15-07375,,28.03321421693453,87.5870734588035,28.036606499999998,87.59800910147916,30.086246,1.438950013376303,4903.3477,6170.6543
RGI2000-v7.0-G-15-07376,,28.021672101584556,87.59293095454083,28.0247755,87.60031431944444,37.27921,0.27296723921113,5045.835,6025.2837
RGI2000-v7.0-G-15-07377,,28.01773816782104,87.59340161058621,28.022044,87.60117254457555,30.46728,0.332745105098578,5033.6665,5898.492
RGI2000-v7.0-G-15-07378,,28.01345113453604,87.60765255005794,28.0193855,87.60607967264919,26.240099,1.046261453373835,5189.7915,6000.172
RGI2000-v7.0-G-15-07379,,28.00957330400259,87.59106090670018,28.012118,87.59582001593137,31.36037,0.433678763850714,4946.887,5569.89
RGI2000-v7.0-G-15-07380,,28.006647786908392,87.59928347260346,28.007410999999998,87.59997606349206,28.107079,0.024448835224107,5442.595,5539.556
RGI2000-v7.0-G-15-07381,,28.007701171472487,87.58792992629354,28.0067785,87.58975808856088,29.679338,0.073152336454551,4964.1367,5182.6113
RGI2000-v7.0-G-15-07382,,27.96578702659515,87.5901195690807,27.9592365,87.59233160745205,26.518673,0.736362567376379,4667.6304,5368.9556
RGI2000-v7.0-G-15-07383,,27.946751386281605,87.59301164130187,27.9485485,87.5917065206767,23.698751,0.074073756130134,5308.4497,5478.7847
RGI2000-v7.0-G-15-07384,,27.943121044164947,87.5902441080465,27.943586500000002,87.58767820461739,20.120197,0.163867817366314,5201.336,5377.853
RGI2000-v7.0-G-15-07385,,27.94756180493723,87.57923590105794,27.945117,87.5811629447285,30.892012,0.262415436168165,4850.3853,5223.033
RGI2000-v7.0-G-15-07386,,27.953621031463232,87.58219023382647,27.9504205,87.58430622344275,34.9425,0.473599009168824,4708.303,5427.815
RGI2000-v7.0-G-15-07387,,27.93947315173588,87.5704472266585,27.939719500000002,87.57683782604785,24.962624,0.373840549027671,4812.38,5312.912
RGI2000-v7.0-G-15-07388,,27.935576775964783,87.5818324604572,27.937335,87.5817151502201,29.104292,0.075279830243715,5407.2676,5564.6143
RGI2000-v7.0-G-15-07389,,27.93077570132743,87.57474612090748,27.9330695,87.57585370613373,23.4438,0.099278927089257,5252.395,5485.783
RGI2000-v7.0-G-15-07390,,27.935390076868583,87.56236126839134,27.935324,87.5637755543921,33.987553,0.054641244372079,5050.1543,5191.7695
RGI2000-v7.0-G-15-07391,,27.885198828847077,87.55099258019798,27.8836705,87.55199599120671,25.290323,0.077520525967788,4885.1094,5039.983
RGI2000-v7.0-G-15-07392,,27.886523353723113,87.54242192439645,27.8823345,87.54438785407612,27.095242,0.409780964406374,4803.0815,5305.4326
RGI2000-v7.0-G-15-07393,,27.876459404220952,87.53651777595269,27.874806,87.5411352460563,26.66628,0.294140896462717,4985.799,5429.836
RGI2000-v7.0-G-15-07394,,27.855725376839526,87.57104389696586,27.858833,87.57403142213104,22.953482,0.227641467289049,4894.6167,5237.781
RGI2000-v7.0-G-15-07395,,27.857200751113382,87.5900206907559,27.8572195,87.58745002246214,34.098083,0.118986561534307,5244.408,5638.023
RGI2000-v7.0-G-15-07397,,27.85084932158201,87.59691873264907,27.847830000000002,87.59131252317016,20.188654,0.814620726843162,5007.179,5624.8965
RGI2000-v7.0-G-15-07398,,27.83357588551919,87.59360851549185,27.833332,87.59192575025419,24.251537,0.126338823171756,5272.515,5406.4463
RGI2000-v7.0-G-15-07400,,27.81770430332094,87.5939236834193,27.8191475,87.59305862693157,35.486786,0.07972996154368,5396.326,5617.078
RGI2000-v7.0-G-15-07401,,27.83105722851167,87.60589239766765,27.825568,87.60557331547619,22.175228,0.793163746154501,4971.373,5482.0576
RGI2000-v7.0-G-15-07404,,27.816701420331395,87.62073901180304,27.8144615,87.61615093000381,25.208218,0.22946104994575,5252.2,5638.919
RGI2000-v7.0-G-15-07405,,27.812086956174525,87.62217991248296,27.808259,87.61645259318746,21.509563,0.580514249931261,5198.341,5577.682
RGI2000-v7.0-G-15-07406,,27.80492988062831,87.66200641358856,27.804491,87.6626156637682,27.613556,0.023423675035882,5199.2886,5293.9
RGI2000-v7.0-G-15-07407,,27.81218059255274,87.65878866990501,27.810702,87.663577,22.11456,0.241102666847382,5216.0264,5533.334
RGI2000-v7.0-G-15-07408,,27.818397050119504,87.6600206180078,27.816519,87.66205693695595,27.843,0.108092024534941,5213.3726,5410.7085
RGI2000-v7.0-G-15-07409,,27.819288816849653,87.66183984389221,27.819646499999998,87.66264787311016,30.802105,0.015616805305103,5299.6206,5376.111
RGI2000-v7.0-G-15-07410,,27.823728568549456,87.6679376509576,27.822693,87.66618539278937,25.27786,0.136078618830289,5326.9727,5537.2734
RGI2000-v7.0-G-15-07411,,27.82712746737252,87.66034772040645,27.8292915,87.66402324773443,25.430428,0.653324567561675,5228.2183,5734.268
RGI2000-v7.0-G-15-07412,,27.837633429883223,87.66248629091794,27.837012,87.66302753373257,35.629677,0.019255780373587,5386.0854,5487.569
RGI2000-v7.0-G-15-07413,,27.842429828094964,87.66501731988359,27.8395245,87.66672298045904,27.066025,0.401717508447232,5157.0156,5683.5938
RGI2000-v7.0-G-15-07414,,27.832191842959535,87.67346409239236,27.830767,87.67333909181328,32.2967,0.063514762845399,5367.521,5536.311
RGI2000-v7.0-G-15-07420,,27.782768022542037,87.66673314383551,27.783469500000002,87.66961720800083,26.46465,0.18880034593159,5081.8193,5399.068
RGI2000-v7.0-G-15-07422,,27.779118002889476,87.66408032845636,27.777960999999998,87.66572924543445,30.56661,0.253559858862583,5022.9375,5385.8506
RGI2000-v7.0-G-15-07423,,27.77444175118724,87.66459907293235,27.7742515,87.66555397747231,32.496002,0.0255037060553,5262.752,5382.88
RGI2000-v7.0-G-15-07424,,27.769556299410468,87.6595931269903,27.7709985,87.66579795772059,24.680853,0.27086601169543,5023.202,5526.2134
RGI2000-v7.0-G-15-07425,,27.76736678684147,87.65845252267313,27.766385999999997,87.66030145402299,37.08022,0.123419797482245,5102.141,5441.547
RGI2000-v7.0-G-15-07426,,27.7659277041691,87.6544933084889,27.7647005,87.65554289034321,32.24516,0.071568947469811,5167.773,5397.1973
RGI2000-v7.0-G-15-07430,,27.75176455666313,87.67719142106867,27.7524455,87.68017757301402,24.939878,0.121881942734929,5126.959,5334.8994
RGI2000-v7.0-G-15-07431,,27.751875842326207,87.68693371861731,27.751761000000002,87.68576137113402,25.75271,0.029216646858124,5155.694,5241.812
RGI2000-v7.0-G-15-07432,,27.757505408909005,87.68680510923797,27.7558185,87.68545561932939,24.59147,0.098644966908144,5059.8237,5310.3125
RGI2000-v7.0-G-15-07434,,27.747618329397067,87.66084127968844,27.7465825,87.65963348394226,22.778591,0.09437322696546,5121.0244,5234.884
RGI2000-v7.0-G-15-07435,,27.7466610699812,87.64987608190685,27.748769000000003,87.65495554361823,20.087255,0.59132977274185,5000.266,5312.8267
RGI2000-v7.0-G-15-07438,,27.726463185440544,87.63886385271867,27.724745,87.63956719711732,27.723879,0.08509656806427,5002.4595,5209.34
RGI2000-v7.0-G-15-07439,,27.723498309513907,87.64586871508774,27.719116,87.64563325009861,25.56786,0.441497574396155,4911.1255,5479.013
RGI2000-v7.0-G-15-07440,,27.712862365479673,87.6490891665784,27.7139135,87.64434968366555,30.105362,0.39120963064047,4987.147,5587.116
RGI2000-v7.0-G-15-07441,,27.710010488208958,87.64675255845479,27.7097765,87.64357969891827,29.782484,0.09770778111007,5060.7354,5499.2905
RGI2000-v7.0-G-15-07442,,27.703502616627993,87.64311383518928,27.706744999999998,87.64093910545023,35.591034,0.132346194339468,5096.7246,5680.081
RGI2000-v7.0-G-15-07443,,27.703872493793035,87.63234438842011,27.707531,87.6296993727274,25.832087,0.225889929899801,5009.445,5368.445
RGI2000-v7.0-G-15-07444,,27.70449033584313,87.62697600272449,27.707103500000002,87.62481859875,24.39157,0.194625841692801,5123.124,5412.081
RGI2000-v7.0-G-15-07445,,27.6994045620483,87.6267837286436,27.705237,87.6179696770115,23.817163,0.678901007687161,4972.1406,5592.207
RGI2000-v7.0-G-15-07446,,27.699136248364457,87.61659751778546,27.6993665,87.61462883168704,38.658493,0.057825814761367,5485.737,5771.9106
RGI2000-v7.0-G-15-07447,,27.69011883655908,87.62234502068623,27.69332,87.61972593810043,26.081528,0.537302529070234,5172.7324,5636.241
RGI2000-v7.0-G-15-07448,,27.68710270671126,87.61495997524783,27.686851500000003,87.61551269756356,31.663652,0.03918703345663,5257.3457,5384.829
RGI2000-v7.0-G-15-07449,,27.689839740502237,87.60752260618372,27.689704499999998,87.61127198275861,20.506989,0.412093124151953,4997.7324,5383.6104
RGI2000-v7.0-G-15-07450,,27.685206166032135,87.60718062816562,27.685102999999998,87.60815926069182,34.45037,0.022252568201729,5117.8013,5248.89
RGI2000-v7.0-G-15-07451,,27.678975713001172,87.60525771276455,27.6770455,87.60990337252609,23.585579,0.282086332631316,4860.336,5256.3936
RGI2000-v7.0-G-15-07452,,27.676457505623212,87.60515305979823,27.675607,87.60516752962086,21.7331,0.025880828299529,4955.194,5065.524
RGI2000-v7.0-G-15-07453,,27.678039036072988,87.61710250932558,27.677805,87.61535719109702,23.099524,0.089104974820961,5079.72,5216.5186
RGI2000-v7.0-G-15-07455,,27.705133529939136,87.60189541713883,27.706341000000002,87.60967973087071,22.29106,0.966489826795812,4829.008,5640.278
RGI2000-v7.0-G-15-07456,,27.715654090400395,87.60102633326096,27.7172415,87.60691783882389,21.6535,0.568364453767001,5007.659,5490.057
RGI2000-v7.0-G-15-07457,,27.72277576095402,87.61430600462636,27.718209,87.61459944816528,24.566286,0.381046784498307,5111.965,5523.27
RGI2000-v7.0-G-15-07459,,27.726159867960504,87.63248436981625,27.718723,87.63209830042734,21.96462,0.956944813334619,4938.5825,5556.494
RGI2000-v7.0-G-15-07460,,27.72857662136869,87.61162403667939,27.727240000000002,87.61071143975903,26.283377,0.057219475734588,5165.0044,5347.976
RGI2000-v7.0-G-15-07461,,27.726122509873,87.6064551477965,27.7251305,87.60830483019218,23.178091,0.097310351049132,5079.565,5251.9214
RGI2000-v7.0-G-15-07462,,27.67798750577704,87.7053265394183,27.6778135,87.70640518033176,30.33404,0.025691808814026,4942.696,5076.7637
RGI2000-v7.0-G-15-07463,,27.739316657505572,87.78553692776987,27.738694,87.78710265860215,20.642408,0.042053362993608,4956.4316,5054.7407
RGI2000-v7.0-G-15-07464,,27.75622184701719,87.79280964944728,27.755868999999997,87.79542156886069,31.441814,0.068802444734841,5055.1455,5372.7075
RGI2000-v7.0-G-15-07465,,27.761254360528604,87.79527876396634,27.758364999999998,87.7982111361386,27.24631,0.325695725679928,4953.186,5486.6665
RGI2000-v7.0-G-15-07466,,27.760834854988527,87.79911158223807,27.759902500000003,87.8007806292373,39.67293,0.075796218285266,5224.157,5455.0146
RGI2000-v7.0-G-15-07467,,27.765931518021315,87.7975063448437,27.7635935,87.80486060728354,21.604658,0.385462839011002,5015.613,5401.33
RGI2000-v7.0-G-15-07468,,27.763015913806285,87.80977867327083,27.765009,87.80922563409081,29.325518,0.066038718286054,5117.888,5334.9136
RGI2000-v7.0-G-15-07469,,27.767907361352467,87.81620274170032,27.7677455,87.81451219518954,29.92388,0.098934849717657,5216.871,5395.1523
RGI2000-v7.0-G-15-07471,,27.776922826828194,87.81209681224378,27.776196499999998,87.81033849064042,21.87992,0.053943389431296,5419.025,5506.517
RGI2000-v7.0-G-15-07472,,27.778764072190427,87.80323175397467,27.778345,87.8049716508165,32.25659,0.063255141107931,5106.9614,5299.0356
RGI2000-v7.0-G-15-07473,,27.776309180099744,87.79981204594502,27.772115,87.80505586363637,23.570732,0.472028576749235,4993.2905,5443.582
RGI2000-v7.0-G-15-07474,,27.761792656064813,87.81480691780892,27.761397,87.81587238225902,31.464859,0.021601960232468,5101.533,5191.8975
RGI2000-v7.0-G-15-07475,,27.759898515629114,87.81678970302193,27.759556500000002,87.8173909123532,26.136442,0.011843649058169,5214.134,5280.415
RGI2000-v7.0-G-15-07476,,27.76075676205534,87.82187286269873,27.759242999999998,87.822754617513,25.28657,0.039040447588315,5007.297,5153.156
RGI2000-v7.0-G-15-07477,,27.74919718653189,87.8166896293644,27.748732500000003,87.8179616894869,30.197569,0.043661052069544,4917.6416,5085.05
RGI2000-v7.0-G-15-07478,,27.781730398580567,87.81812717390272,27.784822,87.81715261563878,25.003157,0.280367599055484,5275.8867,5643.5483
RGI2000-v7.0-G-15-07479,,27.78844687955988,87.82645878198649,27.7886905,87.82039872550797,26.097946,0.418885643321524,5136.2905,5703.956
RGI2000-v7.0-G-15-07480,,27.795949025244393,87.81815827721184,27.7941815,87.81658754917413,41.461506,0.08527241821052,5310.51,5671.276
RGI2000-v7.0-G-15-07481,,27.800605659158485,87.8153224988254,27.7993755,87.81227603285123,24.720598,0.162774755931844,5106.4556,5450.6367
RGI2000-v7.0-G-15-07482,,27.810221856460593,87.81558530607785,27.8085235,87.81260202451358,23.911608,0.134144706036504,5318.2314,5520.2466
RGI2000-v7.0-G-15-07483,,27.813013917470787,87.806662756283,27.812378000000002,87.80792475999885,33.73434,0.043480801214526,5636.5933,5738.6816
RGI2000-v7.0-G-15-07485,,27.82394513359546,87.79784899060587,27.8229585,87.79748224007962,34.8825,0.043741005257931,5240.475,5438.297
RGI2000-v7.0-G-15-07486,,27.823728683590524,87.79501953233103,27.820991499999998,87.79324725497018,38.513657,0.0979600194397,5395.6826,5872.5547
RGI2000-v7.0-G-15-07487,,27.827723181476312,87.79385129806421,27.8250215,87.79163658310023,28.222303,0.194624449788459,5275.062,5590.3076
RGI2000-v7.0-G-15-07488,,27.832864723012783,87.79215637929146,27.8317605,87.79085981991526,29.653658,0.041900286149136,5388.2734,5574.416
RGI2000-v7.0-G-15-07489,,27.83548704199705,87.78882998110645,27.83336,87.78917950811575,37.84827,0.102769303080914,5180.888,5575.6777
RGI2000-v7.0-G-15-07490,,27.838373968015166,87.78470564371386,27.830994500000003,87.78265592397113,28.244123,1.102562897361544,5042.472,5919.475
RGI2000-v7.0-G-15-07491,,27.84163123079878,87.77440550217959,27.839757499999997,87.7733659812913,39.25356,0.070181932786838,5422.86,5818.531
RGI2000-v7.0-G-15-07492,,27.84338375094018,87.78432530169137,27.8494765,87.77697111726937,21.052042,4.11497376565567,4934.329,6191.9893
RGI2000-v7.0-G-15-07493,,27.856081091229186,87.76366906590746,27.855504,87.76430971459217,32.13756,0.027554876994701,5838.9746,5931.4097
RGI2000-v7.0-G-15-07494,,27.855619412016527,87.75650828960507,27.859115000000003,87.76057905591738,25.54763,0.375993483896432,5394.9536,5931.0503
RGI2000-v7.0-G-15-07495,,27.855455799696923,87.74794692540397,27.8675905,87.76951738277833,22.969841,3.244936366594022,5233.1426,6333.3115
RGI2000-v7.0-G-15-07496,,27.869931183421734,87.7842764318466,27.869563999999997,87.78252295219124,38.870213,0.058695952218569,5747.0757,6050.2944
RGI2000-v7.0-G-15-07497,,27.88376636246305,87.79671827530196,27.8771735,87.78005744707207,32.181286,2.838239592075661,4796.4487,6336.4756
RGI2000-v7.0-G-15-07498,,27.881015232867636,87.79327875026426,27.878659499999998,87.79161889587853,29.983112,0.170529520683862,5139.9243,5549.926
RGI2000-v7.0-G-15-07499,,27.881958488169083,87.80469906020008,27.8761715,87.79471768726049,24.584183,0.684850878558264,4685.6953,5685.1655
RGI2000-v7.0-G-15-07500,,27.868513588282635,87.80067063356336,27.866218500000002,87.7965749847132,29.51025,0.462872694653667,5050.871,5766.131
RGI2000-v7.0-G-15-07501,,27.858622829865013,87.79466470661606,27.8606725,87.79417492067402,26.962864,0.091118011909284,5530.0327,5768.366
RGI2000-v7.0-G-15-07502,,27.857111286032623,87.79078398213832,27.8601765,87.788880450275,32.57652,0.234975436882122,5336.292,5779.2954
RGI2000-v7.0-G-15-07505,,27.820358490188156,87.75164616006428,27.830287,87.75043909685284,24.603592,1.702150292981549,4929.146,6181.882
RGI2000-v7.0-G-15-07506,,27.822692728176047,87.74000377872758,27.8280475,87.74247538026374,21.769268,0.293702355055756,5188.738,5665.642
RGI2000-v7.0-G-15-07507,,27.82678972558139,87.73323030253033,27.8293755,87.73718750336323,26.515766,0.146807472871323,5144.7837,5445.2173
RGI2000-v7.0-G-15-07508,,27.83663651065386,87.72395839012877,27.8366565,87.72490379078118,28.155087,0.030073971185799,5320.435,5417.8057
RGI2000-v7.0-G-15-07509,,27.843712523234128,87.72190390870134,27.843338,87.72359022713712,20.473297,0.073049704134615,5368.805,5470.1255
RGI2000-v7.0-G-15-07511,,27.850604890778285,87.70699299999994,27.849793499999997,87.70602129501084,41.613712,0.023445985435401,5595.6865,5771.715
RGI2000-v7.0-G-15-07512,,27.87320785066084,87.71124889963181,27.8740425,87.71276980941704,29.377134,0.065857393254817,5568.6904,5737.175
RGI2000-v7.0-G-15-07513,,27.87182166825844,87.71922572082956,27.873617,87.72111870973154,21.584463,0.09292447701924,5470.618,5607.777
RGI2000-v7.0-G-15-07514,,27.86798649701958,87.72351219409886,27.869637500000003,87.72483828201663,37.200466,0.114229619218021,5651.377,6023.266
RGI2000-v7.0-G-15-07515,,27.86766011049369,87.72850246327432,27.869656499999998,87.7295855422632,42.880463,0.060482933115196,5696.8003,6100.1743
RGI2000-v7.0-G-15-07516,,27.866974902257933,87.74281331683638,27.869704,87.74410703674866,41.941048,0.339052715955465,5611.878,6347.6
RGI2000-v7.0-G-15-07517,,27.863497457730357,87.74280012258167,27.8632705,87.74398363469186,36.00708,0.02349863759446,5590.741,5751.704
RGI2000-v7.0-G-15-07518,,27.887697023947567,87.69776782763508,27.881622999999998,87.71683851127548,20.399406,3.795101572250056,5160.098,6325.4243
RGI2000-v7.0-G-15-07519,,27.893176439178276,87.72314329264533,27.893250000000002,87.72535604468865,29.247856,0.308728426889018,5553.0,5968.2627
RGI2000-v7.0-G-15-07520,,27.894513199786132,87.72167406903336,27.897845500000003,87.7226966635776,30.751068,0.29749198873474,5560.618,6081.313
RGI2000-v7.0-G-15-07521,,27.90000466480161,87.73530420246436,27.898091,87.73245476126125,27.874214,0.090958910911222,5626.716,5867.6846
RGI2000-v7.0-G-15-07522,,27.92278360388607,87.75114132020128,27.8977725,87.74148506826583,20.13766,7.922966763461276,5071.742,6315.2563
RGI2000-v7.0-G-15-07523,,27.898439950105992,87.74910457091661,27.8966255,87.7480655516016,45.179222,0.087514175853468,5553.25,5970.0254
RGI2000-v7.0-G-15-07524,,27.90936500522991,87.76834249168216,27.908666500000002,87.76772276360678,35.41311,0.020915754942037,5620.261,5736.0615
RGI2000-v7.0-G-15-07525,,27.910982375969876,87.77236509417533,27.9076795,87.77295676947892,36.15077,0.110395768931072,5395.916,5892.952
RGI2000-v7.0-G-15-07526,,27.909096225412807,87.77415003925114,27.908666,87.77573111157025,40.65754,0.022763115586466,5591.477,5789.277
RGI2000-v7.0-G-15-07527,,27.913224735385967,87.78279006653896,27.9123835,87.7823255280531,41.21769,0.023457699816606,5362.186,5534.145
RGI2000-v7.0-G-15-07528,,27.895186648127204,87.79158577080452,27.899711,87.792687584503,35.318874,0.413409511670465,5172.305,5854.78
RGI2000-v7.0-G-15-07529,,27.915798140671892,87.81166223371241,27.9154045,87.80971886852589,27.517693,0.080310206539291,5363.218,5558.845
RGI2000-v7.0-G-15-07530,,27.915532579694894,87.81497331877017,27.918616,87.81579703402184,26.715248,0.175196318999935,5253.4185,5636.6396
RGI2000-v7.0-G-15-07531,,27.917039049201314,87.81833680608163,27.919523499999997,87.81956150395132,35.053646,0.192368918102862,5561.1147,5895.988
RGI2000-v7.0-G-15-07532,,27.910343752420967,87.8223564268929,27.9149545,87.82479837135321,31.999203,0.320077194495724,5292.5938,5896.606
RGI2000-v7.0-G-15-07533,,27.923856547551026,87.82955561262769,27.92179,87.82833403591191,34.527607,0.085274406738495,5483.6577,5934.222
RGI2000-v7.0-G-15-07535,,27.936786282457856,87.80192164800216,27.938558,87.8020455675,30.972414,0.09053679277384,5703.626,5963.2373
RGI2000-v7.0-G-15-07536,,27.94481131651249,87.78911652348131,27.9408085,87.79590727686914,23.653566,0.577821829384043,5373.691,5946.042
RGI2000-v7.0-G-15-07537,,27.945136270806998,87.77968058487652,27.944541,87.7809709997766,35.31991,0.031118807092218,5441.247,5596.376
RGI2000-v7.0-G-15-07538,,27.942695978229164,87.77544937688586,27.9420905,87.77498191694079,33.43687,0.014779915873738,5623.2266,5727.742
RGI2000-v7.0-G-15-07541,,27.957609196073822,87.81602488426333,27.9565415,87.81568468076924,39.41808,0.041186278669828,5742.526,5948.9604
RGI2000-v7.0-G-15-07542,,27.940177005907117,87.83192308665393,27.946283,87.83507456172839,26.610527,0.793127691573466,5510.499,6186.5884
RGI2000-v7.0-G-15-07545,,27.96254331889632,87.86629364197978,27.961806,87.86622603770492,38.519978,0.029273307356993,5887.753,6018.453
RGI2000-v7.0-G-15-07546,,27.96326407485655,87.87103656665334,27.957687,87.87188449053309,21.318525,0.39691495083288,5706.8687,6256.0293
RGI2000-v7.0-G-15-07547,,27.95027961834552,87.87294181843403,27.9512545,87.871303524959,39.253723,0.128455686567431,6126.0557,6340.375
RGI2000-v7.0-G-15-07548,,27.945988049948546,87.85993463427816,27.948670999999997,87.86393552816901,27.27383,0.070434923491855,6037.5254,6314.526
RGI2000-v7.0-G-15-07550,,27.931817861115533,87.88794275792746,27.934308,87.88077703032869,36.101753,0.621328997676155,5783.7754,6339.463
RGI2000-v7.0-G-15-07552,,27.937659728625512,87.88920787969214,27.936842,87.88848443303289,48.49893,0.031802634549865,5903.9995,6178.914
RGI2000-v7.0-G-15-07553,,27.939030295249303,87.89267003978848,27.937079500000003,87.89216874231889,41.291527,0.068972281962143,5626.195,6098.7495
RGI2000-v7.0-G-15-07554,,27.94958684401845,87.88754543553385,27.951598,87.88807239998638,35.061176,0.186481596420685,5946.5938,6266.7983
RGI2000-v7.0-G-15-07555,,27.95627459255431,87.88983247338012,27.9553735,87.88929009786185,38.95046,0.026371763380919,6028.6274,6200.456
RGI2000-v7.0-G-15-07556,,27.96150307526151,87.88683210703797,27.956342999999997,87.8826394549373,27.121119,0.61292666802018,5648.7163,6265.169
RGI2000-v7.0-G-15-07557,,27.963583787285803,87.87992567642446,27.962486,87.87840907327586,38.76956,0.06668548310039,5875.9707,6110.9224
RGI2000-v7.0-G-15-07558,,27.98352162700175,87.87022434684458,27.981488,87.8686036026971,40.427696,0.155266596998274,5787.837,6187.7617
RGI2000-v7.0-G-15-07559,,27.97785244290678,87.86240356895755,27.9795735,87.86356254556286,30.780956,0.114087387152661,5985.7524,6227.969
RGI2000-v7.0-G-15-07560,,27.986105380868338,87.8623754596687,27.983697499999998,87.86332412062501,31.665104,0.129579625194659,5821.633,6191.4404
RGI2000-v7.0-G-15-07561,Kazuopu Glacier,27.988226864167185,87.85823051018775,27.986503499999998,87.85791543843624,30.320267,0.06468336641923,5808.8506,6014.775
RGI2000-v7.0-G-15-07562,,27.988762622168473,87.85491043795989,27.9867985,87.85439751741802,32.353466,0.06382857280587,5929.265,6171.0513
RGI2000-v7.0-G-15-07564,,27.979094212140662,87.85671122639519,27.981171,87.85713416218303,22.573933,0.098327032722742,5886.9116,6069.118
RGI2000-v7.0-G-15-07565,,27.984690833963377,87.83946837681218,27.985243,87.84164219231835,21.3168,0.456096401403145,5717.8564,6077.6274
RGI2000-v7.0-G-15-07567,,27.991897607807026,87.84529509591134,27.992414,87.8457748375,37.641487,0.023528378955132,6051.077,6159.8765
RGI2000-v7.0-G-15-07570,,28.00042610463924,87.83162471229707,27.9974875,87.83500558493722,24.912004,0.525754609601857,5624.4497,6003.979
RGI2000-v7.0-G-15-07572,,27.984946030150137,87.81059020084342,27.983562,87.80977549855126,42.030327,0.059870717182546,5861.4263,6165.1865
RGI2000-v7.0-G-15-07573,,27.987104748655636,87.80836650287479,27.984116,87.80586730128205,25.89653,0.241750120246872,5778.812,6188.4927
RGI2000-v7.0-G-15-07574,,27.976070788339356,87.81063506092543,27.9798255,87.81401942341103,23.137144,0.326457534655424,5807.6304,6139.327
RGI2000-v7.0-G-15-07575,,27.975036342647066,87.83440423780094,27.9731485,87.83419500042004,31.248058,0.059983607239594,5706.085,5960.9155
RGI2000-v7.0-G-15-07576,,28.00921803077306,87.84735104645691,28.011446499999998,87.8488138561485,27.760033,0.089745053950927,6068.423,6247.852
RGI2000-v7.0-G-15-07578,,28.022597244562153,87.86958728294472,28.015570500000003,87.86799233848734,25.174967,0.745513206175423,5676.157,6415.2407
RGI2000-v7.0-G-15-07579,,28.008731418678575,87.86912707429076,28.008657,87.87089168838862,41.50443,0.056073562016589,6378.972,6543.505
RGI2000-v7.0-G-15-07580,,28.004771182394563,87.8748615883379,28.0059135,87.87247634842521,40.83698,0.092958487962365,6093.671,6466.7437
RGI2000-v7.0-G-15-07581,,28.00413830492052,87.86925262854537,28.005637999999998,87.86848698477877,37.42881,0.040452513665299,6120.8975,6393.8467
RGI2000-v7.0-G-15-07582,,28.00830742607437,87.86565805731604,28.007769,87.86637845415709,46.030594,0.029625536057137,6247.6494,6427.7734
RGI2000-v7.0-G-15-07583,,28.00952355833258,87.88442135274433,28.009102,87.88475625963719,55.332954,0.022316988993201,5993.556,6195.628
RGI2000-v7.0-G-15-07584,,28.010400201543103,87.8896867769825,28.009079,87.8883035,40.345253,0.05375242040029,6161.7383,6314.0225
RGI2000-v7.0-G-15-07585,,28.01301716644925,87.89548779704911,28.011251,87.89365884897146,37.451897,0.141499677618547,5800.9185,6253.608
RGI2000-v7.0-G-15-07586,,28.012657617547987,87.89756487176356,28.010844499999997,87.89752073979592,41.555027,0.069158759737727,5844.6436,6222.4365
RGI2000-v7.0-G-15-07589,,28.026512464081186,87.88600686889237,28.0250655,87.88405844636475,34.007954,0.155325868759629,5838.154,6146.982
RGI2000-v7.0-G-15-07590,,28.038749284837916,87.90404504582408,28.0403715,87.90369201070337,34.726097,0.052739812107358,6012.193,6231.3955
RGI2000-v7.0-G-15-07591,,28.05154835519983,87.90073198575838,28.046745,87.90007111702128,31.050005,0.51292880990656,5601.4585,6230.579
RGI2000-v7.0-G-15-07592,,28.051204586107858,87.89326157282824,28.049263,87.89192056763999,27.781012,0.133565954668044,5743.459,5996.3774
RGI2000-v7.0-G-15-07593,,28.065648481252072,87.89034169103535,28.062614,87.88354071357696,26.493668,0.679480423056263,5625.437,6138.361
RGI2000-v7.0-G-15-07594,,28.058035144207754,87.87332512457571,28.0573895,87.87604448039215,21.819431,0.295126632714336,5807.606,6067.6606
RGI2000-v7.0-G-15-07595,,28.05585650266574,87.90837003417533,28.0549225,87.90890846439507,39.26001,0.035850660290059,5843.2314,6041.795
RGI2000-v7.0-G-15-07596,,28.046498987483677,87.91189773768969,28.0456135,87.9095647773832,24.401226,0.077718173591446,5829.3335,6019.247
RGI2000-v7.0-G-15-07598,,28.037503477843874,87.9215846027891,28.034632000000002,87.91723600779036,23.218243,0.235074880419153,5699.0913,6031.421
RGI2000-v7.0-G-15-07599,,28.042442879868585,87.9291291867955,28.0338705,87.92636417198436,23.72304,1.12827151177435,5463.59,6154.1787
RGI2000-v7.0-G-15-07600,,28.00978242123306,87.98134691555643,28.008313,87.98084337324981,35.15601,0.032315837530509,5977.2637,6176.9395
RGI2000-v7.0-G-15-07601,,28.012831242008584,87.98204079611162,28.010658,87.98474667482517,35.47985,0.101078351799709,5742.7793,6121.2734
RGI2000-v7.0-G-15-07603,,28.026185067216772,87.9909917360852,28.022935,87.99475797674418,34.60923,0.17103252778032,5716.0635,6212.436
RGI2000-v7.0-G-15-07604,,28.038496903778366,88.00540290319405,28.0262125,88.00429849420371,22.933,1.286353329110063,5549.0273,6310.3164
RGI2000-v7.0-G-15-07607,,28.022566769953126,88.03806788190916,28.022162,88.03911740292034,35.872227,0.035597055123674,6282.1343,6436.198
RGI2000-v7.0-G-15-07608,,28.024610139125343,88.03226467687166,28.028484499999998,88.03639228503184,26.188719,0.300987201097578,5852.1587,6326.0747
RGI2000-v7.0-G-15-07609,,28.035039587288896,88.0407439498715,28.0335665,88.04063292569742,37.384422,0.047927574963221,6184.194,6385.5376
RGI2000-v7.0-G-15-07610,,28.037358493803136,88.0324629005547,28.034864,88.03725948290598,40.211662,0.381530306078954,5652.159,6374.371
RGI2000-v7.0-G-15-07611,,28.04329298813968,88.04153459570429,28.0413965,88.0412628347695,40.351463,0.086207714459839,5848.823,6085.561
RGI2000-v7.0-G-15-07612,Bangxia Glacier,28.049521230768573,88.04505865747278,28.0272205,88.05065496680328,21.14974,3.499705514987642,5394.16,6694.835
RGI2000-v7.0-G-15-07614,,28.047966998630102,88.06953704017548,28.0442015,88.06825325850785,26.611828,0.240700151680371,5627.662,6027.7305
RGI2000-v7.0-G-15-07615,,28.06370394203259,88.06665356242397,28.058852,88.06462037763976,31.021605,0.288145698013529,5447.388,6038.2524
RGI2000-v7.0-G-15-07616,,28.052941271670196,88.09898849504938,28.051090000000002,88.09745903085107,28.52833,0.050765134160358,5724.61,5923.317
RGI2000-v7.0-G-15-07617,,28.044904592648926,88.10299158594765,28.043494000000003,88.09940657288423,24.130638,0.263089275897672,5651.2964,5978.5776
RGI2000-v7.0-G-15-07618,,28.045368514397165,88.08764651433688,28.03767,88.08948065408549,20.1612,0.761495617852881,5580.756,6232.711
RGI2000-v7.0-G-15-07619,,28.0374193002157,88.10587093649896,28.032182,88.09963384609628,21.19932,0.962529225952095,5643.2,6235.131
RGI2000-v7.0-G-15-07620,,28.023106191348717,88.08860643848789,28.02197,88.09114786886366,30.482239,0.106088449467674,5997.816,6253.1064
RGI2000-v7.0-G-15-07621,,28.022669265234217,88.09543860765197,28.019767,88.09213901000001,29.151655,0.157857446661541,6012.5547,6277.6733
RGI2000-v7.0-G-15-07623,,28.026485945295565,88.1115220893571,28.011654,88.11718712442664,23.206001,2.348348921749869,5561.6113,6637.922
RGI2000-v7.0-G-15-07624,,28.01460471151033,88.14569664593031,28.006801,88.12994653060707,20.99424,1.994403044637825,5587.322,6552.644
RGI2000-v7.0-G-15-07625,,28.01582156069708,88.13844754723982,28.0186135,88.1321120307722,22.889114,0.67616791214553,5812.146,6327.297
RGI2000-v7.0-G-15-07626,,28.03417942500554,88.1476630194334,28.0274535,88.14076259468843,20.674658,0.836002117245083,5532.5884,6288.5806
RGI2000-v7.0-G-15-07627,,28.040641611307787,88.13722734532774,28.030381499999997,88.1313479849495,23.286102,2.047087352074355,5532.7227,6289.3447
RGI2000-v7.0-G-15-07628,,28.015214546342516,88.15734605444621,28.014497,88.15847025669798,33.13518,0.506208452221321,5761.6943,6220.367
RGI2000-v7.0-G-15-07629,,28.00999897366746,88.16625488180972,28.013527,88.16458272854078,28.87009,0.145319202949058,5950.3643,6212.566
RGI2000-v7.0-G-15-07630,,28.005207410190298,88.16371932004135,28.008509500000002,88.16159536656782,22.065498,0.207886888244335,5924.138,6221.094
RGI2000-v7.0-G-15-07631,,28.004382222438586,88.15267651527168,28.0021825,88.15724412063808,33.082283,0.142003518543083,5803.17,6183.163
RGI2000-v7.0-G-15-07632,,27.99835485994635,88.16431897889966,27.997574999999998,88.15859667967331,27.842125,0.531747520463097,5820.978,6348.2217
RGI2000-v7.0-G-15-07634,,27.983519840355317,88.17199956388232,27.9703295,88.15960713757254,23.533504,5.358393865633941,5550.6343,6769.6895
RGI2000-v7.0-G-15-07635,,27.990692599582598,88.17355980515235,27.9702325,88.17892909675733,22.893255,4.334349699431305,5478.753,6879.7065
RGI2000-v7.0-G-15-07636,,27.991071549053277,88.20938471978853,27.9662885,88.19998738675072,20.401182,6.158893956455226,5243.2153,6508.0576
RGI2000-v7.0-G-15-07637,,27.97528588634001,88.2055694673556,27.9740005,88.2096095782313,33.08704,0.299181828268934,5651.792,6159.065
RGI2000-v7.0-G-15-07639,,27.973727634661273,88.23449062216626,27.973788499999998,88.23793523954365,40.031345,0.221465830914664,6032.6914,6465.822
RGI2000-v7.0-G-15-07640,,27.989744105348734,88.23851949935887,27.981515,88.23841722981135,29.61199,0.440037161393381,5593.7744,6421.727
RGI2000-v7.0-G-15-07641,,27.979014139940723,88.25630273670545,27.977134999999997,88.2617379143964,34.200127,0.205800505956136,5677.6865,6260.1143
RGI2000-v7.0-G-15-07644,,27.977356099467414,88.28513246129945,27.976187000000003,88.28410444360398,45.767376,0.044225363297272,5832.448,6133.6323
RGI2000-v7.0-G-15-07648,,27.976385587998923,88.31790003249938,27.975293999999998,88.31429159865456,22.525661,0.157369568215608,5423.412,5783.252
RGI2000-v7.0-G-15-07649,,27.975376019791685,88.32000334300581,27.977825,88.32231701101915,23.998878,0.285406558147623,5320.8403,5783.3003
RGI2000-v7.0-G-15-07650,,27.974467002387822,88.32480517418517,27.9752485,88.33037979071746,28.879154,0.314757138205995,5467.243,5927.2905
RGI2000-v7.0-G-15-07651,,27.992447525325307,88.32343881093715,27.983887000000003,88.33048075867204,24.736128,1.213502414223689,5308.025,6151.283
RGI2000-v7.0-G-15-07652,,27.972314926669934,88.34323797930207,27.9788395,88.33984310272395,34.56726,0.461179778012111,5251.4067,6176.3027
RGI2000-v7.0-G-15-07653,,27.980970420096025,88.3490290209634,27.983728,88.34439349159663,34.587948,0.274637714744742,5448.1924,6187.1743
RGI2000-v7.0-G-15-07654,Yare,28.00017887481169,88.33082818863795,27.9933135,88.33544591599268,28.05809,1.18380988847862,5317.621,6181.7637
RGI2000-v7.0-G-15-07656,,28.012492164017274,88.35768534980772,27.9998795,88.35957809522569,20.038527,2.079272610667176,5213.122,6138.2812
RGI2000-v7.0-G-15-07659,,27.994637392804815,88.39183290790032,27.988083500000002,88.38526878379531,22.131706,1.456004162419932,5306.8174,5843.141
RGI2000-v7.0-G-15-07660,,27.97493869858679,88.3769035350154,27.9789525,88.38377758085775,26.613567,0.637969821872641,5203.005,5850.499
RGI2000-v7.0-G-15-07661,,27.97251765075278,88.37461113923908,27.9809615,88.37628833255269,21.742369,1.175869482087885,5077.5176,6113.2666
RGI2000-v7.0-G-15-07662,,27.978753135110757,88.36851801074015,27.983127000000003,88.3673994806935,37.328857,0.201859336863044,5509.9126,6043.024
RGI2000-v7.0-G-15-07663,,27.979102820252688,88.35674911453161,27.984287000000002,88.36092075159236,30.371069,1.061804667580722,5189.0283,6168.607
RGI2000-v7.0-G-15-07664,,28.009298297925607,88.37539686124441,28.006981500000002,88.37661229361291,34.705322,0.16935080181685,5578.9927,5947.513
RGI2000-v7.0-G-15-07666,,27.98921718863948,88.39892881601853,27.9823855,88.39587509621825,23.600727,1.667333832252361,5196.467,5830.199
RGI2000-v7.0-G-15-07667,,27.975711449568625,88.39711313019541,27.977259500000002,88.40011379978586,30.783367,0.068758330535092,5511.936,5773.851
RGI2000-v7.0-G-15-07669,,27.975707665205608,88.41928978787996,27.971814000000002,88.41098738377926,22.266607,0.802207711926819,5192.7266,5890.4297
RGI2000-v7.0-G-15-07670,,27.96282915375956,88.40748235845618,27.9653755,88.40943700796178,40.21724,0.129806084566375,5580.839,5918.836
RGI2000-v7.0-G-15-07671,,27.985434597220568,88.41481534719442,27.9841925,88.41416477747292,34.263668,0.04476799404567,5614.8027,5785.1772
RGI2000-v7.0-G-15-07672,,27.990630210647527,88.4206996343253,27.986888,88.41941777981133,25.9012,0.43157962856844,5296.6777,5700.823
RGI2000-v7.0-G-15-07673,,27.990680815115386,88.41026202746967,27.988923999999997,88.41026236225224,32.513947,0.099524003494186,5438.838,5745.1265
RGI2000-v7.0-G-15-07675,,28.00889304630041,88.42785370873666,28.0087365,88.42895672720853,29.151749,0.028212148304531,5474.9844,5585.076
RGI2000-v7.0-G-15-07678,,27.96708101551779,88.48802613259679,27.968022,88.49091066288659,28.630535,0.412266777676328,5163.1216,5520.0405
RGI2000-v7.0-G-15-07679,,27.962193926739253,88.48376837979264,27.9610135,88.486741,26.990463,0.430747600317739,5130.96,5514.0244
RGI2000-v7.0-G-15-07680,,27.95891710119354,88.49119488759418,27.959972999999998,88.49194213004246,35.936924,0.029764231036806,5312.9243,5467.3765
RGI2000-v7.0-G-15-07681,,27.952933551035397,88.4854836857235,27.9512135,88.48189979597157,21.695688,0.1460301023057,5103.907,5434.128
RGI2000-v7.0-G-15-07682,,27.9499212584408,88.48484882934315,27.948844,88.48206615994988,30.12263,0.104088174921227,5066.8525,5495.3584
RGI2000-v7.0-G-15-07683,,27.946231974951985,88.48677909548664,27.945462499999998,88.48021243418506,31.561405,0.243165866355953,4890.314,5548.165
RGI2000-v7.0-G-15-07684,,27.941757219769517,88.47754134264723,27.9426765,88.47785130608821,31.661116,0.029726535528613,5382.0317,5500.8643
RGI2000-v7.0-G-15-07685,,27.941694687004684,88.47445161809868,27.942905500000002,88.4754950120326,27.3901,0.024770884877872,5424.584,5549.9077
RGI2000-v7.0-G-15-07686,,27.944840781327123,88.47184774670407,27.9455325,88.4732385,33.73599,0.109386499945722,5300.6006,5590.5605
RGI2000-v7.0-G-15-07687,,27.95590464566627,88.4731050062316,27.951849000000003,88.47881276179645,27.139578,0.631503875165792,4787.5757,5591.1562
RGI2000-v7.0-G-15-07688,,27.93873174446718,88.4800003000493,27.9399875,88.4811985036925,31.384827,0.044989604222312,5130.793,5283.708
RGI2000-v7.0-G-15-07689,,27.936550275286,88.48129312996114,27.936471,88.48351436142444,33.65407,0.067186597682137,5118.6074,5374.51
RGI2000-v7.0-G-15-07690,,27.937111374440853,88.46702512548582,27.932704,88.46860482007787,29.011858,0.257788375265839,4996.3003,5515.4746
RGI2000-v7.0-G-15-07691,,27.921889653554246,88.46216880897855,27.922325,88.46478109406996,20.436363,0.423892981879627,5142.095,5517.233
RGI2000-v7.0-G-15-07692,,27.896830678367845,88.44900926066535,27.896054499999998,88.44796097735849,29.399885,0.039338169636107,5260.755,5401.0234
RGI2000-v7.0-G-15-07693,,27.88292590198545,88.47346989760234,27.88321,88.47484825787834,35.14568,0.048629328701664,5416.5645,5543.66
RGI2000-v7.0-G-15-07694,,27.87324518998922,88.47808111277064,27.878193,88.47871218716577,27.0817,0.322728268342828,5131.9233,5565.1865
RGI2000-v7.0-G-15-07695,,27.87845253396066,88.4850325155695,27.8778045,88.4835552699627,21.441862,0.043246628221678,5395.425,5505.6353
RGI2000-v7.0-G-15-07696,,27.8747814844019,88.49445999014638,27.8733405,88.4920016421855,27.054087,0.109154526145324,5022.506,5248.286
RGI2000-v7.0-G-15-07698,,27.850322277290424,88.40748800923207,27.849123,88.40923299920908,26.846478,0.076828097357794,5182.521,5352.693
RGI2000-v7.0-G-15-07699,,27.84233451117772,88.36968917518277,27.841015499999997,88.36942712816197,29.734468,0.054454763529414,5188.7573,5335.1504
RGI2000-v7.0-G-15-07700,,27.83855645547471,88.36377444586567,27.8368635,88.36313384237033,26.517826,0.065559958610161,5128.4546,5255.9414
RGI2000-v7.0-G-15-07702,,27.82657697234578,88.3317636709792,27.824695499999997,88.32885858080118,20.309666,0.265295900250647,5116.6836,5425.219
RGI2000-v7.0-G-15-07703,,27.829186213237687,88.3274139645477,27.8191385,88.31922777745928,22.156986,1.535436706833202,5127.922,6018.137
RGI2000-v7.0-G-15-07704,,27.82192843301676,88.35318682043226,27.8129535,88.32778413921439,24.22313,2.602512486299326,4712.0366,5827.229
RGI2000-v7.0-G-15-07705,,27.797122903148598,88.32032331987787,27.804366,88.31962413212278,22.967276,1.037656074839722,5357.5015,6032.068
RGI2000-v7.0-G-15-07707,,27.8190146770703,88.30060411042025,27.817548000000002,88.30148074787013,25.57969,0.119665672240445,5736.748,5917.8853
RGI2000-v7.0-G-15-07708,,27.821963681109587,88.30372319145681,27.821039,88.30307503679775,25.834644,0.025308525230898,5681.432,5774.2974
RGI2000-v7.0-G-15-07714,,27.777088762092678,88.2632990841865,27.783687,88.26616251883905,23.423843,0.569807077086071,5540.006,6063.1484
RGI2000-v7.0-G-15-07715,,27.772314319369162,88.2558244239641,27.7781785,88.26109649921413,24.317635,0.449904457590711,5224.2476,5917.662
RGI2000-v7.0-G-15-07716,,27.774300195489264,88.24870135543502,27.784518,88.25495056147541,21.649984,1.725307325223878,5182.236,6084.4336
RGI2000-v7.0-G-15-07718,,27.816405174160383,88.25061363754935,27.8106395,88.2481138347296,20.207293,0.811964727919918,5563.101,5975.172
RGI2000-v7.0-G-15-07721,,27.834621989453666,88.3013477524018,27.8336695,88.30283938984988,28.30527,0.059021759323435,5555.3647,5765.304
RGI2000-v7.0-G-15-07722,,27.83431912691057,88.30653451252539,27.834099,88.30549073370162,21.441168,0.045729483926797,5621.187,5751.6675
RGI2000-v7.0-G-15-07723,,27.839348870731786,88.3043773757649,27.836682500000002,88.30410041549295,26.162106,0.128506815685436,5416.13,5683.391
RGI2000-v7.0-G-15-07724,,27.838241326593465,88.30798453023266,27.8376415,88.3087533920592,21.148502,0.028603860499459,5651.5273,5725.9917
RGI2000-v7.0-G-15-07726,,27.84127791017143,88.308084779656,27.8418585,88.3093465377958,26.99879,0.048617916053774,5549.556,5685.147
RGI2000-v7.0-G-15-07727,,27.84322937909025,88.31593778734657,27.8424945,88.31618022430408,33.129726,0.014158145440494,5428.8906,5505.309
RGI2000-v7.0-G-15-07728,,27.80484422808688,88.34456118074608,27.798989,88.33820861499363,24.79377,0.833928743631954,4811.729,5501.1377
RGI2000-v7.0-G-15-07730,,27.793478868721632,88.35018088998753,27.7907995,88.35065994292373,25.061506,0.220104911501719,4967.0986,5276.845
RGI2000-v7.0-G-15-07732,,27.783902884198685,88.31016291117028,27.784145000000002,88.30872677796887,23.411663,0.051914336442728,5388.853,5498.8315
RGI2000-v7.0-G-15-07733,,27.773570298521804,88.29018385837075,27.779587,88.28872118732679,22.730297,0.948293353373811,5167.346,5976.2715
RGI2000-v7.0-G-15-07734,,27.77823914651274,88.2795546790951,27.779221999999997,88.2795747513836,21.216377,0.029051766826215,5491.58,5560.9365
RGI2000-v7.0-G-15-07735,,27.744489872368792,88.28020247741613,27.7396235,88.27979519154042,27.709753,0.405792441174878,5015.228,5678.6846
RGI2000-v7.0-G-15-07736,,27.74028984087348,88.29132211349726,27.739242,88.29144745345269,30.523264,0.034842753643668,5367.2285,5478.2188
RGI2000-v7.0-G-15-07737,,27.742307854846715,88.3044761153318,27.74147,88.30634435964586,33.928356,0.086060737623425,5395.1836,5687.3906
RGI2000-v7.0-G-15-07738,,27.738918850736322,88.3105239523993,27.739171,88.30924686673933,38.28141,0.031350138912022,5429.737,5594.466
RGI2000-v7.0-G-15-07739,,27.741600485075494,88.31263008035586,27.744069,88.3097669875817,29.468681,0.151596217357693,5310.2554,5598.2573
RGI2000-v7.0-G-15-07741,,27.729577223850345,88.31059827408316,27.729155499999997,88.30895726573722,31.225998,0.070414571318374,5687.67,5889.9604
RGI2000-v7.0-G-15-07742,,27.713302146112397,88.29601504458526,27.711965499999998,88.30343481364443,38.357796,0.767677879652537,5205.397,6110.69
RGI2000-v7.0-G-15-07743,,27.69774858082569,88.30684150377994,27.701608999999998,88.3098526764808,37.98847,0.240388521904479,4996.056,5779.908
RGI2000-v7.0-G-15-07744,,27.709394743082207,88.31469640964258,27.7091275,88.31727057324841,41.475536,0.224792894953858,6325.3804,6780.0854
RGI2000-v7.0-G-15-07745,,27.690573780836083,88.31213347746512,27.691969,88.31290892022334,49.69838,0.049194504530933,5261.669,5643.2017
RGI2000-v7.0-G-15-07746,,27.68773531242164,88.33177290678229,27.6876465,88.32882566838646,29.764147,0.29204712118294,5329.1836,5712.9863
RGI2000-v7.0-G-15-07747,,27.677837413354204,88.37526535074213,27.6974435,88.33254030922096,25.491459,8.126661192051465,3943.1453,6668.6953
RGI2000-v7.0-G-15-07748,,27.698799965083133,88.35463384744293,27.702092,88.35320402429319,29.84071,0.140611293289234,4849.1753,5305.905
RGI2000-v7.0-G-15-07749,,27.70404966134923,88.36172436595429,27.706533,88.35444112272728,24.138035,0.52296793541121,4746.612,5428.2524
RGI2000-v7.0-G-15-07751,,27.718763799340913,88.36483143590759,27.720927,88.36503053884161,26.272154,0.137352304147879,5057.8423,5309.012
RGI2000-v7.0-G-15-07752,,27.722587592735895,88.37027392720223,27.723158,88.36820023272861,22.925304,0.095158764159163,5156.182,5354.9814
RGI2000-v7.0-G-15-07753,,27.72670498864484,88.374919803689,27.7287025,88.37436914693191,21.217247,0.08211990765273,5082.902,5252.206
RGI2000-v7.0-G-15-07754,,27.734905809203816,88.37039151631154,27.732609,88.37456344398208,20.317331,0.183682033266962,5004.7974,5225.0127
RGI2000-v7.0-G-15-07755,,27.72176945273007,88.37989568898163,27.722803499999998,88.38433257034413,25.511656,0.213523191613615,4942.763,5284.973
RGI2000-v7.0-G-15-07756,,27.716447548420195,88.37968530336914,27.716199500000002,88.3830103860513,25.547707,0.146283010033225,4903.4243,5208.8394
RGI2000-v7.0-G-15-07757,,27.711106329445787,88.38250891114947,27.712630500000003,88.38624751210435,24.175943,0.273150777363681,4921.327,5386.7354
RGI2000-v7.0-G-15-07758,,27.70696030241131,88.38912721158567,27.708793999999997,88.39075945003569,31.170773,0.072733772802499,4869.7104,5111.2886
RGI2000-v7.0-G-15-07759,,27.69805680507228,88.3976303670118,27.705165,88.39618492886393,20.68424,1.229281413572731,4700.776,5291.7744
RGI2000-v7.0-G-15-07760,,27.702516567921787,88.38258101950778,27.700726500000002,88.38566798345586,22.513042,0.578527239037397,4661.5903,5091.3516
RGI2000-v7.0-G-15-07761,,27.6976238698497,88.38004902082038,27.69663,88.38214399689662,38.45862,0.049069368770099,4753.5186,5137.5073
RGI2000-v7.0-G-15-07762,,27.727605489809296,88.41500748381797,27.7206695,88.40018401539038,23.961353,1.520770457983125,4553.618,5307.0864
RGI2000-v7.0-G-15-07763,,27.735251580864322,88.39796766377412,27.733570999999998,88.39913000259361,25.93182,0.077738471259903,4993.7603,5171.0967
RGI2000-v7.0-G-15-07764,,27.73819602906642,88.40676889570688,27.7359835,88.40488325056947,25.152342,0.161542668195853,4926.712,5157.2124
RGI2000-v7.0-G-15-07765,,27.732665770264468,88.38682377446874,27.7292085,88.38884108614945,23.285864,0.303992312592001,4930.0073,5275.325
RGI2000-v7.0-G-15-07766,,27.739410661551496,88.36602860292967,27.731066499999997,88.35558168958948,22.508001,2.328246544147073,4833.869,5725.3457
RGI2000-v7.0-G-15-07767,,27.742067727716535,88.3499467909319,27.739907,88.35182515448645,26.441183,0.203152598483416,4842.3086,5182.7617
RGI2000-v7.0-G-15-07768,,27.741767487083617,88.34646626327181,27.7391095,88.34563967388394,23.513548,0.284795005222947,4944.4116,5249.54
RGI2000-v7.0-G-15-07769,,27.720490210353272,88.3402629911977,27.719712,88.34113015629593,41.26502,0.038810444544436,5666.1562,5820.7026
RGI2000-v7.0-G-15-07770,,27.67948484580382,88.35139857386945,27.6751775,88.3425686459778,32.768894,0.618170731397319,4409.733,5334.4897
RGI2000-v7.0-G-15-07771,,27.67545737104812,88.35525204036499,27.67274,88.35315429491177,42.54729,0.117459412269045,4678.985,5305.6294
RGI2000-v7.0-G-15-07773,,27.669780071415847,88.36581296622687,27.666226,88.36583319466948,28.179493,0.125654010209225,4526.3726,4896.5264
RGI2000-v7.0-G-15-07774,,27.71856769881913,88.42306757458981,27.7182985,88.4198274096223,22.69344,0.165085082462262,4601.3794,4839.6504
RGI2000-v7.0-G-15-07775,,27.75037753174161,88.45234438917889,27.748661,88.45518034817377,22.04938,0.159654143351603,4820.2183,5033.975
RGI2000-v7.0-G-15-07776,,27.743141444809353,88.48613905766173,27.743791,88.48736149999999,34.10167,0.042022989210285,5143.129,5303.978
RGI2000-v7.0-G-15-07777,,27.73500343216239,88.48001219615003,27.7391655,88.49050142698198,26.110868,0.728501254354937,4925.0737,5584.426
RGI2000-v7.0-G-15-07778,,27.735709437269463,88.496657090665,27.736418999999998,88.4941062398239,30.64052,0.051230493564847,5423.902,5662.62
RGI2000-v7.0-G-15-07781,,27.752324394165615,88.48411420443983,27.749562,88.49055202830502,31.99357,0.41867717417801,4694.137,5472.693
RGI2000-v7.0-G-15-07783,,27.718940491672754,88.48389768356405,27.724473500000002,88.49008202438702,28.571842,1.360983094907479,4804.753,5644.5723
RGI2000-v7.0-G-15-07784,,27.71341423514914,88.49123593869282,27.715253,88.49449214036241,27.830399,0.168867969029339,5136.512,5367.8574
RGI2000-v7.0-G-15-07785,,27.790985444575604,88.39568917390959,27.789427,88.39525186427277,25.015242,0.055816543738827,5079.047,5225.9263
RGI2000-v7.0-G-15-07788,,27.71974778182573,88.28084518382354,27.722395499999998,88.28356332293671,39.653465,0.066721543604012,5259.527,5780.746
RGI2000-v7.0-G-15-07789,,27.68510175347523,88.30073955622566,27.702960500000003,88.25937777081012,24.669823,12.902558914425907,3750.5386,6752.4727
RGI2000-v7.0-G-15-07790,,27.686482651112627,88.29027172651874,27.685715000000002,88.27118205555556,30.39235,2.693184847837906,4178.6562,6351.6953
RGI2000-v7.0-G-15-07791,,27.677886778450013,88.28634937912857,27.6779665,88.2791280756728,29.546185,1.411533585216548,4534.8926,5907.104
RGI2000-v7.0-G-15-07792,,27.666534653138967,88.28417746043635,27.666369500000002,88.26951685687163,24.216663,1.339065728998357,4437.949,5453.1743
RGI2000-v7.0-G-15-07793,,27.635108495324253,88.25853516553485,27.657846499999998,88.2550654976063,24.186428,11.304296026703456,4336.744,6770.6436
RGI2000-v7.0-G-15-07794,,27.647183338457097,88.22776669481483,27.6498505,88.2308279402985,36.642593,0.206243461507054,5111.156,5559.1665
RGI2000-v7.0-G-15-07795,,27.632141216643284,88.22320048801805,27.6315825,88.22223148045798,33.628227,0.06426537938736,5104.9033,5276.7104
RGI2000-v7.0-G-15-07796,,27.627636914108404,88.22385017633268,27.6263395,88.21964395701514,24.687727,0.152154266290685,5078.732,5319.3037
RGI2000-v7.0-G-15-07799,,27.65133252188249,88.19415281781087,27.6492055,88.19313070164844,40.59485,0.18450623229617,5477.746,5894.755
RGI2000-v7.0-G-15-07800,,27.647994708052227,88.17964772595724,27.656499,88.18118425,24.081696,1.533626997627101,5017.2007,5894.01
RGI2000-v7.0-G-15-07801,,27.605501418472144,88.22622142491639,27.639214000000003,88.17188891369938,23.196482,32.35571635001532,4043.5874,8158.699
RGI2000-v7.0-G-15-07802,,27.633600803835982,88.17178559865279,27.629278499999998,88.17275652995463,32.25538,0.558869392524874,4904.3696,5577.9614
RGI2000-v7.0-G-15-07803,,27.61499833069549,88.18393801970895,27.613855,88.1821299593286,38.48034,0.277684350496687,5019.998,5784.9653
RGI2000-v7.0-G-15-07804,,27.605172547130742,88.18307793001293,27.609479,88.16863100555555,32.27412,2.066943477289709,4895.3105,6080.7573
RGI2000-v7.0-G-15-07805,,27.585744011986804,88.16708358704257,27.5868675,88.16187328810565,23.719648,0.307192252796049,5091.636,5586.546
RGI2000-v7.0-G-15-07806,,27.58098782745458,88.16568878730313,27.5838575,88.1555754326717,27.929224,0.934549710144591,4856.495,5783.222
RGI2000-v7.0-G-15-07807,,27.571931182239183,88.18122475842634,27.580188,88.14476284948881,22.259733,2.495235982791784,4485.384,6127.711
RGI2000-v7.0-G-15-07808,,27.562482777067032,88.13255457556491,27.5726585,88.13807492732016,31.21733,0.747028549350946,4924.131,6148.1963
RGI2000-v7.0-G-15-07809,,27.57230913662074,88.13069623686175,27.5730165,88.132409453125,38.875618,0.076810227466924,5300.3486,5573.9795
RGI2000-v7.0-G-15-07810,,27.568673133205333,88.12553035892475,27.5788345,88.12740266160642,33.472603,1.590751389286337,4850.276,6557.647
RGI2000-v7.0-G-15-07811,,27.555406545780578,88.12159384332864,27.583923,88.11851953119685,23.769472,8.916283159147882,4607.693,7174.6885
RGI2000-v7.0-G-15-07812,,27.577576468159975,88.09814728706398,27.591102499999998,88.10011475261096,33.62292,2.276471807941316,4871.1196,6993.6973
RGI2000-v7.0-G-15-07813,,27.5893049571887,88.0821974767474,27.5922795,88.08237197380953,46.28474,0.350747707779094,5772.5205,6601.474
RGI2000-v7.0-G-15-07814,,27.58002157793988,88.07112144830364,27.578079000000002,88.0760579933751,23.445919,0.250386297403304,5085.233,5520.591
RGI2000-v7.0-G-15-07815,,27.57649242137497,88.07013974758996,27.576963499999998,88.07238941536639,28.71758,0.114581330586894,5141.4175,5434.122
RGI2000-v7.0-G-15-07816,,27.575854493791972,88.06849729938718,27.5750075,88.07183468566775,36.73803,0.054666415694485,5054.983,5418.2695
RGI2000-v7.0-G-15-07817,,27.573950403227503,88.08111178420214,27.5745315,88.07882537418223,23.466831,0.226014835195538,5244.7744,5537.368
RGI2000-v7.0-G-15-07819,,27.56545409464698,88.07579387436739,27.563374500000002,88.07667345753481,41.64476,0.07158190916571,5613.0903,5945.9873
RGI2000-v7.0-G-15-07820,,27.55519875930365,88.075082889652,27.557191,88.07544198985138,45.9669,0.146219092832399,5478.33,5977.4873
RGI2000-v7.0-G-15-07821,,27.539026789340166,88.08102595553292,27.550326,88.07802576101398,20.42317,1.28286054545729,4891.427,5831.4224
RGI2000-v7.0-G-15-07822,,27.54306413178777,88.0841893847,27.550012000000002,88.08625658630972,20.266973,0.588549668768156,5075.475,5738.6714
RGI2000-v7.0-G-15-07823,,27.548901797621863,88.09760509891291,27.549673,88.09602584014661,28.287834,0.046779009191461,5368.477,5551.868
RGI2000-v7.0-G-15-07824,,27.54162393294448,88.0997304120807,27.546065,88.09696079725602,21.25426,0.509982916531856,5150.02,5559.4897
RGI2000-v7.0-G-15-07826,,27.552579462317347,88.10409653238128,27.5523025,88.10250813610479,36.470444,0.032739217705616,5167.963,5366.1265
RGI2000-v7.0-G-15-07827,,27.54107150735477,88.0692783860308,27.543225,88.07003001951085,25.403395,0.114562657052989,5171.153,5399.594
RGI2000-v7.0-G-15-07830,,27.555889975078973,88.05055401876919,27.558453,88.05134419446946,24.341887,0.12633138624255,5332.164,5584.738
RGI2000-v7.0-G-15-07831,,27.554832544674255,88.04641532616996,27.5572705,88.04651921096774,22.692661,0.169071521505959,5278.125,5525.9414
RGI2000-v7.0-G-15-07832,,27.552047201450417,88.04135345110005,27.552559000000002,88.04240515935484,23.553904,0.016448009978401,5310.079,5394.569
RGI2000-v7.0-G-15-07833,,27.552430015447076,88.03854238609938,27.5536585,88.03908012764852,28.61086,0.031482298504555,5168.0957,5305.8853
RGI2000-v7.0-G-15-07835,,27.55518742342364,88.03338828011474,27.554855,88.03214929862938,25.064718,0.040438720619644,5184.963,5287.1934
RGI2000-v7.0-G-15-07836,,27.55059117330397,88.02620231840297,27.553514,88.02829158944954,20.440548,0.138470494243437,5029.228,5262.471
RGI2000-v7.0-G-15-07838,,27.564203544945865,88.04704311559149,27.564567,88.05186012017543,21.074554,0.19747251660659,5153.748,5474.553
RGI2000-v7.0-G-15-07839,,27.538364385790274,88.05410893466308,27.537072,88.05767334206989,27.551542,0.119857594806864,5143.672,5380.736
RGI2000-v7.0-G-15-07841,,27.5264437215067,88.06168306191974,27.528118,88.06263016316944,24.026487,0.068340771879628,5133.479,5304.2197
RGI2000-v7.0-G-15-07842,,27.52869570195644,88.06474317709406,27.5285275,88.06557491079059,29.074652,0.04171367122693,5321.8486,5421.834
RGI2000-v7.0-G-15-07843,,27.55717118835698,88.01472739476891,27.5574255,88.01605705010121,23.5029,0.047367485140612,5232.145,5310.481
RGI2000-v7.0-G-15-07848,,27.60798263639784,87.96765050463956,27.6068325,87.9677589516129,24.111938,0.031558246151397,5088.523,5218.176
RGI2000-v7.0-G-15-07849,,27.611507590155284,87.98346293834061,27.608401,87.98181779978586,21.00374,0.20832955949523,5027.544,5358.1753
RGI2000-v7.0-G-15-07850,,27.61090119357266,87.99292817562926,27.6139195,87.99311343127133,34.26325,0.146647855840837,5278.6855,5984.308
RGI2000-v7.0-G-15-07851,,27.61114705790567,87.99536732107377,27.612139,87.99650601458629,39.264957,0.035708234921808,5327.8306,5648.6543
RGI2000-v7.0-G-15-07852,,27.607755650991017,88.00896904628081,27.6138515,88.00394368577327,31.514364,0.330015889387291,4938.6016,5874.0405
RGI2000-v7.0-G-15-07853,,27.624486326535457,88.00035485059867,27.620914,87.99927045155471,40.626045,0.372681879862395,5450.834,6002.4375
RGI2000-v7.0-G-15-07854,Lasampa,27.616241863202184,87.98179154909975,27.6181525,87.99176422957692,30.250984,0.473965416732741,4900.6406,5690.768
RGI2000-v7.0-G-15-07855,,27.614440589236857,88.0155376358033,27.618380000000002,88.01356486699164,35.2327,0.278608599354638,5198.7363,6032.0317
RGI2000-v7.0-G-15-07856,,27.63326910818731,88.00272184177601,27.6289095,88.01080166709401,26.849085,1.018300857814797,4685.2373,5690.3125
RGI2000-v7.0-G-15-07857,,27.616398489849427,88.02527354772856,27.619772,88.0279244751773,33.363007,0.342481890480271,5082.2603,5797.644
RGI2000-v7.0-G-15-07858,,27.609551420127342,88.0323450494,27.6129325,88.03248705400455,24.753668,0.237678981839351,5087.2134,5433.894
RGI2000-v7.0-G-15-07859,,27.61071542239029,88.03518257758,27.611293,88.0363710397662,28.603994,0.035055191915071,5360.699,5507.7607
RGI2000-v7.0-G-15-07860,,27.610419146166,88.0424335470493,27.615749,88.03783350404764,26.469355,0.490198324652866,5116.522,5758.1855
RGI2000-v7.0-G-15-07862,,27.64190959279395,88.05726726211206,27.638632,88.05475294146136,41.00226,0.193010900339766,5588.306,5955.494
RGI2000-v7.0-G-15-07863,,27.64744901818971,88.04848865617434,27.646832,88.04529666909976,43.595543,0.116678837386368,5767.5073,6218.0664
RGI2000-v7.0-G-15-07864,,27.667002481617757,88.04386313899842,27.66814,88.04218832998458,48.519623,0.08007366841243,6108.64,6511.21
RGI2000-v7.0-G-15-07865,,27.66418927305324,88.07402706359682,27.6682355,88.07318902,32.610184,0.254890082182661,5284.6562,5808.174
RGI2000-v7.0-G-15-07866,,27.641076809816262,88.08478210100904,27.6412345,88.08863261566724,37.781654,0.309662739925001,5357.759,5869.1055
RGI2000-v7.0-G-15-07867,,27.642624664314496,88.09431248928863,27.6411655,88.09434178921133,46.81951,0.069975810244872,5602.9814,5967.2734
RGI2000-v7.0-G-15-07868,Yalung,27.58663384245042,88.009922200625,27.647489999999998,88.10155514390355,27.276142,64.34973379276242,4363.4736,8431.87
RGI2000-v7.0-G-15-07869,,27.64611997316213,88.13001165595004,27.651045,88.1317767245223,48.18622,0.884668956202657,6188.831,7334.4375
RGI2000-v7.0-G-15-07870,,27.695500938769488,88.16725233010132,27.692831,88.1670923925532,55.021896,0.240120584896402,6666.1865,7538.603
RGI2000-v7.0-G-15-07871,,27.674616157340527,88.18774839967372,27.67729,88.19484913289676,48.2872,1.426412637721427,6069.135,7369.102
RGI2000-v7.0-G-15-07872,,27.667592587605885,88.20662823019768,27.671519,88.20584979386894,49.24617,0.26932274834091,5688.929,6651.5645
RGI2000-v7.0-G-15-07873,,27.671912763706164,88.21192798818943,27.672722,88.21204042977216,51.326797,0.031468938937341,5923.6885,6123.746
RGI2000-v7.0-G-15-07874,,27.734037186991348,88.2026252850126,27.7401065,88.19575945531855,30.151957,1.55262939860186,5337.1807,6814.8833
RGI2000-v7.0-G-15-07876,,27.733374004908285,88.21582105862409,27.746425000000002,88.22050901807229,24.798113,2.233256538668235,5179.289,6380.536
RGI2000-v7.0-G-15-07877,,27.749263524488853,88.23185333815728,27.75078,88.22924505021098,30.759295,0.443822557928248,5187.15,5746.216
RGI2000-v7.0-G-15-07878,,27.766913058893355,88.38129961235157,27.7395265,88.24418956646525,21.518265,90.65332091896185,4198.9775,8517.391
RGI2000-v7.0-G-15-07879,,27.795045498693774,88.22925366120242,27.7962165,88.22915064903853,35.357502,0.044059798694145,5769.2524,5942.4766
RGI2000-v7.0-G-15-07880,,27.831217249423673,88.23623263239244,27.828274,88.23255174315179,24.41034,0.276743412190213,5518.1313,5782.7183
RGI2000-v7.0-G-15-07883,,27.822967880699213,88.25656134435802,27.8146045,88.196683613753,20.615734,13.62229721689656,5401.9995,7126.677
RGI2000-v7.0-G-15-07884,,27.80498180149468,88.18961082354184,27.806635,88.1877770479808,48.179375,0.078054427551126,6068.54,6582.596
RGI2000-v7.0-G-15-07885,,27.774120618901083,88.02302827977657,27.79938,88.17672168916619,22.252499,84.50400413375039,4602.5093,7435.1885
RGI2000-v7.0-G-15-07886,,27.768861639791666,88.1497113955495,27.767658,88.14954175300176,29.774517,0.034219022233382,5591.9673,5740.791
RGI2000-v7.0-G-15-07887,,27.79567576465474,88.1241963839695,27.796738,88.12547908942588,30.394835,0.051210108622797,5792.4136,5998.3755
RGI2000-v7.0-G-15-07888,Kanchenjunga,27.793370057538077,88.1193268321077,27.800234,88.12275666252332,26.581608,0.699895359805155,5458.6147,6119.846
RGI2000-v7.0-G-15-07889,,27.811886552118736,88.11657182422113,27.813038,88.11792700149253,27.27746,0.059956785230094,6141.0835,6325.0483
RGI2000-v7.0-G-15-07890,,27.81277674354425,88.1161471369965,27.813905,88.11546455430516,26.046701,0.031801348056491,6246.2715,6318.0425
RGI2000-v7.0-G-15-07891,,27.801724228640467,88.11091120070395,27.8107885,88.10889668082191,26.737116,1.801455504258712,5540.9575,6713.234
RGI2000-v7.0-G-15-07892,,27.80221123541394,88.0941753364465,27.814774,88.09916588538795,30.276983,2.276151521128426,5516.3296,6799.245
RGI2000-v7.0-G-15-07893,,27.811968990253817,88.09044662308104,27.811687999999997,88.08934202947711,23.020868,0.02707837774805,5885.0376,5940.861
RGI2000-v7.0-G-15-07894,,27.80511799092457,88.08260914281584,27.812573,88.0842927947889,23.822416,0.808047500912419,5516.245,6128.9775
RGI2000-v7.0-G-15-07895,,27.80574965841488,88.07422589909541,27.806815999999998,88.07451386616702,23.330994,0.024999821008409,6074.6606,6140.144
RGI2000-v7.0-G-15-07896,,27.807247894460847,88.06655898740104,27.8084785,88.06751044494375,39.39167,0.067301887803724,5619.329,6117.512
RGI2000-v7.0-G-15-07897,,27.83227871854181,88.05913008773499,27.83724,88.05646614504717,21.940413,0.277797572626493,5762.3228,6134.33
RGI2000-v7.0-G-15-07899,,27.847864254067847,88.05587028521983,27.843952,88.05643859377136,44.470367,0.196314591941448,5460.3867,6128.7524
RGI2000-v7.0-G-15-07900,,27.848554829031976,88.05980356016325,27.8480425,88.06170879329328,40.47563,0.071829874230624,5742.0273,6057.716
RGI2000-v7.0-G-15-07903,,27.862491934344867,88.04954230458897,27.8635915,88.04645487002178,25.232834,0.382930685482517,5564.498,6061.5835
RGI2000-v7.0-G-15-07904,,27.859924002667682,88.04556326583253,27.8597525,88.04325798759328,33.35572,0.05821803249852,5963.8687,6098.796
RGI2000-v7.0-G-15-07905,,27.857687968591264,88.03797130640855,27.860931,88.03925197422996,30.45672,0.209815048526098,5672.7876,6162.4014
RGI2000-v7.0-G-15-07906,,27.865094821212768,88.03420475229967,27.863847,88.03615908771377,44.347527,0.061989704435727,5708.185,6161.2305
RGI2000-v7.0-G-15-07907,,27.866998940981507,88.04127761207916,27.865635,88.03943134213281,27.859074,0.074976870632695,5974.36,6160.904
RGI2000-v7.0-G-15-07908,,27.87928155966827,88.0398338375374,27.878548000000002,88.04115009254505,29.522804,0.030041983453171,5755.7886,5882.7285
RGI2000-v7.0-G-15-07909,,27.886419809999584,88.04361556696162,27.885337,88.04320189382726,27.411005,0.024498513275929,5861.321,5954.145
RGI2000-v7.0-G-15-07910,,27.870707455454472,88.03203895774841,27.88565,88.03684289164494,20.50595,4.518869865970967,5438.8794,6576.8
RGI2000-v7.0-G-15-07911,,27.878857640787395,88.01848864721408,27.8825005,88.0229720317077,25.295277,0.617002838971133,5629.4707,6170.6846
RGI2000-v7.0-G-15-07912,,27.87557789689069,88.02261423100158,27.877866500000003,88.02479309796573,37.167854,0.157204785127307,5844.0864,6167.2944
RGI2000-v7.0-G-15-07913,,27.885739828560663,88.0175802726682,27.8883235,88.0201241360181,34.305588,0.297448952795642,5810.394,6282.0913
RGI2000-v7.0-G-15-07914,,27.88369102760213,88.00813800469659,27.8909965,88.01606394995818,28.673918,0.813233095633915,5527.248,6453.208
RGI2000-v7.0-G-15-07915,,27.886277330435956,88.00697509582359,27.892668,88.00716152772299,25.239882,1.114361644079176,5561.316,6420.6816
RGI2000-v7.0-G-15-07916,,27.886433906651924,87.99885793198673,27.888232000000002,87.99651516028807,29.366318,0.180318105751677,5737.682,6051.684
RGI2000-v7.0-G-15-07917,,27.8856157361524,87.99267141277076,27.885534,87.98974968454935,35.648228,0.085782516878083,6022.0264,6349.0146
RGI2000-v7.0-G-15-07918,Zhidi Glacier,27.918157293103285,87.99865628918495,27.9025205,87.99313910871916,24.328308,7.010001472802233,5344.3823,6682.368
RGI2000-v7.0-G-15-07919,,27.91970854870475,87.98531317312538,27.918775,87.98222389429543,39.706474,0.175359800082336,6198.059,6732.1245
RGI2000-v7.0-G-15-07920,,27.9263604853397,87.98492042224167,27.9255025,87.98392042476594,39.553604,0.508165850787851,5718.484,6726.3623
RGI2000-v7.0-G-15-07921,,27.929111343308207,87.97352746101637,27.9272375,87.97275527023149,31.713491,0.092311419653201,6402.41,6568.794
RGI2000-v7.0-G-15-07922,,27.92633403040316,87.96516157544846,27.92839,87.96580356625768,41.04966,0.106321914855902,6077.957,6447.6914
RGI2000-v7.0-G-15-07923,,27.92537968263496,87.95989847548144,27.9284025,87.96120797746781,36.36928,0.234455279683325,5936.623,6449.2085
RGI2000-v7.0-G-15-07924,,27.929750433048763,87.94677226366342,27.931688,87.95767078475407,29.203445,0.584930239223077,5551.8193,6436.686
RGI2000-v7.0-G-15-07926,Cuona,27.943856435218624,87.98172101108426,27.937975,87.98081583050848,35.30661,0.418151162351493,5562.517,6427.371
RGI2000-v7.0-G-15-07927,,27.954461544211966,87.97760119570563,27.954252500000003,87.97474416950959,30.11695,0.202336727753624,6028.0205,6306.638
RGI2000-v7.0-G-15-07928,,27.962337060814686,87.9759953873141,27.959556,87.97545835660378,36.971134,0.169024331004961,5819.6123,6243.45
RGI2000-v7.0-G-15-07929,,27.960711822136414,87.9660207222437,27.9557535,87.9672510562907,36.41881,0.826994689696249,5599.924,6417.661
RGI2000-v7.0-G-15-07930,,27.951621559669803,87.96640840996089,27.950702999999997,87.96763792075592,39.765816,0.054405277350581,6185.7915,6329.025
RGI2000-v7.0-G-15-07931,,27.94965561142998,87.96135624527011,27.950575,87.960082297393,40.335243,0.052678455012773,6150.2583,6410.6973
RGI2000-v7.0-G-15-07932,,27.952931753894617,87.95557966565177,27.952116500000002,87.95766366737288,36.28106,0.04561522574197,6106.7827,6419.2886
RGI2000-v7.0-G-15-07933,,27.95257796270265,87.95183444873497,27.9497665,87.95401409005513,42.32935,0.186712223295817,5739.0884,6316.5933
RGI2000-v7.0-G-15-07934,,27.946021341073948,87.94752359518921,27.944993,87.95290984607219,44.438286,0.301071283200005,5581.807,6457.491
RGI2000-v7.0-G-15-07935,,27.945093999999997,87.947907,27.943200500000003,87.94894812790697,48.620403,0.055957818570949,5651.755,6170.3184
RGI2000-v7.0-G-15-07936,,27.962229577514005,87.95596403245216,27.958768499999998,87.95399740236053,40.59411,0.260359842019834,5720.389,6335.1934
RGI2000-v7.0-G-15-07937,Jimi Glacier,27.942612534041032,87.93292565550435,27.9257665,87.93461308351995,23.693811,5.58866277417889,5102.672,6619.3413
RGI2000-v7.0-G-15-07938,,27.915601231291195,87.92512509749515,27.916807499999997,87.92194364267678,29.482954,0.196222552970153,5635.5273,6232.2627
RGI2000-v7.0-G-15-07939,,27.90417609204556,87.91677941038552,27.9097565,87.91112796492615,21.231586,1.281346865837522,5460.3716,6230.081
RGI2000-v7.0-G-15-07940,,27.930222088197002,87.91764474673172,27.930293499999998,87.91849866606498,31.593794,0.019794852828712,6119.916,6197.9956
RGI2000-v7.0-G-15-07941,,27.938639232232998,87.92192611080159,27.9362925,87.91991097524863,38.525433,0.097603297184217,5721.673,6182.705
RGI2000-v7.0-G-15-07942,,27.98291471577428,87.90998096594926,27.9788585,87.90421709376213,24.181656,0.35731869091363,5707.2573,6077.346
RGI2000-v7.0-G-15-07943,,27.935636095181973,87.86115945690744,27.9367645,87.86048,24.684284,0.055172476572319,6174.999,6271.276
RGI2000-v7.0-G-15-07944,,27.920737047218005,87.83963441768516,27.935356,87.85109519121778,24.54227,4.016578975928589,5139.6978,6271.42
RGI2000-v7.0-G-15-07945,,27.916809983224738,87.84531688679944,27.9219515,87.84768437076849,31.760412,0.611700236259589,5474.8438,6216.7783
RGI2000-v7.0-G-15-07946,,27.906325800801078,87.85105898021445,27.916491,87.85909128552632,28.829285,1.371073751862286,5263.8315,6225.748
RGI2000-v7.0-G-15-07947,,27.90061162382348,87.83306416420932,27.901428000000003,87.83677061266158,28.931099,3.34229946053953,4941.208,6409.9033
RGI2000-v7.0-G-15-07948,,27.882050070092046,87.84215911678176,27.883939499999997,87.84732349990614,35.418182,0.333420410200398,5207.0205,5864.173
RGI2000-v7.0-G-15-07949,,27.881527701098232,87.85159607898242,27.885739,87.85234137778691,27.320364,0.403472282490737,5396.9956,5974.8984
RGI2000-v7.0-G-15-07950,,27.88892661149128,87.86293518477129,27.890388,87.86261156584821,45.97404,0.069963708262864,5709.3833,6067.243
RGI2000-v7.0-G-15-07951,,27.888837409965785,87.87109701186621,27.892984,87.87440745618474,22.29257,0.517951079024033,5452.856,5884.2915
RGI2000-v7.0-G-15-07952,,27.877828327009624,87.870129540613,27.8916365,87.88619184122398,20.291826,7.070544382414439,4939.077,6208.816
RGI2000-v7.0-G-15-07953,,27.885614774752217,87.9030327753911,27.887596000000002,87.89638502388536,26.692898,0.668502431273444,5285.229,5952.9897
RGI2000-v7.0-G-15-07954,,27.86604309414296,87.89956327601628,27.8868355,87.91365488229133,24.77702,11.586571941072577,4876.1353,6297.927
RGI2000-v7.0-G-15-07955,,27.86314300292281,87.93128359092206,27.867709,87.92186650237379,26.773108,0.895542794489604,5257.3345,5997.659
RGI2000-v7.0-G-15-07956,,27.862280454386664,87.92675016670677,27.859133,87.92239862654799,29.512953,0.640076558276174,5491.002,6030.591
RGI2000-v7.0-G-15-07957,,27.85212418430185,87.95070758949258,27.8493425,87.9526255,36.58768,0.130062862141272,5250.4004,5614.6665
RGI2000-v7.0-G-15-07958,,27.855643076148418,87.95958548841355,27.8572135,87.95822927702469,30.687778,0.057744821319225,5609.44,5866.465
RGI2000-v7.0-G-15-07959,,27.858930646631446,87.96137925662646,27.8605525,87.96013609711264,23.813734,0.129823991471695,5672.037,5874.3027
RGI2000-v7.0-G-15-07960,,27.86133425633779,87.94342172770928,27.8728475,87.96189625,26.172102,4.903162712657558,4855.2793,6665.8853
RGI2000-v7.0-G-15-07961,,27.883180326551937,87.96339979905417,27.88405,87.96156970424391,21.224323,0.077635744295445,6109.8804,6238.785
RGI2000-v7.0-G-15-07962,,27.866524348127033,87.94220806619188,27.8882315,87.95159953332448,22.65325,9.185503758421381,5056.0674,6659.6943
RGI2000-v7.0-G-15-07963,,27.90036842380553,87.972086340259,27.904787,87.96433887985457,29.392881,1.874399784943291,5981.0044,6718.9785
RGI2000-v7.0-G-15-07964,,27.91100950083361,87.98199114047802,27.914626,87.97316160521721,30.42413,0.414787289105676,5869.3643,6613.827
RGI2000-v7.0-G-15-07965,,27.916793037683025,88.00559759480387,27.907364,88.01690405115643,23.951162,1.932428811215184,5522.367,6575.2393
RGI2000-v7.0-G-15-07966,,27.91732183384129,88.02208700513353,27.9142465,88.02295192665953,25.97918,0.088238248268763,5936.211,6227.3286
RGI2000-v7.0-G-15-07967,,27.92753039478334,88.01994788451373,27.916885999999998,88.0309245157068,21.630903,1.606474789990969,5688.775,6569.1562
RGI2000-v7.0-G-15-07968,,27.925358722343834,88.03726192402398,27.9254135,88.03919505319149,41.940887,0.178483076160808,6335.927,6621.874
RGI2000-v7.0-G-15-07969,,27.92792736099144,88.04923144964559,27.9267385,88.04294177219003,34.880756,0.441977623296619,6016.634,6628.326
RGI2000-v7.0-G-15-07970,,27.924054161090265,88.04934526019427,27.923340500000002,88.04894419613859,28.770851,0.039022517497313,6024.9453,6136.9224
RGI2000-v7.0-G-15-07972,,27.944944941060598,88.03654511777565,27.9420075,88.0348871888562,38.39762,0.143601946289635,5891.7236,6442.016
RGI2000-v7.0-G-15-07973,,27.94226842178786,88.0253884468426,27.9423355,88.02816322664806,33.178547,0.111681620721216,6189.8994,6467.0566
RGI2000-v7.0-G-15-07974,,27.94890298184867,88.02897377254402,27.945598,88.02797858382867,42.221012,0.231097265767843,5803.392,6441.1304
RGI2000-v7.0-G-15-07975,,27.93253379104716,88.03132451414345,27.931485000000002,88.03219296370274,24.81981,0.055118213076696,6071.5063,6212.071
RGI2000-v7.0-G-15-07976,,27.944835865872452,88.05445946035985,27.938888,88.05221893705865,29.809402,0.645202234508008,5827.808,6360.247
RGI2000-v7.0-G-15-07977,,27.928235139103233,88.07430770996736,27.9268425,88.07378443263237,22.591347,0.04400647048414,6076.3696,6202.7827
RGI2000-v7.0-G-15-07978,,27.926408489062172,88.08041519701526,27.9233015,88.07705456385395,32.480312,0.311554615127929,5869.6333,6435.736
RGI2000-v7.0-G-15-07979,,27.923369445073117,88.06928275830646,27.920938999999997,88.07249250421901,42.390797,0.183447619443765,5867.7803,6478.1626
RGI2000-v7.0-G-15-07980,,27.917051328567275,88.0789596965979,27.917067,88.07621940235583,30.25874,0.257924353042524,6188.562,6494.883
RGI2000-v7.0-G-15-07981,,27.91964885492574,88.08560927309766,27.915240500000003,88.08129178393976,20.459486,0.314797714866448,5814.6587,6216.7256
RGI2000-v7.0-G-15-07982,Kaer Glacier,27.9461492558814,88.07530834078557,27.909478999999997,88.10202849180328,20.622858,30.484267307383785,5481.328,7419.1313
RGI2000-v7.0-G-15-07983,,27.917084573217746,88.12060703243758,27.917339,88.11946302953581,42.881466,0.031060463802952,6315.3027,6550.6963
RGI2000-v7.0-G-15-07986,,27.911747709812733,88.19456578101362,27.896195499999997,88.14864062678738,24.995943,13.178957599558949,5189.8335,7442.7617
RGI2000-v7.0-G-15-07987,,27.89763586413508,88.21475632724363,27.876011499999997,88.17432557203884,21.836283,13.31897571556128,5420.493,7177.444
RGI2000-v7.0-G-15-07989,,27.90400041703976,88.18352886903699,27.8997215,88.1837878269557,26.526316,0.336478455702636,5375.959,5827.5195
RGI2000-v7.0-G-15-07990,,27.928860221904273,88.19241666632414,27.934911,88.19310885651782,29.339977,1.213854918735531,5397.5566,6414.339
RGI2000-v7.0-G-15-07991,,27.93906325968647,88.18185018979595,27.9422435,88.18555403533094,41.574265,0.31311849061758,5908.1143,6466.765
RGI2000-v7.0-G-15-07992,,27.935675125748613,88.20486232418274,27.938332,88.20962876101913,43.25483,0.217186684406987,5591.968,6306.7603
RGI2000-v7.0-G-15-07993,,27.946419698047915,88.21645239181771,27.944163,88.21225674345837,40.774357,0.681915869292752,5335.3403,6413.3687
RGI2000-v7.0-G-15-07994,,27.942685670223067,88.25300535133822,27.945734,88.24951597327934,22.17827,0.19916816987614,6182.885,6486.35
RGI2000-v7.0-G-15-07995,,27.937545331108186,88.26348582522165,27.938475,88.26071100724332,28.751245,0.152291422174213,5271.262,5605.538
RGI2000-v7.0-G-15-07996,,27.9446778829623,88.27023636890084,27.951436,88.2674869708413,36.742878,0.579719144674056,5220.634,6458.9546
RGI2000-v7.0-G-15-07997,,27.948187258603873,88.27464359275606,27.9499645,88.27653395523154,26.771564,0.132779522093779,5401.3125,5602.388
RGI2000-v7.0-G-15-07998,,27.946477506567412,88.27913259412537,27.949136,88.28065756565191,23.329744,0.218458103536675,5304.7905,5580.231
RGI2000-v7.0-G-15-07999,,27.950087698767295,88.28803163967862,27.9501665,88.2837413358735,24.658377,0.211982556920872,5321.5483,5673.061
RGI2000-v7.0-G-15-08000,,27.95161487429652,88.29188422888403,27.9558515,88.28970499352332,23.61216,0.48496546535285,5285.141,5685.003
RGI2000-v7.0-G-15-08001,,27.959940153214117,88.28521771082592,27.963663,88.28646088117107,40.428112,0.616743009715478,5892.8076,6549.371
RGI2000-v7.0-G-15-08002,,27.95416920569905,88.3007100865131,27.9588775,88.29920793629168,31.03063,0.348851896338483,5081.64,5760.324
RGI2000-v7.0-G-15-08003,,27.957968492335453,88.3108926397624,27.9624335,88.3103756294219,37.190887,0.208402785984941,5304.931,6398.709
RGI2000-v7.0-G-15-08004,,27.968316614700395,88.32060078869243,27.967942999999998,88.31800865750617,27.494066,0.531576372621304,5145.055,5907.752
RGI2000-v7.0-G-15-08005,,28.011615809823365,88.30492404468725,28.0068315,88.30203671597013,35.119705,0.47651072504383,5441.726,6068.001
RGI2000-v7.0-G-15-08007,,28.005683414605453,88.27016386103452,28.001102500000002,88.27814607571139,22.515562,0.476069940020792,5650.34,6221.3765
RGI2000-v7.0-G-15-08008,,27.936458086766148,88.2861823891287,27.9371765,88.28633259401704,20.323109,0.015344262512753,5427.5815,5473.9404
RGI2000-v7.0-G-15-08009,,27.931399337618277,88.29870644410202,27.929052,88.29796091596639,23.038876,0.08107843756524,5245.2515,5528.467
RGI2000-v7.0-G-15-08010,,27.93100316548067,88.29188822961046,27.927401500000002,88.29663281464174,20.270126,0.252616456197146,5329.0786,5538.0815
RGI2000-v7.0-G-15-08011,,27.92067107678985,88.29527856415112,27.919243,88.2962545,28.74156,0.047799156889423,5330.2803,5527.475
RGI2000-v7.0-G-15-08012,,27.887749403749538,88.23334823007046,27.882827,88.23552785221933,28.252369,0.550756293475213,5182.3486,5730.054
RGI2000-v7.0-G-15-08013,,27.878394407139105,88.2473254991956,27.874133999999998,88.23880147782259,21.036268,0.927393507188797,5215.46,5953.644
RGI2000-v7.0-G-15-08014,,27.868339258521342,88.24157687354254,27.8696365,88.2413725591639,25.632639,0.036608198390556,5457.2266,5593.1636
RGI2000-v7.0-G-15-08016,,27.868056209437793,88.22787542204532,27.868735,88.22639543132942,30.68142,0.066273211958491,5705.32,5843.206
RGI2000-v7.0-G-15-08017,,27.863929746607656,88.22798622040672,27.864051,88.22665899152543,23.183311,0.07099631621469,5602.374,5747.217
RGI2000-v7.0-G-15-08018,,27.85723882713179,88.22510495155821,27.863484999999997,88.21731296291998,25.930761,1.251072096587674,5254.8906,6163.525
RGI2000-v7.0-G-15-08019,,27.85568751523523,88.21713305279859,27.8589365,88.21553612133891,28.752892,0.238736885521216,5523.9517,6036.0225
RGI2000-v7.0-G-15-08020,,27.851427554690414,88.23889077874504,27.853807500000002,88.2251358265625,22.780071,4.130593859455694,5190.2573,6903.162
RGI2000-v7.0-G-15-08021,,27.886398971091907,88.22917046523327,27.878183,88.22492790292894,22.945938,1.610605192953244,5209.6797,6011.8145
RGI2000-v7.0-G-15-08022,,27.923994302164633,88.17587042973165,27.943984999999998,88.15314389446809,24.244059,9.82298832761236,5403.4663,6873.814
RGI2000-v7.0-G-15-08023,,27.947441394413847,88.1373939307904,27.947384999999997,88.13685966773917,52.299446,0.042398944097562,5980.639,6359.963
RGI2000-v7.0-G-15-08024,Laxia Glacier,27.96266110967976,88.0902112418781,27.960563,88.11721364928059,22.40762,8.908501279848874,5537.696,6690.1406
RGI2000-v7.0-G-15-08025,,27.96775421848898,88.11446452481046,27.976257,88.12091664460445,30.557291,1.335075760024082,5917.846,6798.572
RGI2000-v7.0-G-15-08026,Sheqiang Glacier,27.971485153383416,88.09129320538054,27.984153499999998,88.10914135897436,24.716713,3.417573758038437,5796.22,6626.734
RGI2000-v7.0-G-15-08027,,28.007548801499787,88.1472828111589,27.990548500000003,88.12379937917737,21.642054,8.250391388330884,5503.388,6799.7734
RGI2000-v7.0-G-15-08028,,27.990968063495163,88.13923409710074,27.9889395,88.13926709631266,40.82722,0.158805157568774,5954.36,6325.855
RGI2000-v7.0-G-15-08029,,27.995532285527872,88.1817983744439,27.991822499999998,88.18738096412369,36.19608,0.341399599090045,5778.038,6416.354
RGI2000-v7.0-G-15-08030,,28.011096556594488,88.19262257536437,28.002451999999998,88.19065192903705,26.586737,0.962170929310224,5727.7246,6340.2065
RGI2000-v7.0-G-15-08031,,28.021380662777595,88.19420861766166,28.006873,88.19879220705717,20.103401,1.366582698890698,5468.534,6359.301
RGI2000-v7.0-G-15-08032,,28.03140658494973,88.17042753894306,28.0240275,88.16999090196836,23.200369,1.194388914281818,5580.824,6144.706
RGI2000-v7.0-G-15-08035,,27.978809988267244,88.06338227282413,27.9782715,88.05705583399066,30.236519,0.323524219130745,5996.535,6518.6006
RGI2000-v7.0-G-15-08036,,27.974495548235424,88.04995337768506,27.9766165,88.04801873902588,37.78147,0.129680121907561,6173.0146,6535.44
RGI2000-v7.0-G-15-08037,,27.9767728893993,88.02424791780473,27.986006500000002,88.04607462184873,22.842104,2.795058441111996,5758.3574,6694.5527
RGI2000-v7.0-G-15-08038,,27.992190925443715,88.03825675284298,27.991384500000002,88.0391391368766,42.042316,0.031969238403518,6207.151,6411.753
RGI2000-v7.0-G-15-08039,,27.9885403078137,88.02475815965381,27.9957185,88.04081606424917,28.09705,1.908254448052303,5748.1675,6744.566
RGI2000-v7.0-G-15-08040,,27.992197857855768,88.02359164419973,27.9991385,88.02203052641721,25.160614,0.857504401548703,5822.088,6491.0225
RGI2000-v7.0-G-15-08041,,27.99602951329842,88.01357440157574,27.995773,88.01546045581897,36.94683,0.137771263082806,5934.964,6210.3003
RGI2000-v7.0-G-15-08042,,28.01127019552298,88.01181578070454,28.012655,88.01207570806159,39.517574,0.12644403965981,6146.294,6344.468
RGI2000-v7.0-G-15-08043,,27.95762545210984,88.09330400575749,27.9537835,88.09167361091548,35.917828,0.397568931006896,5728.435,6356.161
RGI2000-v7.0-G-15-08044,Longbashaba Glacier,27.92935302646886,88.06446236693358,27.90793,88.05157681713555,20.52084,9.67282505073421,5553.261,6757.9126
RGI2000-v7.0-G-15-08045,,27.875796454606434,88.06001161499995,27.8850365,88.05147249152543,22.61033,3.369698711209547,5571.0537,6740.452
RGI2000-v7.0-G-15-08046,,27.879321906320353,88.06265147615807,27.8829655,88.06133429151922,42.252354,0.390578689661444,5816.516,6396.708
RGI2000-v7.0-G-15-08048,,27.849342426343384,88.11874465758905,27.846165,88.11524929769392,24.442999,0.508601877778097,5841.499,6170.8247
RGI2000-v7.0-G-15-08050,,27.83174128259349,88.09827305066156,27.829279,88.0991377768498,55.38001,0.26368913310713,5930.451,6755.8154
RGI2000-v7.0-G-15-08051,,27.776126687151972,88.09277940569977,27.774229,88.0945754701825,35.33233,0.121117445626268,5054.0728,5360.6924
RGI2000-v7.0-G-15-08052,,27.771940784096316,88.09668339654232,27.7697665,88.0952615,51.170994,0.194226089227329,5336.09,5959.034
RGI2000-v7.0-G-15-08053,,27.775539447965993,88.09733709866944,27.771794,88.10120928245685,43.061283,0.257729366636584,4999.0347,6018.3013
RGI2000-v7.0-G-15-08054,,27.776543659556367,88.1054991936432,27.772118499999998,88.10691066158537,44.48636,0.245569510561651,5008.0693,5936.0864
RGI2000-v7.0-G-15-08055,,27.756755061152507,88.11130935199799,27.7580615,88.0999354264856,20.640163,2.859043418304922,5498.823,6620.606
RGI2000-v7.0-G-15-08056,,27.754996131663432,88.11359345972795,27.7535475,88.10867638217287,28.544968,0.284024603303382,5467.0386,5864.3423
RGI2000-v7.0-G-15-08057,,27.74876211571655,88.08011810066948,27.752371500000002,88.08806529150003,34.911335,0.808204306312331,5519.7876,6448.3223
RGI2000-v7.0-G-15-08058,,27.750432461326405,88.0750263574917,27.758191500000002,88.07972304754652,31.717958,1.212603333476199,5440.586,6659.146
RGI2000-v7.0-G-15-08059,,27.75203805090137,88.06506652559955,27.7613745,88.07143958377424,28.03054,1.787567295042633,5299.733,6674.295
RGI2000-v7.0-G-15-08060,,27.75816462506394,88.0582117085347,27.764874,88.06088811354883,29.865776,0.669598077032164,5392.6665,6355.901
RGI2000-v7.0-G-15-08061,,27.776867769884355,88.05863744231073,27.773628000000002,88.0642757707627,49.86735,0.66793557198277,5243.8823,6364.2236
RGI2000-v7.0-G-15-08062,,27.781207624058478,88.07611291200922,27.7777975,88.07607256992567,40.07335,0.118357013288271,4943.963,5546.539
RGI2000-v7.0-G-15-08063,,27.777653992000047,88.08028058160151,27.77494,88.07976414027763,46.460247,0.064118615244284,5209.903,5857.7046
RGI2000-v7.0-G-15-08064,,27.778265879028613,88.08765659304888,27.7728635,88.08385466981133,52.634274,0.434179183801311,5021.0728,6559.426
RGI2000-v7.0-G-15-08065,,27.770138167954965,88.04761865039329,27.7707975,88.04774322671307,28.992294,0.012352181037881,5919.941,5973.103
RGI2000-v7.0-G-15-08066,,27.7476317864773,88.04202765717886,27.7461765,88.04142166721854,27.15036,0.075123458344122,5071.155,5248.849
RGI2000-v7.0-G-15-08067,,27.74301086897474,88.04039553755635,27.739047499999998,88.03877580957342,43.658905,0.71612252333241,5430.8525,6121.317
RGI2000-v7.0-G-15-08068,,27.724398249353776,88.03165409386966,27.7343565,88.03790563005919,23.705776,1.617020519481043,5336.968,6155.491
RGI2000-v7.0-G-15-08069,,27.73091493716399,88.04501472514843,27.7321495,88.04376955800726,36.038574,0.094895096729455,5548.8286,5827.38
RGI2000-v7.0-G-15-08070,,27.730249342752767,88.04927190393536,27.7325655,88.04777248072824,33.81286,0.100145105894303,5502.1797,5846.5034
RGI2000-v7.0-G-15-08071,,27.73299612806562,88.05348639555842,27.734068999999998,88.05389440446842,34.904728,0.032324891582582,5958.681,6123.895
RGI2000-v7.0-G-15-08072,,27.743988772642954,88.05454610090744,27.742413499999998,88.05351277294167,31.307308,0.114938733051796,5115.036,5342.888
RGI2000-v7.0-G-15-08074,,27.710018474791433,88.04825517455032,27.714086,88.05061040661644,27.77088,0.37399218395156,5219.809,5731.3887
RGI2000-v7.0-G-15-08075,,27.710014142245022,88.0579477021818,27.71588,88.05960670353214,52.279766,0.675353214084353,5440.8657,6756.101
RGI2000-v7.0-G-15-08076,,27.714432560070403,88.06931503584853,27.715913999999998,88.06746354545456,49.90069,0.152484549022558,6211.7095,6661.191
RGI2000-v7.0-G-15-08077,,27.761076433903956,88.03538081037834,27.733621,88.08395799372477,27.169094,11.894177452923897,4743.0474,7455.02
RGI2000-v7.0-G-15-08078,,27.735278999999995,88.101701,27.7321245,88.10296730668736,47.233433,0.097665613691934,6104.7627,6507.913
RGI2000-v7.0-G-15-08079,,27.721855653428698,88.13160417406193,27.7132365,88.11866903378247,29.828272,4.216974257982966,6583.1494,8456.499
RGI2000-v7.0-G-15-08080,Kumbhakarna,27.72331922773827,87.97941179279984,27.703740000000003,88.03703505122124,25.557064,8.282828531057108,4146.1567,7038.262
RGI2000-v7.0-G-15-08081,,27.697678991952856,88.02171615339253,27.688775,88.02058034888549,38.043682,1.184991253942356,5176.9478,6561.9976
RGI2000-v7.0-G-15-08082,,27.691423349941495,88.01064710915566,27.689799999999998,88.01126441881014,49.212975,0.08021020912907,5974.7183,6477.475
RGI2000-v7.0-G-15-08083,,27.691411723566702,88.00569306211631,27.690185,88.00697705311207,57.13353,0.161990813750784,5625.625,6427.3335
RGI2000-v7.0-G-15-08084,,27.68476093486797,88.01041859236322,27.685017000000002,88.00773174513122,41.336315,0.172807476057876,6194.542,6523.9453
RGI2000-v7.0-G-15-08085,,27.696979595450397,88.0100754108372,27.694981499999997,88.01077142806561,43.975803,0.249260215934635,5122.8843,5769.9766
RGI2000-v7.0-G-15-08086,,27.70223044672663,88.00293718089148,27.6952,88.00073060377358,30.059849,0.508766348207648,4689.0513,5523.8853
RGI2000-v7.0-G-15-08087,,27.692405183889992,87.98704927037524,27.693199,87.98840782608696,47.296535,0.141302019354548,5710.795,6151.2812
RGI2000-v7.0-G-15-08088,,27.690052740206106,87.97500645929836,27.691535000000002,87.98274755291351,34.658283,0.433583163697335,4766.5317,5730.59
RGI2000-v7.0-G-15-08089,,27.68637965947179,87.98937124099945,27.687131,87.98973771306208,47.765278,0.021457795582739,5915.107,6156.3022
RGI2000-v7.0-G-15-08090,,27.68525069027242,87.99189560854938,27.686472000000002,87.99212058632025,46.43083,0.036438274543296,5795.465,6122.322
RGI2000-v7.0-G-15-08091,,27.683595067930142,87.96960778407872,27.6745215,87.98335116291497,20.341763,2.292611057916219,4622.066,5877.739
RGI2000-v7.0-G-15-08092,,27.669963685551185,87.97992244198714,27.666774,87.98081140128313,28.503033,0.110496276682508,4978.3823,5365.388
RGI2000-v7.0-G-15-08093,,27.66215467546702,87.9678617903177,27.6649475,87.97498254565218,21.732279,0.662562890528184,5022.2983,5441.2334
RGI2000-v7.0-G-15-08094,,27.655260588851085,87.98120562109106,27.6587925,87.98092850610067,27.88343,0.184886899769766,5109.1606,5657.3135
RGI2000-v7.0-G-15-08095,,27.657584295319463,87.97661380395273,27.656827999999997,87.97548671358831,22.320076,0.060551523045278,5234.5103,5350.619
RGI2000-v7.0-G-15-08096,,27.656696999999998,87.965013,27.6556575,87.96609603414635,40.8928,0.024618477224496,5047.7144,5278.4263
RGI2000-v7.0-G-15-08097,,27.653441943615146,87.98686835697053,27.6538775,87.98958406457876,30.171547,0.121046155215739,5114.8613,5496.83
RGI2000-v7.0-G-15-08099,,27.655817331467254,88.0033036972606,27.662336,88.00125559010644,24.03332,0.45849996383216,5134.2075,5818.906
RGI2000-v7.0-G-15-08100,,27.665304863457695,88.00984468460052,27.666812,88.00967580555556,28.801567,0.021841032733316,5548.8867,5717.372
RGI2000-v7.0-G-15-08101,,27.65701441792454,88.00646072083075,27.666902,88.01115864261232,29.112543,0.892388036993054,5189.143,6372.3423
RGI2000-v7.0-G-15-08102,Yamatari,27.63374204487911,87.96967707255519,27.6556675,88.01423298169796,24.009762,12.360253046191406,4248.078,7259.337
RGI2000-v7.0-G-15-08103,,27.720639829843417,88.01921805453469,27.7216415,88.01952176969456,40.301483,0.041893301429813,5573.4995,5754.1597
RGI2000-v7.0-G-15-08104,,27.72196602120408,88.03013332492002,27.7255715,88.02371983779193,26.881823,0.544250760301228,5254.528,5761.732
RGI2000-v7.0-G-15-08105,,27.725857126090713,88.00997034419274,27.727197,88.01458138600853,22.804369,0.631802754136387,5151.797,5814.3726
RGI2000-v7.0-G-15-08106,,27.729294379174437,88.00981371705964,27.7343515,88.01147144968553,26.780067,0.490218858735304,5325.7173,5852.2896
RGI2000-v7.0-G-15-08107,,27.73610844617827,88.00725577014369,27.737092500000003,88.00781405453726,30.840918,0.028533357099545,5746.005,5914.164
RGI2000-v7.0-G-15-08108,,27.735763492211554,88.00169677164574,27.736266,88.00400031484901,32.020977,0.080384430469042,5383.2637,5725.3076
RGI2000-v7.0-G-15-08109,,27.743695877743733,88.00386992260701,27.741844,88.00464459925618,43.506275,0.06460128371637,5160.9478,5564.845
RGI2000-v7.0-G-15-08110,,27.743495060593027,88.0092606780674,27.742216,88.01081678418184,48.084236,0.092091838933615,5664.238,6053.543
RGI2000-v7.0-G-15-08111,,27.74923912911583,88.01443591086611,27.745252999999998,88.01572169867623,40.36652,0.329705603016031,5405.101,6127.1484
RGI2000-v7.0-G-15-08112,Merra,27.753693680673674,88.01786626793344,27.7486285,88.0214768673036,31.380695,0.794556847231484,5372.803,6148.4995
RGI2000-v7.0-G-15-08113,,27.755098840360912,88.02598171158854,27.752944,88.02541977777778,40.856686,0.147779368217223,5433.7793,5829.6807
RGI2000-v7.0-G-15-08114,,27.749406912178447,88.03045460541637,27.748261999999997,88.02824444991847,41.892384,0.133286472115497,5564.2095,6006.0664
RGI2000-v7.0-G-15-08115,,27.738731538206117,88.01622221868666,27.738715,88.0169586749788,23.620056,0.017257667493926,5985.4365,6046.953
RGI2000-v7.0-G-15-08116,,27.730692099623653,88.02666265380847,27.735228499999998,88.02219109251703,22.85093,0.466290273513883,5485.626,6038.8374
RGI2000-v7.0-G-15-08117,,27.76085171251963,88.00183683903356,27.7565465,88.0093264599856,20.198706,0.50574943933285,4481.211,4935.099
RGI2000-v7.0-G-15-08118,,27.766373584900162,87.97511847469873,27.767482,87.97589543200837,28.00407,0.037830279654383,5383.4443,5510.9814
RGI2000-v7.0-G-15-08119,,27.773443979268578,87.96456661180858,27.7756395,87.96643592721261,33.493927,0.134626330149865,5322.0273,5772.938
RGI2000-v7.0-G-15-08120,,27.77886685751381,87.95957979958705,27.784222,87.9647998890641,28.315147,0.590090617496342,5176.4146,5819.3555
RGI2000-v7.0-G-15-08123,,27.81013233977934,87.94919159569879,27.811006,87.94946024560464,30.48665,0.041123585037996,5626.003,5774.449
RGI2000-v7.0-G-15-08124,,27.82817294939684,87.95213754379148,27.819678500000002,87.95315457828096,29.256502,1.185845834377917,5050.307,5978.376
RGI2000-v7.0-G-15-08125,,27.828009907597227,87.95412590736242,27.8194735,87.95841758008474,23.86841,0.584194156272678,5095.4663,5870.8677
RGI2000-v7.0-G-15-08126,,27.83422318991277,87.95883227769282,27.8220305,87.96361399882785,26.383987,3.15671018516908,4868.4473,6165.6147
RGI2000-v7.0-G-15-08127,,27.797933960928834,87.9727378090349,27.8081465,87.97197273376624,21.370625,1.457354399188051,5178.5483,6191.186
RGI2000-v7.0-G-15-08128,,27.800065129683073,87.97788612674962,27.803076500000003,87.97943337893759,26.212715,0.09910549641801,5538.2085,5852.365
RGI2000-v7.0-G-15-08129,,27.803626318223245,87.98251010880718,27.804465,87.98149504813207,22.67634,0.029568441413409,5758.819,5858.2236
RGI2000-v7.0-G-15-08130,,27.801987489871273,87.98122576785634,27.8016035,87.98195887100083,28.536474,0.018657751077986,5814.6094,5886.1304
RGI2000-v7.0-G-15-08131,,27.803809446689137,87.98623527181466,27.804102999999998,87.98479219444445,33.928658,0.066886600242288,5491.673,5753.1084
RGI2000-v7.0-G-15-08132,,27.803166085101292,87.988889798386,27.800036499999997,87.98590142965367,28.930084,0.199649157737004,5391.2773,5837.11
RGI2000-v7.0-G-15-08133,,27.793679814620276,87.98125058917107,27.7960335,87.98177897044047,29.597076,0.06464142113667,5536.2593,5825.08
RGI2000-v7.0-G-15-08134,,27.79174186891048,87.9834426483964,27.792785000000002,87.98487826754882,26.329071,0.126172113562192,5527.785,5806.9287
RGI2000-v7.0-G-15-08135,,27.789197243750603,87.98729301522289,27.790640000000003,87.98775053961457,28.639267,0.038208311761219,5645.0044,5782.5605
RGI2000-v7.0-G-15-08136,,27.79195513172137,87.98891356277193,27.791513000000002,87.98848172016018,31.862452,0.015326072355364,5691.478,5774.822
RGI2000-v7.0-G-15-08137,,27.800441765308083,88.00786438235966,27.8078285,88.0048299621294,23.14176,0.707613568800721,5308.321,5865.1753
RGI2000-v7.0-G-15-08138,,27.816571653780535,87.9968634070487,27.815059,88.00054103692307,25.20767,0.089741528224074,5799.121,5952.5967
RGI2000-v7.0-G-15-08139,,27.819293192415014,88.00903809011272,27.817708500000002,88.00716816385571,20.473347,0.17943874642676,5352.944,5502.8823
RGI2000-v7.0-G-15-08140,,27.821916402996052,87.99487113358349,27.820114,87.99529071854353,33.67047,0.069114162396476,5801.4795,5956.5537
RGI2000-v7.0-G-15-08141,,27.801945321766983,87.99462798628261,27.816688499999998,87.98790073154815,23.011776,2.711952228612998,5164.609,6187.464
RGI2000-v7.0-G-15-08142,,27.822422585168255,88.00416035195325,27.8267855,87.99896867260648,24.599882,0.777174105916515,5401.721,6060.0864
RGI2000-v7.0-G-15-08143,,27.830266880545878,88.00542023557817,27.831469,88.00330449318994,30.049515,0.071728700889735,5820.392,6069.5596
RGI2000-v7.0-G-15-08144,,27.8340507533456,88.011537488755,27.842418000000002,88.00706397253256,24.328407,1.912792382248304,5393.631,6210.8545
RGI2000-v7.0-G-15-08145,,27.850668703347992,88.01224447485876,27.8486275,88.01160370160422,36.069786,0.102663377702248,6016.859,6194.4385
RGI2000-v7.0-G-15-08146,,27.854063389344113,88.01894167587508,27.85329,88.01607191705077,30.494453,0.18662852902277,5346.314,5697.1216
RGI2000-v7.0-G-15-08147,,27.855374348454486,88.0129346662488,27.85491,88.0119652306867,28.378023,0.028347173212661,5618.098,5737.302
RGI2000-v7.0-G-15-08148,,27.837481254849035,88.02317042706407,27.839028,88.02128772222223,23.163492,0.099191940682317,5616.181,5814.12
RGI2000-v7.0-G-15-08149,,27.83640779383888,88.01659585495142,27.837647,88.01820126565846,32.86807,0.085540625139413,5736.0923,5926.209
RGI2000-v7.0-G-15-08150,,27.838842477489706,88.02655460567603,27.837136,88.02561060881104,30.197483,0.100018813595001,5380.522,5638.728
RGI2000-v7.0-G-15-08151,,27.83436006017825,88.02393299795285,27.833559,88.02445355233232,35.040234,0.024006281355003,5735.4507,5842.8877
RGI2000-v7.0-G-15-08152,,27.8304317916348,88.01552391874843,27.829347499999997,88.02192490634482,24.524103,0.505770786613887,5446.994,5874.928
RGI2000-v7.0-G-15-08154,,27.84533018164802,87.9803477123552,27.8474615,87.98451240072639,33.50734,0.217009995077282,5574.6294,6134.1846
RGI2000-v7.0-G-15-08155,,27.851577381159277,87.97229742441485,27.8518125,87.9813730133187,24.047644,0.679386387754556,5398.978,6125.058
RGI2000-v7.0-G-15-08156,,27.850117109378733,87.97412473947448,27.849154,87.97693975104603,23.572947,0.080456429255312,5393.307,5654.124
RGI2000-v7.0-G-15-08157,,27.84651629790445,88.03203210693927,27.8651415,87.98170041467306,21.032818,11.648860305973816,5113.288,6666.826
RGI2000-v7.0-G-15-08158,,27.835232456953918,87.9643304048169,27.8308395,87.98042471367913,29.027275,1.489413812158332,4976.12,6175.6777
RGI2000-v7.0-G-15-08159,,27.82728346887633,87.94931399933986,27.8197115,87.9408208688253,25.40977,1.527610766884974,5094.9663,6008.3228
RGI2000-v7.0-G-15-08160,,27.828533807889283,87.93171938742415,27.824721500000003,87.9350172970176,38.59034,0.224242612707542,4983.058,5616.515
RGI2000-v7.0-G-15-08161,,27.8310866536934,87.92648315748988,27.823009,87.93007917212068,32.99915,1.03835309141337,4748.688,6152.53
RGI2000-v7.0-G-15-08162,,27.81182228577954,87.93621326109299,27.813382500000003,87.93679617069604,36.347992,0.070993224975795,5812.6753,6007.5093
RGI2000-v7.0-G-15-08164,,27.7960923094821,87.93191434144167,27.804617,87.9191915512988,20.2396,1.941185325185904,5159.1055,6143.609
RGI2000-v7.0-G-15-08165,,27.792340152127597,87.90876188669135,27.8010805,87.91223148460085,29.012674,0.555041983002701,5012.3325,5815.8237
RGI2000-v7.0-G-15-08166,,27.795656508917993,87.90438681753858,27.803539,87.90876841100906,25.96937,0.610604628142073,4842.1406,5869.5073
RGI2000-v7.0-G-15-08167,,27.801011191746657,87.9009510936251,27.803775,87.90381925913242,37.331257,0.18657524358884,5231.965,5808.872
RGI2000-v7.0-G-15-08168,,27.807333180472284,87.9005755971314,27.80848,87.90464753291536,35.0607,0.176518071001248,5415.5903,5865.0503
RGI2000-v7.0-G-15-08169,,27.816391974567683,87.89861883081922,27.815452999999998,87.90341615843698,21.927608,0.307967864178638,4965.3438,5327.029
RGI2000-v7.0-G-15-08170,,27.808258666497053,87.89369850768871,27.8089425,87.89631895903483,26.224741,0.127259579557959,4968.728,5216.817
RGI2000-v7.0-G-15-08171,,27.82844359704002,87.9148207286804,27.8221135,87.91512525018004,41.375515,0.62052569193346,4788.1245,6141.9863
RGI2000-v7.0-G-15-08172,,27.79118787388097,87.92255873695959,27.789487,87.91695427181983,28.3304,0.818279897595452,5223.316,5892.134
RGI2000-v7.0-G-15-08173,,27.78826306459873,87.90276365753276,27.787000499999998,87.91110248749888,42.77624,0.875299825505263,4747.539,5944.3154
RGI2000-v7.0-G-15-08175,,27.771772804479042,87.89977876185839,27.775347,87.9003872582995,31.14556,0.157254735738103,5390.5903,5818.6514
RGI2000-v7.0-G-15-08176,,27.769239779306453,87.87516688772608,27.764611000000002,87.88971474090047,24.565979,4.430959371589426,4362.2676,6381.3467
RGI2000-v7.0-G-15-08177,,27.75572119308417,87.89937961736948,27.752495,87.89804246894622,34.56742,0.193870189555555,5058.5137,5663.9883
RGI2000-v7.0-G-15-08178,,27.74308251151547,87.90278526815001,27.7471435,87.9040929057984,27.389345,0.333478851043046,5245.583,5890.856
RGI2000-v7.0-G-15-08179,,27.744898806440435,87.88443027966063,27.740777,87.90104123607588,28.837303,2.394103599569581,4620.5337,6365.3223
RGI2000-v7.0-G-15-08180,,27.734330258858943,87.8855373464052,27.732848,87.89048337910975,40.102768,0.08082512329619,4915.838,5579.9346
RGI2000-v7.0-G-15-08181,,27.71107131487156,87.8911274444737,27.7187325,87.89852995315971,28.658653,2.055972562491279,4566.8022,6101.485
RGI2000-v7.0-G-15-08182,,27.719918991941046,87.91307001281355,27.7244165,87.90949259240935,27.388746,0.502494139812395,5598.6465,6097.7246
RGI2000-v7.0-G-15-08183,,27.724182656616037,87.91893170541135,27.727149,87.9129759993857,25.396976,0.290085934042399,5400.9253,5981.3276
RGI2000-v7.0-G-15-08184,,27.72893945725432,87.92287938734802,27.73169,87.91500130298738,23.893982,0.834090619631628,5266.198,5936.184
RGI2000-v7.0-G-15-08185,,27.74321091610824,87.91721509117626,27.744402,87.91790536728152,39.456913,0.052109871147985,5885.4336,6069.219
RGI2000-v7.0-G-15-08186,,27.749471370178064,87.92263825782155,27.751187,87.92108983333333,40.695587,0.096865273092522,5918.6216,6355.63
RGI2000-v7.0-G-15-08187,,27.75617170652862,87.94175991048458,27.754473,87.92972650785406,33.47085,0.812903565726734,4739.8,5805.061
RGI2000-v7.0-G-15-08188,,27.750768798553953,87.9355408523972,27.749595499999998,87.93178012414359,33.54031,0.261890746079446,5348.6846,5812.9565
RGI2000-v7.0-G-15-08189,,27.738993612683355,87.94136963798476,27.74382,87.93337161828646,22.220901,0.648907164156074,5106.8047,5830.439
RGI2000-v7.0-G-15-08190,,27.73320751447506,87.9323106650857,27.740895000000002,87.92995979007007,22.50277,1.197314901692214,5135.6265,5886.5786
RGI2000-v7.0-G-15-08191,,27.734926374557055,87.93592822823476,27.736113500000002,87.93462894021738,29.371803,0.041051951639426,5301.825,5457.361
RGI2000-v7.0-G-15-08192,Naphumba,27.720952707684354,87.92497446773575,27.7177665,87.91823449646122,27.858702,0.684955153456834,5099.723,5832.5625
RGI2000-v7.0-G-15-08193,,27.71367014204911,87.92718994218339,27.714081,87.92318993555779,25.278742,0.383823032136156,5357.6426,5816.645
RGI2000-v7.0-G-15-08194,,27.71308640486712,87.92955130491269,27.7111925,87.92726781782946,27.139387,0.177872356211309,5238.955,5540.2437
RGI2000-v7.0-G-15-08195,,27.70572847474072,87.93465211743693,27.703728499999997,87.91862336986301,20.354172,1.869132832213275,5102.083,6034.6533
RGI2000-v7.0-G-15-08196,,27.696194885992853,87.92315146653775,27.696126,87.921535,32.926277,0.055097754700781,5263.0947,5452.3315
RGI2000-v7.0-G-15-08197,,27.69001959534384,87.90090506480372,27.6924165,87.90600503127061,24.66762,1.553377217224654,5009.114,5716.118
RGI2000-v7.0-G-15-08198,,27.702156114802694,87.90191759551135,27.70438,87.9046729102046,35.6127,0.292875015406461,4930.3184,5740.2085
RGI2000-v7.0-G-15-08199,,27.729044935051842,87.86941454648405,27.727838,87.87022765221775,42.083908,0.037126810325271,4947.592,5264.6196
RGI2000-v7.0-G-15-08200,,27.73800478853321,87.87194115575676,27.737339499999997,87.872462795406,29.397163,0.019555873414965,4982.3003,5077.977
RGI2000-v7.0-G-15-08201,,27.769548729681624,87.93809943729471,27.764669499999997,87.92781940062562,27.429388,0.876045358399457,4947.365,5913.1655
RGI2000-v7.0-G-15-08202,,27.76094860859987,87.93645099999996,27.761575999999998,87.93293233612945,31.029285,0.279255042970519,5018.611,5502.493
RGI2000-v7.0-G-15-08203,,27.785207425584467,87.93014658028416,27.7795305,87.92350268418942,33.001156,1.643499245334024,4931.2676,6026.5854
RGI2000-v7.0-G-15-08204,,27.853024717253906,87.87173170531116,27.8538465,87.87410302873563,28.566961,0.2022056821339,5605.8687,5842.028
RGI2000-v7.0-G-15-08205,,27.861339446507618,87.87335331980069,27.8602835,87.87482649233716,23.801792,0.052700379096634,5546.3374,5677.573
RGI2000-v7.0-G-15-08206,,27.864547213242645,87.87975465937384,27.864838499999998,87.87888401029448,27.700573,0.016766103953805,5691.152,5764.0195
RGI2000-v7.0-G-15-08207,,27.872796245125382,87.8886561625215,27.871457499999998,87.88549887131519,27.703043,0.20362270007748,5407.856,5771.1064
RGI2000-v7.0-G-15-08208,,27.834321944338058,87.8245898685911,27.831657,87.82226471602928,30.325102,0.161496954241564,5034.5977,5473.94
RGI2000-v7.0-G-15-08209,,27.827575211093478,87.81840929750778,27.826573,87.82069169541283,37.749115,0.061271441708034,5281.7183,5628.9404
RGI2000-v7.0-G-15-08210,,27.82766345972805,87.82848377932764,27.826347,87.82507481113537,35.447525,0.122905757353887,5127.082,5529.384
RGI2000-v7.0-G-15-08211,,27.823107060149262,87.8308484601381,27.8204865,87.82714534469633,42.595375,0.116338880981802,4988.344,5552.3706
RGI2000-v7.0-G-15-08212,,27.816063835175196,87.82773382941116,27.8161865,87.82589941522677,24.111374,0.095215995318154,5527.202,5697.9653
RGI2000-v7.0-G-15-08213,,27.808081789410654,87.81958723062164,27.813778499999998,87.82083655825242,21.787403,0.490046784558774,5226.094,5790.9346
RGI2000-v7.0-G-15-08214,,27.822811385113834,87.81115735539244,27.818785,87.81599237234043,34.87815,0.299915680439396,5233.2007,5822.0513
RGI2000-v7.0-G-15-08215,,27.822912952185035,87.8152569604713,27.821723,87.81776329625669,43.140663,0.103563735415247,5436.791,5867.6665
RGI2000-v7.0-G-15-08217,,27.805764409851516,87.78745754250161,27.8082105,87.78594618298432,34.17046,0.130604750269981,5336.0493,5720.4966
RGI2000-v7.0-G-15-08219,,27.78995756870816,87.7902159994387,27.789111499999997,87.79602279187577,21.814743,0.219839899140154,5079.3325,5491.5503
RGI2000-v7.0-G-15-08221,,27.790123836422822,87.76158700195585,27.7905845,87.7631199476636,33.07672,0.052813942405553,5199.2876,5395.5483
RGI2000-v7.0-G-15-08222,,27.785508336968235,87.76337161300658,27.785384999999998,87.7657547554856,31.223553,0.067231874142965,5014.9346,5303.917
RGI2000-v7.0-G-15-08223,,27.811667265300873,87.75601842499388,27.823269,87.7680065593849,22.384295,1.778486806759145,4885.5557,6061.5747
RGI2000-v7.0-G-15-08224,,27.82028759601411,87.75514117972178,27.8262425,87.75789548727661,34.950485,0.409459362787739,5099.668,6077.8
RGI2000-v7.0-G-15-08225,,27.815672239101264,87.73075865153007,27.8114535,87.72897568455284,21.630554,0.256120457747295,5000.419,5357.707
RGI2000-v7.0-G-15-08226,,27.812991712096107,87.72252227747072,27.809086,87.72254460918114,25.406242,0.432987474036517,4992.698,5351.4985
RGI2000-v7.0-G-15-08227,,27.803242939595574,87.72260469129517,27.8048885,87.72172381486969,27.586826,0.063453157883137,5167.782,5347.8857
RGI2000-v7.0-G-15-08228,,27.805676409000704,87.71763890827843,27.804547,87.71857697077922,26.032473,0.050148735402939,5057.0645,5153.586
RGI2000-v7.0-G-15-08229,,27.798522753770502,87.72012561659642,27.799782,87.72115950423729,22.519974,0.123757138839253,5012.974,5185.005
RGI2000-v7.0-G-15-08232,,27.816120163594352,87.68521417383286,27.814459,87.68809547457664,26.253487,0.368171357573891,5119.568,5405.5186
RGI2000-v7.0-G-15-08233,,27.900702032949535,87.7027086302459,27.902785,87.7130457554139,30.379358,1.485145896154626,5221.662,6022.118
RGI2000-v7.0-G-15-08234,,27.9108181787089,87.70684590355475,27.909940499999998,87.70710830557489,39.784515,0.037073347911043,5634.6455,5833.3433
RGI2000-v7.0-G-15-08235,,27.914680518617015,87.70933540424004,27.9125075,87.71209264583334,33.120632,0.202051261526677,5422.314,5885.567
RGI2000-v7.0-G-15-08236,,27.91269382399803,87.71738494136204,27.9118415,87.71730690558402,46.753468,0.023393592185376,5584.776,5783.898
RGI2000-v7.0-G-15-08237,,27.91659111933273,87.72160844362274,27.9113915,87.72032796405466,34.188267,0.298377848381259,5276.5386,6014.329
RGI2000-v7.0-G-15-08239,,27.926996800727096,87.73411554975117,27.923502499999998,87.73617601641344,32.44584,0.208819547139707,5352.4214,5788.0415
RGI2000-v7.0-G-15-08240,,27.921376363763894,87.71498525809127,27.91959,87.71444279792888,26.886536,0.063160445633583,5605.114,5715.507
RGI2000-v7.0-G-15-08241,,27.924921347865915,87.71148688960244,27.9229435,87.7113465,33.04612,0.034420064588851,5487.929,5754.1675
RGI2000-v7.0-G-15-08242,,27.988098780385734,87.73275600376844,27.986119000000002,87.73276759809357,32.169174,0.064464981227069,5607.4595,5868.533
RGI2000-v7.0-G-15-08243,,28.03127491455669,87.85680215663614,28.030374000000002,87.85438729587295,28.45503,0.187525239610613,5748.3936,6173.189
RGI2000-v7.0-G-15-08244,,28.07591490605245,87.63047350520885,28.079315,87.61948734269812,26.405321,0.487543495703306,5622.0835,6454.63
RGI2000-v7.0-G-15-08245,,28.068386012411352,87.62411455108621,28.075163500000002,87.61841693695894,28.882135,0.868092208983569,5542.0635,6337.0513
RGI2000-v7.0-G-15-08246,,28.056391950147837,87.62139969499512,28.070718,87.61087559891405,28.028534,3.560690706694166,5147.099,6588.0317
RGI2000-v7.0-G-15-08247,Amazhengmai Glacier,28.092645572698654,87.62933677670948,28.091363,87.61683507988036,26.622103,1.931280225016254,5179.024,6588.7476
RGI2000-v7.0-G-15-08248,,28.14123627680442,87.5575168890157,28.140120500000002,87.55893965022423,38.19873,0.074504266320602,5344.1187,5610.0005
RGI2000-v7.0-G-15-08249,,28.143753545244554,87.55707078069561,28.144444,87.5599848076923,30.193962,0.174954887956719,5252.604,5593.769
RGI2000-v7.0-G-15-08250,,28.146278188093873,87.56234139481838,28.14557,87.5631842843274,24.907335,0.013996499124863,5573.4326,5614.9385
RGI2000-v7.0-G-15-08251,,28.14983530879247,87.5619083141102,28.149024500000003,87.561663418081,33.91434,0.030370198765712,5257.192,5387.3984
RGI2000-v7.0-G-15-08252,,28.16290812517193,87.5668620871078,28.1638175,87.56725226200193,25.700863,0.043623745765075,5473.0522,5579.64
RGI2000-v7.0-G-15-08253,,28.170672362642982,87.56422940820805,28.167413500000002,87.56618120338115,28.414106,0.455919075929996,5205.0923,5677.8955
RGI2000-v7.0-G-15-08254,,28.172033821019458,87.57243364193418,28.1714025,87.57337034219665,43.956406,0.033578185818701,5480.1753,5708.4146
RGI2000-v7.0-G-15-08255,,28.16817460916876,87.58183090513127,28.168474500000002,87.58574573932543,35.65906,0.745032455983154,5242.043,6154.0273
RGI2000-v7.0-G-15-08256,,28.263450108715254,87.65166650784246,28.264668999999998,87.64981926704675,22.320934,0.04324661709039,5868.538,5948.834
RGI2000-v7.0-G-15-08258,,28.287423254014495,87.66215233320901,28.2864435,87.66090472813902,25.10326,0.04153392053062,5687.7363,5820.544
RGI2000-v7.0-G-15-08259,,28.287139921020927,87.65728155568108,28.2862665,87.65720284593422,36.87039,0.029798798905146,5719.271,5854.0146
RGI2000-v7.0-G-15-08260,,28.289331752286504,87.64321514534093,28.287470499999998,87.64196005063862,29.996817,0.13711365799987,5777.1255,6043.5806
RGI2000-v7.0-G-15-08261,,28.728944314371894,87.4149340332647,28.7263525,87.41513774454376,27.331244,0.088976606297671,5690.8667,5947.24
RGI2000-v7.0-G-15-08262,,28.78033601445536,87.60225766606008,28.777997,87.59956316921816,30.970112,0.249895810070392,5706.493,6088.5117
RGI2000-v7.0-G-15-08263,,28.776102059873118,87.60658906994321,28.7733745,87.60561577901532,43.19512,0.077401145946354,5623.9575,6209.956
RGI2000-v7.0-G-15-08264,,28.79894389936372,87.6005756176691,28.796726,87.59465272346938,27.102087,1.376378958632793,5655.9146,6361.062
RGI2000-v7.0-G-15-08265,,28.235993492860842,86.8574096948209,28.2319705,86.85644282384727,31.09358,0.162177169246561,5525.359,6003.2017
RGI2000-v7.0-G-15-08266,,28.233686613480007,86.85378205580058,28.2305845,86.85276032350001,25.568756,0.140246352321387,5605.189,5964.145
RGI2000-v7.0-G-15-08267,,28.128627823796386,86.83135595264714,28.126576,86.8298583916839,26.397999,0.063833338240143,5950.961,6189.854
RGI2000-v7.0-G-15-08268,,28.125033272864858,86.83296537096822,28.123544,86.83138886001447,37.271385,0.081472477059401,5917.815,6224.983
RGI2000-v7.0-G-15-08269,,28.11835006916383,86.82416981037888,28.117797,86.82701485517349,31.36559,0.061772311415044,5846.767,6052.2397
RGI2000-v7.0-G-15-08270,,28.115879962865193,86.83036143007259,28.114714,86.83054164179104,33.93155,0.065530634307089,6246.0786,6389.803
RGI2000-v7.0-G-15-08271,,28.114283425177145,86.82572328630651,28.1131515,86.82615020836438,34.309673,0.027190329757868,6249.523,6436.1675
RGI2000-v7.0-G-15-08272,,28.105612577789724,86.82685067339258,28.104857,86.82783229386285,25.321413,0.056545742570244,6273.9053,6423.0317
RGI2000-v7.0-G-15-08273,,28.097706101438135,86.8331139801844,28.0994915,86.83149350110429,30.779146,0.248406466651838,6184.3823,6474.038
RGI2000-v7.0-G-15-08274,Rongbu,28.106346847260912,86.84721108711622,28.103980999999997,86.83690502857144,26.0112,0.521154535075187,5774.9414,6464.9185
RGI2000-v7.0-G-15-08275,,28.097449830560965,86.84361750843168,28.099449,86.84042441275062,25.632162,0.267978512350361,6062.7095,6322.2437
RGI2000-v7.0-G-15-08276,,28.111521267029026,86.83738700192752,28.109606,86.8349884797591,25.29707,0.205768451429965,5899.937,6233.643
RGI2000-v7.0-G-15-08277,Rongbuk Glacier,28.09370598827245,86.82302382147783,28.094772,86.81891022277227,39.699753,0.25199754245906,6210.607,6712.6025
RGI2000-v7.0-G-15-08279,,28.085803804828593,86.84255054073083,28.084635499999997,86.84140427706508,41.21026,0.046812492006121,6251.261,6447.611
RGI2000-v7.0-G-15-08281,,28.070260355943574,86.83263748250371,28.0731255,86.83446546093515,35.327133,0.303345936268487,6206.6973,6508.2466
RGI2000-v7.0-G-15-08282,,28.05851400000255,86.83587992081158,28.065779,86.83103868133801,22.542925,0.410585975449521,5617.6978,6236.4614
RGI2000-v7.0-G-15-08283,,28.06276065112911,86.819521561973,28.0655295,86.82082944188376,37.035896,0.250186647412922,6101.44,6532.95
RGI2000-v7.0-G-15-08284,,28.04577433216625,86.84641897975504,28.044140499999997,86.84712113735178,42.58085,0.06775412843846,5894.243,6255.582
RGI2000-v7.0-G-15-08286,,28.03819304269373,86.85660950729168,28.037480000000002,86.85625765613344,46.094128,0.01753358785649,6091.6997,6270.768
RGI2000-v7.0-G-15-08287,,28.02336278264904,86.86309225309519,28.024115000000002,86.86328249333333,46.97665,0.013282500029878,5843.3154,6065.015
RGI2000-v7.0-G-15-08288,,28.011903723035413,86.8409454950921,28.0192215,86.84436324803659,38.53358,0.927812912041958,5840.406,6658.5854
RGI2000-v7.0-G-15-08289,,28.013732116644405,86.84639735880997,28.014584499999998,86.84623830649352,34.206165,0.020320899775972,5639.4316,5767.264
RGI2000-v7.0-G-15-08290,,28.010761055373383,86.84499670302712,28.012096,86.84354255338653,33.65702,0.094864192676322,5531.9526,5860.0
RGI2000-v7.0-G-15-08291,,28.00862865243378,86.84242682325129,28.0095995,86.84193928495793,26.6873,0.052349939105905,5601.7427,5715.2944
RGI2000-v7.0-G-15-08292,,28.0028040093594,86.83486188081814,28.0093665,86.83479692913961,41.071342,0.611424538259916,5453.2593,7099.8354
RGI2000-v7.0-G-15-08293,,28.000945766737935,86.83358897444252,28.004733,86.83179679056123,33.42956,0.389643194549565,5406.6357,6183.2915
RGI2000-v7.0-G-15-08294,,27.9986350000502,86.82123402193217,28.0027635,86.82143582050901,35.649326,0.260647501190235,5488.453,6112.597
RGI2000-v7.0-G-15-08296,,27.994610139002585,86.79706789675559,27.9957075,86.79607977575361,36.191315,0.043655544890574,5453.2656,5649.254
RGI2000-v7.0-G-15-08297,,27.997826887042816,86.77290715034607,27.9973465,86.77325461414668,22.925167,0.012283852896752,5726.079,5769.613
RGI2000-v7.0-G-15-08298,,27.991201874572013,86.76910726246994,27.9908195,86.7701814922292,37.571625,0.018643913600486,5510.182,5666.0034
RGI2000-v7.0-G-15-08300,,28.036210758186723,86.74246429145232,28.036206,86.75255564391982,44.81394,1.163710741229093,5772.7666,6842.603
RGI2000-v7.0-G-15-08301,,28.009892411085374,86.72885465216449,28.0076645,86.73083587078747,33.006027,0.148734995263633,5312.539,5606.273
RGI2000-v7.0-G-15-08302,,27.9878282105553,86.72511938831914,27.983552500000002,86.72713803055377,32.44572,0.442977680335295,5307.5205,6020.692
RGI2000-v7.0-G-15-08303,,27.97869194647601,86.73317987093488,27.982166,86.73259829506438,28.658785,0.201386061766706,5407.4053,5879.3184
RGI2000-v7.0-G-15-08306,,28.04734002260838,86.70663633253369,28.046969,86.69890266254696,33.524574,0.445891037015797,5389.673,6041.0264
RGI2000-v7.0-G-15-08307,,28.089333062267436,86.74253597182857,28.090895500000002,86.74357206411638,45.058964,0.056004946276423,6857.815,7248.6206
RGI2000-v7.0-G-15-08308,,28.092470000003505,86.75557299928603,28.090128999999997,86.74705608259666,47.05186,0.292865320482317,6653.4805,7403.722
RGI2000-v7.0-G-15-08309,,28.100380056293176,86.76243443880477,28.0986355,86.75034,38.361576,0.845060180847786,6587.0938,7928.8755
RGI2000-v7.0-G-15-08310,,28.10396945393383,86.74196386601055,28.102332,86.74378551462746,41.16175,0.158357703454765,7208.115,7725.7603
RGI2000-v7.0-G-15-08311,,28.121239453693693,86.72773803264089,28.1230045,86.72553082658644,32.151703,0.227478116496053,6225.566,6488.475
RGI2000-v7.0-G-15-08312,,28.068607612126947,86.77141594471085,28.0710015,86.770029442514,27.753613,0.095669508106579,6041.713,6308.026
RGI2000-v7.0-G-15-08314,,28.044280967675128,86.87404895786199,28.04352,86.87430611358575,46.95188,0.027225236242622,5965.4116,6203.7354
RGI2000-v7.0-G-15-08315,,28.047274051109532,86.89712699915742,28.046657500000002,86.90292886448998,35.47987,0.293257623774995,5901.46,6541.5225
RGI2000-v7.0-G-15-08316,,28.053033279325728,86.89692847111657,28.057515000000002,86.89855850711102,39.805378,0.52686594157755,6133.8516,6794.468
RGI2000-v7.0-G-15-08317,,28.066835823389397,86.88706086143995,28.0706165,86.89224507473551,39.28869,0.646203429893525,5932.8467,6820.2803
RGI2000-v7.0-G-15-08318,,28.078470526470312,86.89353258388581,28.079134,86.89291562503433,23.01864,0.01269267549853,6459.6064,6522.8984
RGI2000-v7.0-G-15-08319,,28.083584791585682,86.88408261159456,28.0811105,86.8896785233645,34.834667,0.271550375738837,5866.012,6518.136
RGI2000-v7.0-G-15-08320,,28.08896929039155,86.89123305939584,28.0868775,86.89426389597458,41.20285,0.133909997090102,5995.509,6397.865
RGI2000-v7.0-G-15-08321,,28.086597552968026,86.90084300000036,28.083496500000003,86.89812270223806,36.797726,0.286442719975972,5919.121,6499.4414
RGI2000-v7.0-G-15-08322,Zhangzheng No2 Glacier,28.086193073118213,86.9078554382813,28.0786555,86.90243532436813,26.112806,0.682211452275568,5804.211,6652.7603
RGI2000-v7.0-G-15-08323,,28.07776864577628,86.9056277621073,28.075889500000002,86.90562401381725,39.342907,0.200199058570801,6173.548,6553.4707
RGI2000-v7.0-G-15-08324,Zhangzheng No3 Glacier,28.075191641463316,86.91585800000014,28.070408999999998,86.90803663421053,28.353144,0.807375826839515,5939.614,6690.968
RGI2000-v7.0-G-15-08326,,28.02951413893435,86.90477186897027,28.030955,86.90612481625836,42.09009,0.142577591805626,6813.302,7129.397
RGI2000-v7.0-G-15-08327,,28.023561704149767,86.90442028345807,28.024269,86.90593448269206,49.28708,0.235207030154031,6831.4043,7274.1235
RGI2000-v7.0-G-15-08328,,28.002319033877512,86.91668648617213,27.999028000000003,86.91689099888642,39.433083,0.444009855365567,7176.076,8329.946
RGI2000-v7.0-G-15-08329,,27.997005000137584,86.917664830528,27.995489,86.91744483407572,38.441856,0.137615182223646,7639.522,7995.224
RGI2000-v7.0-G-15-08330,,27.999477187606757,86.90396953862636,27.996206,86.90803388786439,33.25551,0.551846317549859,7098.9385,7676.358
RGI2000-v7.0-G-15-08331,Khumbu Glacier,27.93354892559384,86.80568185442074,27.976805,86.90491858135596,23.562862,26.35023378900643,4879.13,7981.403
RGI2000-v7.0-G-15-08332,,27.975024128617033,86.93330833966013,27.981075500000003,86.92989780977052,31.697515,0.605395314122982,7821.718,8670.694
RGI2000-v7.0-G-15-08333,,27.97348007734516,86.92939366698694,27.971937,86.93050302533334,20.469095,0.061652512819256,7829.186,7935.3555
RGI2000-v7.0-G-15-08334,,27.949223200215734,86.94987602158916,27.954125,86.94959374999999,42.462433,0.339847008713389,7139.9883,8181.028
RGI2000-v7.0-G-15-08335,,27.95347665878466,87.00299163323066,27.9542095,87.00146675052744,41.26996,0.050997154815896,6159.464,6419.451
RGI2000-v7.0-G-15-08336,,27.899510084779813,86.79261803720449,27.898421,86.78947008230722,34.276608,0.17406465030525,5099.841,5546.6562
RGI2000-v7.0-G-15-08337,,27.89173802989704,86.78197932825012,27.8952945,86.7809371787078,43.322365,0.383203560745963,5849.3677,6438.3584
RGI2000-v7.0-G-15-08338,,27.89955214317668,86.77309191900513,27.900115,86.77402056683069,47.662254,0.030533718148862,6056.943,6319.493
RGI2000-v7.0-G-15-08339,,27.907645905940235,86.77373966060779,27.906005,86.77190798719377,49.821156,0.070743245404561,5450.5586,6046.374
RGI2000-v7.0-G-15-08340,,27.899798761980318,86.77095261189076,27.9034955,86.76668149604743,35.274063,0.302735670401805,5829.2344,6297.427
RGI2000-v7.0-G-15-08341,,27.912017748722654,86.76884674857014,27.910521000000003,86.76798717483297,42.973545,0.065638865495204,5552.3306,5944.4185
RGI2000-v7.0-G-15-08342,Cholotse,27.90572348062724,86.74935003187379,27.908571000000002,86.75615005467296,22.134945,0.409413113364241,4951.4316,5624.4287
RGI2000-v7.0-G-15-08343,,27.903527137012993,86.75670810407203,27.9011455,86.75544318910892,35.43801,0.150652557540615,5157.151,5508.6084
RGI2000-v7.0-G-15-08346,Cholo,27.913713016777656,86.79078734554527,27.906515,86.7830660311111,26.330967,0.620880219444928,4643.279,6213.4644
RGI2000-v7.0-G-15-08347,,27.813764332979414,86.80522957779344,27.807706,86.804711,36.977196,0.288063922321466,4874.284,5864.425
RGI2000-v7.0-G-15-08348,,27.81096817836546,86.8111780681465,27.808753,86.81076058240535,37.98956,0.098179666158338,4932.412,5338.8745
RGI2000-v7.0-G-15-08349,,27.81024176775445,86.81549318673498,27.8069075,86.81631061581027,43.66902,0.169013177503467,4951.5513,5750.4087
RGI2000-v7.0-G-15-08350,,27.797299025987343,86.83366719531627,27.800891999999997,86.8231688396347,25.600769,1.060956698900964,5356.8965,6157.1597
RGI2000-v7.0-G-15-08351,,27.79515238475875,86.83342305142499,27.791813,86.82624490996598,33.44951,0.548992754568568,5353.3623,6490.147
RGI2000-v7.0-G-15-08352,,27.785208267364872,86.83496517458504,27.784911,86.82939713082274,32.116074,0.603136115361507,5358.359,6275.49
RGI2000-v7.0-G-15-08353,Inkhu,27.76781631407007,86.86986016428637,27.778006,86.83401973182958,24.12332,4.660532512330067,4909.586,6506.8774
RGI2000-v7.0-G-15-08354,,27.77518028738341,86.81495282476607,27.775284,86.8173280393873,39.8539,0.066051328595634,5867.352,6384.3213
RGI2000-v7.0-G-15-08355,,27.775708649411598,86.81243471266095,27.7780195,86.81434280769231,46.024952,0.108784509477487,5736.606,6244.5303
RGI2000-v7.0-G-15-08356,Kyashar,27.76226236620057,86.79453876645452,27.776359,86.79899053421072,31.941818,3.306064742884749,4545.9854,6659.7827
RGI2000-v7.0-G-15-08357,,27.783388703599996,86.78505000644176,27.7832485,86.78405012300115,38.06628,0.022205325444686,5833.915,6006.4355
RGI2000-v7.0-G-15-08358,,27.78296966434,86.7741969650907,27.782505999999998,86.77604261033284,34.153503,0.225638295247872,5055.0312,5439.6772
RGI2000-v7.0-G-15-08359,,27.77528182215314,86.77633883657194,27.7758845,86.77700429625855,40.247883,0.043028853210909,5090.3564,5365.478
RGI2000-v7.0-G-15-08360,,27.773426333986176,86.77613865583614,27.771365000000003,86.77829886904762,37.36053,0.105890522033826,5059.893,5532.5264
RGI2000-v7.0-G-15-08361,,27.797898818950866,86.78385157164992,27.791798,86.79164174346583,48.8621,0.521346829425606,5345.706,6560.913
RGI2000-v7.0-G-15-08362,,27.791333765229243,86.80076926799651,27.792622,86.79984746591063,43.98656,0.056039527761668,5644.4263,5962.8867
RGI2000-v7.0-G-15-08363,,27.806885104514443,86.78620811019935,27.7998025,86.79668243192529,34.400192,1.143492817798608,4547.2563,6237.033
RGI2000-v7.0-G-15-08364,,27.797668525658647,86.77539756286187,27.795892000000002,86.77596726169548,45.030624,0.079661030807598,5610.7134,6067.572
RGI2000-v7.0-G-15-08365,,27.801648888128703,86.76592707943131,27.7994475,86.76999113664007,28.877817,0.261633872526063,4876.01,5341.1284
RGI2000-v7.0-G-15-08366,,27.81546836061446,86.82357925856661,27.8128435,86.82510563624722,42.277473,0.088983865710563,4985.96,5485.894
RGI2000-v7.0-G-15-08367,,27.81397200000347,86.82981021942965,27.812964,86.8310860235849,24.229435,0.027157948035909,5801.7617,5933.4385
RGI2000-v7.0-G-15-08368,,27.814004257851067,86.83453904090096,27.8139875,86.8336837562876,27.472372,0.016837142160399,5963.0996,6029.633
RGI2000-v7.0-G-15-08369,,27.812036790349026,86.84185353526624,27.813141,86.8388149549543,20.862453,0.081890737339929,5563.0273,5778.3354
RGI2000-v7.0-G-15-08370,,27.82003316119151,86.8389651356628,27.8174405,86.83919192297756,45.479736,0.063961494551431,5068.996,5632.92
RGI2000-v7.0-G-15-08372,,27.77071873980309,86.85581900000075,27.769797,86.85497220142737,30.492458,0.025657264824008,5557.086,5726.3853
RGI2000-v7.0-G-15-08373,,27.767106623621434,86.8526532713015,27.7683195,86.85154953084688,42.886814,0.030522625228288,5594.889,5872.3936
RGI2000-v7.0-G-15-08374,,27.759426878099163,86.85582183972363,27.7587825,86.85335944933185,30.28037,0.089670969637824,5425.632,5693.21
RGI2000-v7.0-G-15-08375,,27.754864969584943,86.85407652501588,27.75425,86.85241966348471,21.790964,0.09636487674,5411.06,5542.377
RGI2000-v7.0-G-15-08376,,27.755082124648485,86.85768366212285,27.752579,86.85683158102766,24.218239,0.20555359636679,5300.169,5555.215
RGI2000-v7.0-G-15-08377,,27.749811800639712,86.83536667223846,27.748176,86.83016242375886,35.299274,0.272905583271665,5096.8984,5740.1543
RGI2000-v7.0-G-15-08378,,27.74456989352202,86.82168370975067,27.7460895,86.82005483531287,35.68525,0.051829083692831,4888.7163,5184.2646
RGI2000-v7.0-G-15-08379,,27.752601380328716,86.81862753015548,27.7531085,86.82003964638261,57.44673,0.058461211253366,6051.973,6365.505
RGI2000-v7.0-G-15-08380,,27.749957130152307,86.81479374403679,27.75063,86.81326197629309,30.526487,0.040234245127854,5490.25,5679.8438
RGI2000-v7.0-G-15-08381,,27.75305296417968,86.80548275390375,27.7510205,86.80720532451403,35.71194,0.059481821547397,5161.275,5551.1743
RGI2000-v7.0-G-15-08382,,27.744758515490194,86.81557024158121,27.745317999999997,86.81196534576094,29.409071,0.292474098750757,5203.4287,5688.6333
RGI2000-v7.0-G-15-08383,,27.740590404512023,86.80943635469728,27.7397245,86.80521614848811,35.098255,0.474107047001591,5489.965,6312.2524
RGI2000-v7.0-G-15-08384,,27.740946505243677,86.79641125486242,27.737507,86.79740634341253,47.10432,0.179755214649708,5503.4385,6325.864
RGI2000-v7.0-G-15-08385,,27.73930820794719,86.79472491881509,27.7354475,86.79318219640504,40.943314,0.322841257658264,5602.119,6293.005
RGI2000-v7.0-G-15-08386,,27.733157787482657,86.80840486346334,27.7307435,86.80053297716206,28.285067,0.342871277966214,5125.7393,5675.8027
RGI2000-v7.0-G-15-08387,,27.722103454484092,86.80895757779246,27.7252355,86.79841086825911,22.270105,1.408437830450583,4973.717,5806.9067
RGI2000-v7.0-G-15-08388,,27.71602465421289,86.80067482384909,27.718273,86.79590728771552,35.527973,0.366440106001632,5094.075,5838.8447
RGI2000-v7.0-G-15-08389,,27.713857335204242,86.79478980018729,27.7140145,86.79359857150357,35.827717,0.026613168240141,5465.727,5617.3984
RGI2000-v7.0-G-15-08390,,27.710297479228807,86.79648071379864,27.710628,86.79314653159145,35.14358,0.152012330455117,5123.859,5659.5386
RGI2000-v7.0-G-15-08391,,27.720246477282046,86.78408399323244,27.717804,86.78754475793727,40.158836,0.305255940212352,5294.388,5848.198
RGI2000-v7.0-G-15-08392,,27.708178078420282,86.77891724912534,27.705617,86.7801791647001,38.63971,0.070046658678712,4915.883,5448.641
RGI2000-v7.0-G-15-08393,,27.701665020254044,86.77611248611439,27.7009795,86.77696334223072,35.740425,0.023145705557336,5437.3354,5558.994
RGI2000-v7.0-G-15-08394,,27.70235758738226,86.79014838529349,27.700916499999998,86.78647034572849,26.504892,0.311191212089688,5190.865,5689.6914
RGI2000-v7.0-G-15-08395,,27.697051651191018,86.78600907001669,27.6952335,86.7839584535946,23.810345,0.142189778455618,5226.722,5525.4014
RGI2000-v7.0-G-15-08396,,27.69568966969084,86.78821915712895,27.69361,86.78641412095689,33.200184,0.106158764134546,5100.4307,5447.8696
RGI2000-v7.0-G-15-08397,,27.689752043696622,86.79076608940915,27.6881085,86.78760504512579,27.2019,0.107764244248509,5247.888,5532.1743
RGI2000-v7.0-G-15-08398,,27.68988593346072,86.79359300000013,27.687834,86.79148268968379,35.963688,0.107443394731661,5040.0444,5431.218
RGI2000-v7.0-G-15-08400,,27.685303378205347,86.78357100000014,27.6859705,86.7844449612555,41.648067,0.013074121998596,5219.939,5385.1123
RGI2000-v7.0-G-15-08402,,27.751770565598687,86.78674727328485,27.7463635,86.79375992188267,30.033337,0.29601302103452,4480.8916,5319.219
RGI2000-v7.0-G-15-08403,,27.763531090110277,86.81516140463606,27.764187,86.81912973267984,48.146156,0.125210298677317,5764.4116,6522.057
RGI2000-v7.0-G-15-08404,,27.74856551432835,86.84383564845062,27.7607295,86.8294630367455,29.363432,3.212939502401158,4493.4,6685.084
RGI2000-v7.0-G-15-08405,,27.767470678867625,86.66279533754745,27.7696435,86.66193096540178,30.145493,0.10457265316303,5531.42,5850.663
RGI2000-v7.0-G-15-08406,,27.767326283365204,86.64986206317806,27.771221,86.65620231214149,34.950264,0.277644828881659,4958.5337,5768.181
RGI2000-v7.0-G-15-08407,,27.77541546615165,86.6449844633019,27.774894500000002,86.64579919136605,21.124743,0.038331216752546,5162.2183,5235.3057
RGI2000-v7.0-G-15-08408,,27.7815814924573,86.64320980529762,27.786186999999998,86.64727160288066,28.929825,1.073115076341489,5289.3945,6100.975
RGI2000-v7.0-G-15-08409,,27.785851377413636,86.6382116011402,27.7864485,86.63830873817332,34.607033,0.036714682007683,5396.1455,5514.0806
RGI2000-v7.0-G-15-08410,,27.787923842505684,86.63221172742661,27.794258499999998,86.63300574428682,30.019257,0.594597382959894,5178.412,6006.9404
RGI2000-v7.0-G-15-08411,,27.790593146815258,86.62876805572587,27.793318,86.62970164559565,27.778803,0.166899656951977,5350.3535,5658.501
RGI2000-v7.0-G-15-08412,,27.79939720408586,86.61803293061396,27.80085,86.61412934810497,33.455666,0.110846791646293,5394.1973,5862.9653
RGI2000-v7.0-G-15-08413,,27.797242955094198,86.61428122845173,27.7993205,86.61058825478469,32.594147,0.222530488367203,5369.709,5963.9766
RGI2000-v7.0-G-15-08414,,27.790653802224696,86.61158101053461,27.7967255,86.60714035459182,29.094831,0.77789840554475,5246.025,6192.8896
RGI2000-v7.0-G-15-08415,,27.787300290246854,86.60176937341993,27.7956955,86.6012279638866,30.239483,0.65540354692029,5225.699,6386.112
RGI2000-v7.0-G-15-08416,,27.786097525901567,86.59279213437564,27.7954955,86.5869673126642,29.63077,3.071967162839738,5065.999,6596.567
RGI2000-v7.0-G-15-08417,,27.81115347731009,86.56535428303981,27.808904499999997,86.57140647272641,54.70055,0.296918890044511,5611.823,6391.1133
RGI2000-v7.0-G-15-08418,Thyangbo,27.823002326590014,86.57782484433689,27.819188,86.56807422727273,23.354843,0.54654378920223,4636.3247,5293.724
RGI2000-v7.0-G-15-08421,,27.816005187125697,86.60733730068137,27.8139075,86.6066479325183,36.077312,0.066680565385236,4513.004,4860.2905
RGI2000-v7.0-G-15-08422,,27.837935154907793,86.58418333756087,27.8390535,86.5828645726452,35.95065,0.056485318700481,5279.797,5530.594
RGI2000-v7.0-G-15-08423,,27.837691262118348,86.58083712033961,27.839821999999998,86.5795766048387,34.916904,0.109244688677601,5294.528,5653.384
RGI2000-v7.0-G-15-08424,,27.845695899567726,86.58997231979365,27.8455675,86.58090830428958,37.886353,0.336955758252435,5534.1196,6094.536
RGI2000-v7.0-G-15-08425,,27.85572182208467,86.59079182223184,27.85155,86.58771394865994,32.665726,0.690535391211722,4859.848,5707.616
RGI2000-v7.0-G-15-08426,,27.860095233731688,86.58556470819875,27.8548345,86.58037464866864,35.422344,0.39160693247247,4881.8496,6079.811
RGI2000-v7.0-G-15-08427,,27.874276977766325,86.58022862633482,27.863725,86.5720062184875,38.752728,2.701515371152884,4372.567,6602.318
RGI2000-v7.0-G-15-08428,,27.866490113810215,86.54837963665653,27.860284,86.55476036310782,43.865547,0.479882417031701,5992.42,6820.2466
RGI2000-v7.0-G-15-08429,,27.851339629705045,86.54968336782441,27.8517655,86.55083064820676,57.421635,0.034046790316531,6154.6006,6487.5093
RGI2000-v7.0-G-15-08430,,27.84564547997563,86.55447373661463,27.8431365,86.55062535458612,33.34506,0.263019279986673,5515.529,6096.918
RGI2000-v7.0-G-15-08431,,27.83923718397314,86.56281669623878,27.848732,86.56300415946501,27.32617,0.905893998906452,5151.955,6763.5327
RGI2000-v7.0-G-15-08432,,27.840748103761467,86.56996238528937,27.843833500000002,86.57053614847487,24.920164,0.288519114233736,5120.8813,5598.291
RGI2000-v7.0-G-15-08433,Thyangbo,27.833362292529667,86.56179019372257,27.829475000000002,86.55421882840909,33.642857,1.16959362188587,4938.4067,6166.657
RGI2000-v7.0-G-15-08434,,27.82337598655811,86.56147336955353,27.818022,86.55269336688937,27.49929,0.901417888575062,5015.5996,5878.976
RGI2000-v7.0-G-15-08435,,27.814272497083255,86.54764490066655,27.8137225,86.54489167574042,52.160862,0.183809504265291,6026.4355,6560.487
RGI2000-v7.0-G-15-08436,,27.81195069353551,86.5592422837453,27.8103645,86.55739752959792,52.78096,0.150579712695367,5582.4463,6184.0166
RGI2000-v7.0-G-15-08437,,27.78507087183485,86.56188223950302,27.784922,86.56347911771894,42.37055,0.145520941863259,5888.9736,6303.8013
RGI2000-v7.0-G-15-08438,,27.764617887472205,86.53550642676846,27.784461,86.55066397700892,26.742107,8.767864519904494,4405.249,6698.45
RGI2000-v7.0-G-15-08439,,27.778425,86.549357,27.774699,86.55585824960632,33.6496,0.255723214591709,4799.4087,5580.019
RGI2000-v7.0-G-15-08440,,27.77852910857734,86.56164926072783,27.7724385,86.56393243369868,38.84977,0.301858264729548,6104.528,6552.3896
RGI2000-v7.0-G-15-08441,,27.779853633579165,86.60595018982308,27.7739315,86.57295313693035,31.795532,7.955946000673585,4830.251,6815.8335
RGI2000-v7.0-G-15-08442,,27.774311081655256,86.59798338724875,27.77086,86.59782121097047,32.19086,0.219838092416617,5010.858,5534.293
RGI2000-v7.0-G-15-08443,,27.770048067640925,86.60235031178624,27.7691645,86.60332029763548,35.49684,0.036317946237268,5285.5786,5455.9463
RGI2000-v7.0-G-15-08444,,27.772660705983974,86.60804463001787,27.771729999999998,86.607458106508,34.87067,0.035514087447823,5182.725,5317.6387
RGI2000-v7.0-G-15-08445,,27.76804479170813,86.62193100648234,27.76539,86.6123808392857,22.792322,0.67963890991774,4942.1797,5796.8335
RGI2000-v7.0-G-15-08446,,27.76250187028168,86.61914842516711,27.761642000000002,86.61155513489723,30.610554,0.387698180931403,5001.851,5741.8677
RGI2000-v7.0-G-15-08447,,27.756646848118482,86.61616215094392,27.755601499999997,86.60877753054262,33.71836,0.329814583124617,5021.486,5751.796
RGI2000-v7.0-G-15-08448,,27.750585091862263,86.58600562066287,27.7544175,86.58916087473573,42.898495,0.53084410874899,5810.0776,6763.9224
RGI2000-v7.0-G-15-08449,,27.73420282612562,86.58510442511236,27.7382845,86.58391373444863,24.576027,0.326851822396254,5259.815,5715.139
RGI2000-v7.0-G-15-08451,,27.723512863867338,86.60359308559022,27.726709,86.60692112500001,35.10731,0.205521789415744,4987.7783,5592.201
RGI2000-v7.0-G-15-08452,,27.71929312389354,86.60812877974816,27.722324,86.61013034433962,31.754524,0.371349454168789,5035.421,5552.051
RGI2000-v7.0-G-15-08453,,27.717120214655818,86.61088670830024,27.717075,86.61196769285714,35.020657,0.053769176374642,5135.715,5287.226
RGI2000-v7.0-G-15-08454,,27.711782065594342,86.61607077851593,27.713113,86.6162659059633,24.519066,0.065518583430042,5261.9937,5408.931
RGI2000-v7.0-G-15-08455,,27.707023962672242,86.62163590283815,27.712296000000002,86.62254899226234,20.75076,0.571087217978985,5015.9087,5454.465
RGI2000-v7.0-G-15-08456,,27.711385686882927,86.6354501812316,27.7115195,86.63336793229108,26.192043,0.162314880887213,5087.653,5359.2515
RGI2000-v7.0-G-15-08457,,27.701019703185306,86.63198451326453,27.7021215,86.63245323631956,30.689692,0.044136605323625,5141.8115,5297.856
RGI2000-v7.0-G-15-08458,,27.726949216624256,86.63490133360578,27.722996000000002,86.63054863301883,29.733942,0.909095892706134,5011.6514,6055.6294
RGI2000-v7.0-G-15-08459,,27.727031652362566,86.62057519660186,27.7267785,86.6191411565917,48.327213,0.027304092273821,5964.6323,6220.693
RGI2000-v7.0-G-15-08460,,27.750555369111922,86.6260398773497,27.739780500000002,86.62663926748303,34.86333,3.046377204950872,4672.7812,6500.753
RGI2000-v7.0-G-15-08461,,27.782638077260955,86.6575160599911,27.782624,86.65630493200742,25.041752,0.027740804151457,5458.845,5577.771
RGI2000-v7.0-G-15-08462,,27.723694257933797,86.58628496464148,27.739494,86.56896206751054,20.096416,3.653418102907925,4823.0825,6846.1426
RGI2000-v7.0-G-15-08463,,27.733367252077798,86.56440139327051,27.7339865,86.56306439866505,34.23957,0.039139168024087,5515.2754,5705.8877
RGI2000-v7.0-G-15-08464,,27.729653148258024,86.57020957348338,27.7314035,86.56371753331841,20.903963,0.381328230432242,5136.513,5635.7515
RGI2000-v7.0-G-15-08465,,27.727936320097683,86.56606204489728,27.7290985,86.56288371740325,25.030405,0.138450725126283,5179.543,5596.746
RGI2000-v7.0-G-15-08466,,27.723519430554358,86.56504969147258,27.723383,86.55997245573771,23.007708,0.380348527870249,5093.9966,5545.46
RGI2000-v7.0-G-15-08467,,27.718596859874193,86.56178184962417,27.720019999999998,86.55805213997868,27.841652,0.118338881690212,5201.3774,5562.6924
RGI2000-v7.0-G-15-08470,,27.73575171696979,86.54356128866439,27.730227,86.55099028486025,25.108944,0.576683646628943,4783.7305,5508.4116
RGI2000-v7.0-G-15-08471,,27.738322949155634,86.54957727602866,27.736397,86.55420178479658,29.128931,0.306949357368121,5248.674,5654.0845
RGI2000-v7.0-G-15-08472,,27.74963288080727,86.53879502758261,27.7485745,86.55061662296512,27.923656,2.355453794299869,4724.9155,6845.4287
RGI2000-v7.0-G-15-08473,,27.752840512719484,86.54719443313515,27.75457,86.55142007829406,30.651428,0.169765419978004,5123.4883,5637.665
RGI2000-v7.0-G-15-08474,,27.75788386584855,86.54646705952803,27.757711999999998,86.54731120914062,35.53222,0.025381362957809,5138.1675,5284.0156
RGI2000-v7.0-G-15-08475,,27.74500617141685,86.56431114134621,27.74751,86.56410424799301,40.911137,0.07448876240393,5799.86,6308.5645
RGI2000-v7.0-G-15-08478,,27.771095438074443,86.51193486965204,27.772441,86.51080540028263,27.283855,0.060441927560722,5108.9683,5273.8506
RGI2000-v7.0-G-15-08479,,27.771982958837263,86.51539104521997,27.773825,86.51407247172692,23.857237,0.122666197769079,5171.1255,5376.2856
RGI2000-v7.0-G-15-08480,,27.774091685450273,86.5184713418892,27.775036999999998,86.5175612763663,32.137665,0.017837856416866,5152.6523,5269.076
RGI2000-v7.0-G-15-08481,,27.77402082279202,86.52161499222903,27.7787155,86.51973466301969,21.064528,0.310059682430532,5021.217,5383.7886
RGI2000-v7.0-G-15-08482,,27.775685948407894,86.52827656887067,27.787022999999998,86.5249940530846,23.910698,1.21934847741565,4948.127,6108.7617
RGI2000-v7.0-G-15-08483,,27.77394800323417,86.50704291091883,27.783879,86.5100423697662,20.003492,1.49111672157396,5047.3145,6199.4424
RGI2000-v7.0-G-15-08484,,27.789619421361092,86.50930407175379,27.7911955,86.50935921027242,43.91084,0.056967400221472,5889.7935,6199.34
RGI2000-v7.0-G-15-08485,,27.794787312538286,86.50472312635245,27.793795,86.50831438901189,53.28838,0.256770303709193,5490.701,6197.6504
RGI2000-v7.0-G-15-08486,,27.791620435248834,86.49266509729493,27.799014,86.50296459324704,21.196796,1.520093144482535,4846.8525,5997.5806
RGI2000-v7.0-G-15-08487,,27.806551399931784,86.49661989095695,27.809958,86.4988559611958,24.45827,0.186594721818601,5126.514,5407.743
RGI2000-v7.0-G-15-08489,,27.8201846699518,86.50516440632654,27.8189505,86.50356625621879,28.023178,0.066981313829995,5352.271,5581.407
RGI2000-v7.0-G-15-08490,,27.817537591130534,86.48882906088777,27.8192115,86.48338693678707,22.383648,0.382601437144135,5334.3906,5736.7227
RGI2000-v7.0-G-15-08491,,27.82578516407284,86.48218616987171,27.824392500000002,86.4815627331081,41.42301,0.041860839981632,5365.114,5501.616
RGI2000-v7.0-G-15-08492,,27.83172779516091,86.48032891823875,27.8273095,86.47924846236559,21.865608,0.503953368208713,5001.5317,5423.454
RGI2000-v7.0-G-15-08493,,27.83108460196483,86.47122462565535,27.829467,86.47173429964329,47.1451,0.027920897725745,5161.335,5563.4517
RGI2000-v7.0-G-15-08495,,27.83303391732812,86.45926249967378,27.8338225,86.45573554361708,32.338985,0.136563780159726,5291.0664,5686.8096
RGI2000-v7.0-G-15-08496,,27.830030070054598,86.44973504852445,27.830721500000003,86.44981208090266,43.778946,0.019091046365265,5907.706,6019.2534
RGI2000-v7.0-G-15-08497,,27.84182992964705,86.460991284591,27.8399695,86.4544650213923,34.593185,0.524915674412019,5067.378,5950.7134
RGI2000-v7.0-G-15-08498,,27.848153137902248,86.44513783738297,27.8472005,86.44695203815147,45.914318,0.037063219290805,5475.1855,5815.086
RGI2000-v7.0-G-15-08499,,27.855648305488938,86.4444980230453,27.852578,86.44534317624955,41.24622,0.072708206499186,5067.737,5631.978
RGI2000-v7.0-G-15-08500,,27.863916668119522,86.4525789934718,27.8552135,86.45030398058253,27.709389,0.767587264737534,4906.564,5853.326
RGI2000-v7.0-G-15-08502,,27.84095003420472,86.43632651774125,27.8389145,86.43621325613839,32.40774,0.033745002510501,5409.3433,5660.7153
RGI2000-v7.0-G-15-08503,,27.844378228314277,86.43364485916524,27.838728500000002,86.43220449829934,22.168638,0.46683693925186,5116.2686,5680.7583
RGI2000-v7.0-G-15-08504,,27.839950360549725,86.40929465695729,27.8280825,86.43330473796917,20.570349,4.321070455596659,4786.922,5854.299
RGI2000-v7.0-G-15-08505,,27.809472193515866,86.44896092833837,27.819412,86.44687244947656,22.82379,2.572815133791847,4890.863,5815.76
RGI2000-v7.0-G-15-08506,,27.816176376836154,86.45532933910373,27.818142,86.45693818760832,22.932022,0.26794609253601,5334.977,5588.732
RGI2000-v7.0-G-15-08508,,27.8063657998362,86.47426743135682,27.807591000000002,86.47545976811594,25.43539,0.090668165880236,5183.5503,5363.9067
RGI2000-v7.0-G-15-08509,,27.81294417378982,86.4768515947955,27.8124885,86.47842382506363,37.382603,0.058163752474146,5566.221,5836.269
RGI2000-v7.0-G-15-08510,,27.801978634696884,86.48321024088673,27.8059625,86.48431927587968,29.073925,0.251314915818285,5114.1685,5635.8877
RGI2000-v7.0-G-15-08511,,27.80248556108167,86.49074566000851,27.8039485,86.48878916952589,24.308928,0.240126217569082,5215.136,5479.5137
RGI2000-v7.0-G-15-08512,,27.782764509872237,86.49535197907448,27.786070000000002,86.49999590264869,24.036106,0.28255547522795,4979.966,5398.839
RGI2000-v7.0-G-15-08513,,27.802749157886065,86.51982699337631,27.8042965,86.52274005147227,45.79091,0.095546167519516,6227.866,6625.0464
RGI2000-v7.0-G-15-08514,,27.817672477186317,86.52318009356047,27.816546000000002,86.52420344881334,40.09787,0.045133841128946,5285.514,5548.192
RGI2000-v7.0-G-15-08515,,27.84023130767794,86.5223006386846,27.84169,86.52295790741523,34.797337,0.043270957780114,5485.888,5803.759
RGI2000-v7.0-G-15-08516,,27.84365165269859,86.51595057177414,27.845395,86.51797789665206,31.128815,0.150235793282847,5543.55,5902.716
RGI2000-v7.0-G-15-08517,,27.850296842140953,86.51393257353725,27.851086,86.51476523180077,34.561382,0.124687707172566,5823.222,6144.1426
RGI2000-v7.0-G-15-08518,,27.85231899974378,86.52054677289784,27.8533935,86.5168643466296,33.44141,0.177712104774705,5658.05,6140.4526
RGI2000-v7.0-G-15-08519,,27.8602034800852,86.52466978408704,27.8576695,86.52052310942307,28.87589,0.283641378646802,5514.8794,6103.0337
RGI2000-v7.0-G-15-08520,,27.861251766165267,86.52725804945108,27.862868,86.5214832157341,20.35003,1.791991629210401,5453.16,6151.235
RGI2000-v7.0-G-15-08521,,27.8800452199838,86.51524444965105,27.876593,86.51274853797993,43.23749,0.258064792361485,6012.9707,6583.344
RGI2000-v7.0-G-15-08523,,27.869307605109285,86.49431031524162,27.8703655,86.49168086669555,41.07228,0.123677138537865,5643.252,6089.5146
RGI2000-v7.0-G-15-08524,,27.87700686076587,86.47676666001519,27.8814895,86.48842210502306,43.405476,1.595192523166906,5163.5576,6608.5522
RGI2000-v7.0-G-15-08525,,27.897063812267728,86.49585253616823,27.8923,86.49505336473683,36.513607,0.175546077980613,5113.3086,5834.2207
RGI2000-v7.0-G-15-08526,,27.89521817158246,86.52383986811809,27.8969025,86.52386249799389,46.109894,0.106310320890281,6251.263,6630.203
RGI2000-v7.0-G-15-08527,,27.89529858137218,86.55231706211028,27.8968565,86.55178654665643,38.96249,0.035232849992536,6130.9937,6306.698
RGI2000-v7.0-G-15-08528,,27.891669045229673,86.55450543039161,27.893048,86.55412929324895,26.168184,0.044758282772054,5970.852,6095.329
RGI2000-v7.0-G-15-08529,,27.887062560902816,86.56368004908508,27.889705499999998,86.55992220810386,32.47249,0.37272731160595,5287.3286,5904.4785
RGI2000-v7.0-G-15-08530,,27.88459595975273,86.56400856270272,27.8841045,86.56208455103416,29.211765,0.12841778182893,5286.155,5589.984
RGI2000-v7.0-G-15-08531,,27.879694512604473,86.56809881708823,27.8784475,86.56252392379464,32.25482,0.582243064315142,5044.793,6274.0493
RGI2000-v7.0-G-15-08532,,27.870528076401257,86.55153844471069,27.870116,86.5523298993671,22.450989,0.037668611590681,6391.166,6499.2363
RGI2000-v7.0-G-15-08534,,27.89380942627331,86.56613375232128,27.900133,86.56160951558266,26.96419,1.011801553520017,5237.314,6138.927
RGI2000-v7.0-G-15-08535,,27.901136023588066,86.5661082010668,27.901908499999998,86.56506153493729,35.24172,0.027774072650797,5632.5,5740.4673
RGI2000-v7.0-G-15-08536,,27.899567593313815,86.56936083057714,27.900312,86.56776098914884,31.277418,0.037918263042916,5425.5264,5573.913
RGI2000-v7.0-G-15-08538,,27.912355186565264,86.5809053983023,27.916751,86.57599460215144,21.821457,0.991103332763764,5302.932,5858.4966
RGI2000-v7.0-G-15-08539,,27.912708916144574,86.58788935417466,27.9173125,86.58776593299999,20.499557,0.270989230261907,5277.329,5724.7417
RGI2000-v7.0-G-15-08540,,27.912474476134193,86.59430579107831,27.917746,86.59129458392187,21.520048,0.576041695931944,5159.697,5713.1597
RGI2000-v7.0-G-15-08541,,27.918835486504232,86.60156066867113,27.9189935,86.59935092857143,33.97612,0.045892824556303,5654.704,5800.2954
RGI2000-v7.0-G-15-08542,,27.927061408003674,86.59148141161403,27.9256355,86.5911086919643,41.918316,0.0869958514604,5153.3657,5484.7056
RGI2000-v7.0-G-15-08543,Langdak,27.93400268141532,86.58335808736268,27.927301,86.57610987336814,20.553768,2.365549855770856,4906.7114,6337.2007
RGI2000-v7.0-G-15-08545,,28.009685946252322,86.5601318671005,28.0065995,86.558680217011,27.57056,0.101454792166637,5205.539,5551.09
RGI2000-v7.0-G-15-08548,,28.019303170184966,86.53331922143481,28.0206175,86.53401080884272,39.60632,0.084937365435372,5624.1196,5858.047
RGI2000-v7.0-G-15-08549,,28.049648339456418,86.56890329162661,28.046265,86.55960606292331,35.388863,2.028491996950455,5596.733,6870.8804
RGI2000-v7.0-G-15-08550,,28.044339381027182,86.57325855887262,28.0430565,86.5723603565227,48.462254,0.057862631268437,5672.6777,6080.7803
RGI2000-v7.0-G-15-08552,,28.068258116384285,86.57554119890132,28.0670465,86.57342973552338,29.540144,0.102426235757671,5501.679,5776.096
RGI2000-v7.0-G-15-08553,,28.068144461750133,86.56996375300449,28.0692005,86.569399,48.56523,0.073241068603385,5873.3203,6160.859
RGI2000-v7.0-G-15-08554,,28.104719201897026,86.50421796704059,28.081301500000002,86.55342161739792,23.228964,12.645424639989585,4805.9375,6830.7397
RGI2000-v7.0-G-15-08555,,28.038240256036396,86.38195304796575,28.038483,86.38339941815661,34.009304,0.029337736741286,5185.791,5338.6987
RGI2000-v7.0-G-15-08556,,28.03822158383983,86.37373953079417,28.034538,86.3768038207127,37.007607,0.289346320324119,4847.2666,5785.208
RGI2000-v7.0-G-15-08557,,28.185548567168563,86.3374028816238,28.1829915,86.33508923090204,21.218153,0.15484337209194,5541.5205,5772.458
RGI2000-v7.0-G-15-08558,,28.18874799131068,86.33824762008898,28.190204,86.33683538253013,24.565792,0.052173451633179,5657.2456,5821.6235
RGI2000-v7.0-G-15-08559,,28.19566812318041,86.34124379296087,28.193863999999998,86.33990949671835,28.392315,0.138173627570006,5515.2046,5796.5063
RGI2000-v7.0-G-15-08561,,28.200037177048344,86.32200839831468,28.2021695,86.32889500045735,20.94934,0.837691499555224,5317.1685,5875.515
RGI2000-v7.0-G-15-08563,,28.22503380219779,86.31583971279385,28.2209465,86.31917283490816,33.916927,0.559820385612802,5366.864,6053.1357
RGI2000-v7.0-G-15-08564,,28.215882140752655,86.30866658623364,28.21385,86.31137841408139,32.94185,0.263306820993809,5337.852,5847.0967
RGI2000-v7.0-G-15-08565,,28.206368030236234,86.30644922853166,28.208413,86.30980132343413,22.022308,0.249094421452539,5487.5293,5796.5586
RGI2000-v7.0-G-15-08567,,28.226991651671135,86.3232662089809,28.2260995,86.33667736111242,28.979286,2.209561165044001,5305.8335,6310.1133
RGI2000-v7.0-G-15-08568,,28.22009171277394,86.34233270871468,28.2216625,86.34349631399915,46.093502,0.118982624148379,5976.3105,6313.406
RGI2000-v7.0-G-15-08570,,28.208603710213094,86.3572246051719,28.207957,86.35673503050052,26.713512,0.051946016148805,5723.295,5858.1445
RGI2000-v7.0-G-15-08571,,28.200930510826332,86.35616314877242,28.205121,86.3576297330533,20.665472,0.301748397649474,5600.6494,5935.3237
RGI2000-v7.0-G-15-08572,,28.202795845788525,86.36007150501506,28.204062,86.3604701728395,35.470554,0.03346088229096,5732.5073,5902.081
RGI2000-v7.0-G-15-08573,,28.19997043382756,86.3614122704611,28.20013,86.36303938933266,26.366985,0.037073614567673,5569.6924,5722.495
RGI2000-v7.0-G-15-08574,,28.195283653414155,86.36391845964562,28.196058999999998,86.36505867294119,22.760437,0.127176860128032,5548.6826,5685.2607
RGI2000-v7.0-G-15-08576,,28.19034998033763,86.3754715053138,28.191505499999998,86.37676997394499,38.58455,0.064510194697112,5630.247,5867.0815
RGI2000-v7.0-G-15-08578,,28.201587685916305,86.35308788612306,28.205526499999998,86.35324752107378,27.510168,0.25672645197624,5589.5796,5946.2466
RGI2000-v7.0-G-15-08581,,28.235582860841337,86.35353587358141,28.233787,86.34980002572706,31.341745,0.216960084965744,5439.46,5848.9595
RGI2000-v7.0-G-15-08582,,28.234575110292973,86.34188144051122,28.234028000000002,86.34501808294118,26.412394,0.178028842785632,5544.4443,5915.447
RGI2000-v7.0-G-15-08585,,28.24840119182701,86.32405897785253,28.2566305,86.33776107926585,20.501791,2.150177091741496,5358.948,6337.1265
RGI2000-v7.0-G-15-08586,,28.213183423152625,86.27643726201084,28.2673675,86.3331809105474,22.042747,31.228397685873365,4811.867,7269.5938
RGI2000-v7.0-G-15-08587,,28.256877750699264,86.32173699721994,28.2601465,86.32449797009426,20.95161,0.442163115010634,5486.39,5865.855
RGI2000-v7.0-G-15-08588,,28.26164540833243,86.31311406569681,28.260633,86.3141177909836,31.159485,0.103578101595375,5466.162,5758.3584
RGI2000-v7.0-G-15-08590,,28.240974482864086,86.36105153107215,28.2536245,86.35243256148007,24.80832,2.42239525319592,5324.314,6331.744
RGI2000-v7.0-G-15-08591,,28.247040241854904,86.36607430266818,28.248248,86.36408025,38.714973,0.074173744798578,5782.9795,6015.3496
RGI2000-v7.0-G-15-08593,Erbu,28.208433777738456,86.4039097970625,28.2585455,86.39162631324976,21.402029,19.68022503068687,4984.5786,7253.829
RGI2000-v7.0-G-15-08594,,28.272709318789676,86.40868253358329,28.2752165,86.40770795574161,22.31793,0.177997065713932,5464.933,5721.2456
RGI2000-v7.0-G-15-08595,,28.280685123913294,86.40857454801134,28.282494,86.40222207619678,41.64105,0.509916885883437,5681.1304,6614.6763
RGI2000-v7.0-G-15-08597,,28.26844200238935,86.41748944056437,28.267144000000002,86.42398908591284,23.988056,1.029409114188062,5527.7236,6053.387
RGI2000-v7.0-G-15-08598,,28.259948740654277,86.42496243447015,28.2614315,86.42464772838785,34.660095,0.082192514729268,5823.4414,6065.0723
RGI2000-v7.0-G-15-08599,,28.259275638043434,86.41790112442877,28.260644,86.42006795494186,28.159498,0.113060374688068,5621.9497,5962.9395
RGI2000-v7.0-G-15-08600,,28.265899866244467,86.43674738972815,28.2652635,86.4335759420533,20.204357,0.155616528170301,5632.249,5824.051
RGI2000-v7.0-G-15-08601,,28.257742179154512,86.4365329989374,28.256414,86.43614629160997,27.852522,0.084099281203352,5544.0845,5725.4873
RGI2000-v7.0-G-15-08602,,28.252583754158813,86.42746201449643,28.249956,86.42967345696721,21.95861,0.375328410520692,5574.359,5860.226
RGI2000-v7.0-G-15-08603,,28.24827619223383,86.42075278856052,28.2468615,86.42422557308022,39.753723,0.092273716893876,5581.783,5957.8906
RGI2000-v7.0-G-15-08604,,28.236831343717494,86.42134673870616,28.237721,86.42702635758876,21.370543,0.52375813525756,5452.556,5829.671
RGI2000-v7.0-G-15-08606,,28.30183958500982,86.46186095637563,28.304833000000002,86.46022280880695,21.605211,0.318349609943307,5664.5195,5969.3735
RGI2000-v7.0-G-15-08607,,28.306386019490347,86.44877971642529,28.307781,86.44924295887876,42.09891,0.035531899802287,6005.2354,6254.902
RGI2000-v7.0-G-15-08608,,28.3121727485184,86.45015613863646,28.3102995,86.44972779036388,35.560524,0.143655737867908,5924.8174,6256.253
RGI2000-v7.0-G-15-08610,,28.32452205840761,86.45367080496708,28.3276255,86.45354155209395,40.76389,0.180898095794471,6047.229,6501.1543
RGI2000-v7.0-G-15-08611,,28.32549304169257,86.44944375188659,28.3289075,86.44913623282798,41.79569,0.111997995843873,5987.612,6490.3296
RGI2000-v7.0-G-15-08612,,28.32194028979362,86.44757374833449,28.328045,86.44641725355288,34.353405,0.413983230478561,5803.2153,6649.537
RGI2000-v7.0-G-15-08613,,28.32561021672022,86.44141032327974,28.3284155,86.44154158498554,39.95967,0.096408968839845,6002.04,6557.8613
RGI2000-v7.0-G-15-08614,,28.327909524633974,86.46537813058396,28.33031,86.45706550549451,27.419598,0.456212360288735,5787.858,6530.05
RGI2000-v7.0-G-15-08617,,28.358145541587614,86.46982366878443,28.356867,86.4673328783945,41.396557,0.072019827747259,5955.1616,6354.357
RGI2000-v7.0-G-15-08618,,28.35949208356867,86.47406021195418,28.3617655,86.4701033145378,20.44168,0.283086609401582,5849.2085,6234.29
RGI2000-v7.0-G-15-08619,,28.364326149537625,86.46166166571311,28.3639705,86.46307749061427,22.812836,0.083356930555094,6035.488,6256.888
RGI2000-v7.0-G-15-08624,,28.372968842183443,86.48863330214529,28.372535999999997,86.4861434691409,24.614958,0.14078433890609,5942.6636,6117.3022
RGI2000-v7.0-G-15-08625,,28.38744647273797,86.49242715140673,28.385075,86.49005439973858,23.356625,0.130410025283904,5681.5464,5910.8
RGI2000-v7.0-G-15-08627,,28.398424330386103,86.48830076731456,28.3951865,86.48802005560981,21.732927,0.2412349073798,5609.715,5900.854
RGI2000-v7.0-G-15-08629,,28.349011761135724,86.47003274584297,28.351422,86.47410051116974,20.222383,0.113790630540016,5844.3486,6049.3374
RGI2000-v7.0-G-15-08630,,28.33826621049894,86.48524841920812,28.3344995,86.48505557647059,30.23515,0.488092409528278,5685.2993,6178.7646
RGI2000-v7.0-G-15-08631,,28.328969824001778,86.48965817092461,28.330543,86.4893707057143,32.321106,0.083272801741497,5960.701,6207.31
RGI2000-v7.0-G-15-08632,,28.33477137278985,86.49649291633602,28.333278999999997,86.4955600012845,39.284283,0.212257461404495,5789.7925,6209.032
RGI2000-v7.0-G-15-08634,,28.267022334239087,86.50623042714312,28.263412000000002,86.5089204830448,30.821835,0.27276831053919,5523.22,6029.5977
RGI2000-v7.0-G-15-08640,,28.245476046773675,86.51202384634944,28.244740999999998,86.51419761026992,33.789623,0.140561904416188,5699.5283,6019.095
RGI2000-v7.0-G-15-08642,,28.35897992932702,86.4308660699052,28.357425,86.43132318810041,30.708757,0.055703705146705,6026.533,6251.4766
RGI2000-v7.0-G-15-08647,,28.34218807668807,86.3872456638942,28.338883000000003,86.38349046106558,29.659716,0.24589015884223,6039.8154,6481.649
RGI2000-v7.0-G-15-08649,,28.3490412036509,86.38601428177505,28.348104,86.38220350014453,37.707867,0.365869735058531,6102.822,6635.989
RGI2000-v7.0-G-15-08650,,28.36570633130082,86.38837555300098,28.3565915,86.38347391784822,23.2636,1.049634873255473,5739.769,6627.872
RGI2000-v7.0-G-15-08652,,28.362516077967598,86.37312784185808,28.3583025,86.37534339408224,31.03575,0.264181263801442,5818.3257,6366.2754
RGI2000-v7.0-G-15-08653,,28.354068603020004,86.3698364809476,28.3513605,86.37263006572542,29.83556,0.171174639874009,6058.0464,6457.8276
RGI2000-v7.0-G-15-08655,,28.33890577260603,86.36049192981469,28.3371595,86.35907955378354,27.670591,0.06119645965142,5962.1045,6184.475
RGI2000-v7.0-G-15-08657,,28.35596847833523,86.34975517579012,28.359721,86.34292523436532,22.202566,0.704051979617644,5882.8677,6410.6104
RGI2000-v7.0-G-15-08658,,28.36555845420305,86.33100001380885,28.365498000000002,86.33491881635926,26.440895,0.199609021508171,5960.0947,6212.8203
RGI2000-v7.0-G-15-08659,,28.37184574692609,86.31823761825423,28.357295,86.32689728276928,22.943829,2.14960293162479,5648.815,6740.63
RGI2000-v7.0-G-15-08660,,28.352105007168593,86.31146080933745,28.351119500000003,86.31282888827837,33.925316,0.037380627615484,6202.4565,6413.7173
RGI2000-v7.0-G-15-08661,,28.347109072789028,86.30697074009278,28.346071,86.31266170658563,34.41686,0.252260779304255,5979.695,6645.418
RGI2000-v7.0-G-15-08662,,28.343715328307013,86.30693603497369,28.3434785,86.31055994414893,33.844803,0.152537603905937,6042.868,6619.1846
RGI2000-v7.0-G-15-08663,Cuolangma Glacier,28.35379364278075,86.29733500345797,28.3287305,86.29812942587193,21.096298,12.548129183095098,5345.6797,7295.799
RGI2000-v7.0-G-15-08664,,28.33298523645676,86.28244943892958,28.331546000000003,86.28489615351155,40.841854,0.098722738199394,6267.431,6512.3755
RGI2000-v7.0-G-15-08666,,28.335850532838673,86.26768314944547,28.338676,86.26273080296,33.09342,0.68660078594033,6077.3086,6713.961
RGI2000-v7.0-G-15-08667,,28.337419979263036,86.24971609394572,28.3391475,86.25267241822431,37.96597,0.366317947998717,6043.522,6711.8164
RGI2000-v7.0-G-15-08668,,28.34263975519188,86.24639071452562,28.3429385,86.24914715074681,36.373634,0.094748955080681,6066.6636,6533.6143
RGI2000-v7.0-G-15-08669,,28.34767838896035,86.24167443361155,28.345927,86.24643724098543,32.784065,0.132049198079938,5851.566,6331.85
RGI2000-v7.0-G-15-08670,,28.358883180629032,86.24792915325892,28.3550265,86.24665715938866,23.941858,0.232121873843505,5796.99,6205.7383
RGI2000-v7.0-G-15-08671,,28.36287379546738,86.24909398467032,28.352003000000003,86.2559961587132,24.08998,1.961067398518773,5675.4287,6698.9014
RGI2000-v7.0-G-15-08673,,28.324808509943395,86.25330760977018,28.3274105,86.25678637038934,33.286243,0.302233568578128,5811.5396,6294.7114
RGI2000-v7.0-G-15-08674,,28.344331655524424,86.2262181022068,28.3241005,86.23897004959136,21.629377,9.017477688445307,5347.028,6911.6895
RGI2000-v7.0-G-15-08675,,28.328921930788933,86.22315555020363,28.3270515,86.22209039624724,40.716526,0.106420018411881,5705.253,6083.878
RGI2000-v7.0-G-15-08677,,28.317331572481915,86.22236981891142,28.316446999999997,86.22081397661691,49.266735,0.078379757409073,5994.7617,6348.252
RGI2000-v7.0-G-15-08678,Chaxiequdeng Glacier,28.32867414870737,86.19565148667641,28.3163755,86.19740165959823,27.12337,3.169677473909422,5421.979,6616.8057
RGI2000-v7.0-G-15-08679,,28.32103804048243,86.17840321687821,28.321894,86.17896668446463,33.760334,0.025549761621489,6120.7627,6246.8413
RGI2000-v7.0-G-15-08680,,28.330263264562408,86.17831957413112,28.3273255,86.17966218372253,40.10615,0.232713913066519,5730.3115,6295.391
RGI2000-v7.0-G-15-08681,,28.339335721557436,86.17260493507683,28.3341955,86.17147193944109,20.123507,0.570005264576514,5773.4966,6177.946
RGI2000-v7.0-G-15-08682,,28.318692354848444,86.16450210217452,28.315025499999997,86.17332264881635,26.075495,1.27355271273952,5600.192,6200.834
RGI2000-v7.0-G-15-08683,,28.304747424632797,86.17702437190121,28.305275,86.17954363696808,21.168959,0.070677999273336,5703.0806,5838.8354
RGI2000-v7.0-G-15-08684,Paqu Glacier,28.29718727233104,86.16599282875906,28.294005,86.17706784020885,24.301933,4.582223826165198,5307.094,6614.022
RGI2000-v7.0-G-15-08685,,28.277091970840214,86.1778319455381,28.282221999999997,86.18581438432835,37.037697,0.881341858770629,5443.7085,6497.066
RGI2000-v7.0-G-15-08686,,28.272343871314877,86.18591542856628,28.278658,86.19089477144061,38.73282,0.636772548762857,5335.494,6503.7544
RGI2000-v7.0-G-15-08687,,28.2701747320232,86.19509459317104,28.2729085,86.19682458432538,33.398483,0.141753837611302,5541.8384,5934.952
RGI2000-v7.0-G-15-08689,,28.259542310878004,86.20279205136761,28.2586505,86.204830651341,26.595345,0.068469838042017,5573.572,5757.458
RGI2000-v7.0-G-15-08690,,28.253706507991474,86.20200832071907,28.2530135,86.20451901195702,27.807863,0.158499327543287,5450.468,5785.34
RGI2000-v7.0-G-15-08692,,28.24529425227214,86.20813861719003,28.245883,86.20854424273902,24.217478,0.02808954630818,5596.688,5681.0396
RGI2000-v7.0-G-15-08694,,28.230335555221888,86.20397784086454,28.2338225,86.20554705640663,23.908781,0.294939566310261,5485.6743,6026.233
RGI2000-v7.0-G-15-08695,,28.230688399972394,86.21018520699926,28.231945,86.2106256096059,37.126434,0.060411883996855,5774.697,6033.734
RGI2000-v7.0-G-15-08697,,28.24282972673111,86.2205341912513,28.239289,86.2176504332453,23.048283,1.235112479534796,5335.2676,5873.8345
RGI2000-v7.0-G-15-08699,,28.218343843229096,86.22102801713778,28.2174165,86.22292254037268,31.660736,0.065611091648719,5710.096,5822.3374
RGI2000-v7.0-G-15-08700,,28.21499291806419,86.21792048575774,28.2171075,86.217130473126,22.413528,0.101480830543784,5638.743,5824.4937
RGI2000-v7.0-G-15-08701,,28.217311133494523,86.21277303589808,28.217819,86.21374278740157,32.43968,0.01891854218348,5615.923,5740.247
RGI2000-v7.0-G-15-08702,,28.212275606847736,86.21703058366123,28.212398999999998,86.21871158755275,28.091198,0.044650715815261,5421.2866,5565.7397
RGI2000-v7.0-G-15-08703,,28.206897609209587,86.21778214470142,28.209010499999998,86.2215736236873,32.33161,0.09936921674654,5454.458,5841.5625
RGI2000-v7.0-G-15-08705,,28.21182211151448,86.22563639310549,28.2103215,86.22594160240284,35.840034,0.071795732338227,5538.3022,5722.423
RGI2000-v7.0-G-15-08706,,28.213838483611426,86.23630178416735,28.212218,86.23124652722689,20.129898,0.414518742941513,5339.2476,5722.4517
RGI2000-v7.0-G-15-08708,,28.20006318025936,86.22752521020773,28.19991,86.22973785139754,23.66053,0.179963950967179,5504.085,5809.698
RGI2000-v7.0-G-15-08709,,28.200753509224562,86.24124579870025,28.1986565,86.23576200165563,24.49668,0.372146063557184,5344.5513,5759.2173
RGI2000-v7.0-G-15-08710,,28.1897354737265,86.23128330021402,28.192870499999998,86.23311826931773,29.085503,0.111801843726944,5452.6772,5830.4507
RGI2000-v7.0-G-15-08713,,28.20065870190272,86.25579578378694,28.200862,86.25475568804347,31.690598,0.015025716896589,5410.4824,5495.3945
RGI2000-v7.0-G-15-08714,,28.213495540653657,86.24369802640628,28.2116585,86.2449332105615,31.086187,0.130145500626764,5392.2007,5699.5093
RGI2000-v7.0-G-15-08715,,28.25832281880641,86.25476090088729,28.256967500000002,86.25465623214286,22.978836,0.049137445143293,5490.824,5600.772
RGI2000-v7.0-G-15-08716,,28.259258642826055,86.25315386173575,28.258799500000002,86.2511063507757,24.19375,0.095832393934498,5494.33,5676.6997
RGI2000-v7.0-G-15-08717,,28.26303879440724,86.24636309927189,28.2643965,86.24548278880407,21.528622,0.032871320811139,5728.7075,5803.709
RGI2000-v7.0-G-15-08719,,28.276320995007744,86.25237500442041,28.2729365,86.24707254385106,20.618818,0.562059169551275,5463.5337,5918.1904
RGI2000-v7.0-G-15-08720,,28.277584016875835,86.23501375212379,28.2788555,86.24050390463918,26.758678,0.594149582550181,5403.1484,5796.137
RGI2000-v7.0-G-15-08721,,28.257712537744883,86.28402247780119,28.283341,86.25447133086419,20.490364,7.902427662896681,5111.874,6820.6597
RGI2000-v7.0-G-15-08722,,28.27921398839181,86.26588239845486,28.279147000000002,86.27018615142774,22.68332,0.470398582866977,5391.5913,5899.7075
RGI2000-v7.0-G-15-08723,,28.27547592631318,86.28094526123522,28.278329,86.27859209166667,40.523705,0.125663351370472,5695.7256,6119.6797
RGI2000-v7.0-G-15-08724,,28.286822341744518,86.28776506506505,28.281557,86.28254646418074,24.9562,0.887792321798195,5382.9883,6033.3696
RGI2000-v7.0-G-15-08725,,28.298243338221962,86.29396999671654,28.299442,86.29489521714274,30.649181,0.063580597516275,5758.775,5928.8926
RGI2000-v7.0-G-15-08726,,28.3086428235793,86.26262457711766,28.307329,86.26272379607116,56.25566,0.061413285827463,6223.966,6798.563
RGI2000-v7.0-G-15-08727,,28.34638886887634,86.21361765809708,28.339388,86.21147899825175,28.984488,0.667032369137369,5574.9033,6239.2534
RGI2000-v7.0-G-15-08729,,28.291578704185095,86.15762582018692,28.288249999999998,86.16059800105288,29.106777,0.229169717116362,5381.0195,5929.53
RGI2000-v7.0-G-15-08730,,28.29218188441856,86.15429199919133,28.287432000000003,86.15496444052783,32.1573,0.588814549511219,5349.4253,5930.959
RGI2000-v7.0-G-15-08731,,28.286897656860944,86.1465261070193,28.2850655,86.14983330247642,30.73181,0.237467808575155,5506.1587,6017.166
RGI2000-v7.0-G-15-08732,,28.278522037415552,86.14781379220533,28.2792415,86.14722776627218,20.88053,0.019293705699605,5624.6177,5680.7812
RGI2000-v7.0-G-15-08733,,28.28651117379848,86.13601891124453,28.2816185,86.1422259882529,26.891624,0.597269051737063,5294.8584,5877.335
RGI2000-v7.0-G-15-08734,,28.285293996825146,86.13226389669151,28.281407,86.13467363065327,33.812054,0.374175064975126,5286.792,5884.7534
RGI2000-v7.0-G-15-08735,,28.28588259781777,86.13003085503121,28.281124,86.12768846896682,26.172192,0.841190392270338,5302.3965,5903.93
RGI2000-v7.0-G-15-08736,,28.276697326009966,86.12219188221226,28.277074499999998,86.12027610961184,36.5963,0.034446873214799,5844.09,6007.241
RGI2000-v7.0-G-15-08737,,28.271141335324206,86.11207246920688,28.275492,86.11613705561595,27.37507,0.385856404328585,5568.286,6026.434
RGI2000-v7.0-G-15-08738,,28.275273298127836,86.10699957581504,28.279043,86.11347793996674,23.733921,0.38577083435529,5525.406,5997.493
RGI2000-v7.0-G-15-08739,,28.287326890059035,86.12156847298867,28.283755,86.11863239979544,31.012808,0.436923009412285,5468.157,6011.1
RGI2000-v7.0-G-15-08740,,28.27137486727981,86.12827311158728,28.2726185,86.13038693331865,26.926258,0.076270952685191,5588.9707,5789.882
RGI2000-v7.0-G-15-08742,,28.277322877404377,86.15817948791417,28.2807365,86.16087004254727,24.851044,0.367461456005695,5505.676,5961.0303
RGI2000-v7.0-G-15-08743,,28.275750382496124,86.16124679877832,28.2771665,86.16333737738643,27.671082,0.111824480471116,5663.134,5837.6562
RGI2000-v7.0-G-15-08744,,28.280827052076624,86.1709316487734,28.278729,86.166823648013,22.520489,0.283491909856691,5558.9087,5824.759
RGI2000-v7.0-G-15-08745,,28.273733702763998,86.16434542292984,28.273907,86.16543314506788,32.896606,0.040535610809039,5610.9473,5778.857
RGI2000-v7.0-G-15-08748,,28.377441920409456,86.43004088902913,28.375636,86.428719405126,26.142216,0.131184050287,6049.729,6236.298
RGI2000-v7.0-G-15-08749,,28.373542129476142,86.43358802696851,28.369386,86.43163977462686,31.691656,0.33432592373669,5977.7856,6352.468
RGI2000-v7.0-G-15-08750,,28.30742600727809,85.95599262240147,28.3065825,85.95603025797857,31.05501,0.05337485634871,5420.1074,5548.111
RGI2000-v7.0-G-15-08751,,28.310498563015486,85.9529409652953,28.305740999999998,85.95029822713815,32.36984,0.237838122455342,5257.074,6019.3335
RGI2000-v7.0-G-15-08752,,28.311436164457664,85.94801053926321,28.306543,85.94754308026961,36.789772,0.604779368539793,5299.519,6216.5806
RGI2000-v7.0-G-15-08753,,28.295867664862982,85.94214923786556,28.299675,85.94189363807753,40.24843,0.278961419514968,5564.1924,6243.0806
RGI2000-v7.0-G-15-08754,,28.31310998004012,85.94145231882966,28.308163,85.9371087123746,34.48964,0.205155224839114,5346.0117,6220.4385
RGI2000-v7.0-G-15-08755,,28.315980027089903,85.9363342031022,28.309869499999998,85.93415618194838,29.913166,0.639686808314162,5377.0723,6183.1226
RGI2000-v7.0-G-15-08756,,28.31823596586387,85.92995492026557,28.312855,85.92747019721584,31.885725,0.641479210714047,5331.003,6021.4365
RGI2000-v7.0-G-15-08757,,28.320258094821263,85.92089460088833,28.3145295,85.91827330342323,24.462875,0.846282415684517,5410.5376,5981.5444
RGI2000-v7.0-G-15-08760,,28.356300068997893,85.85720367966265,28.353429,85.85820467605205,31.533432,0.211673453170053,5231.908,5774.413
RGI2000-v7.0-G-15-08761,,28.356028256011975,85.85345286800379,28.3537135,85.85344283510528,42.766853,0.053610497773658,5299.1025,5834.9727
RGI2000-v7.0-G-15-08762,Reqiang Glacier,28.358477701241174,85.860741537618,28.363867499999998,85.84320624215502,26.226135,5.275260517873353,5209.78,7445.017
RGI2000-v7.0-G-15-08763,,28.369219072656946,85.84877504928379,28.372263,85.8477779198791,46.022354,0.072605610963175,5560.9204,6313.9023
RGI2000-v7.0-G-15-08764,,28.37488893439343,85.8510048611177,28.375183999999997,85.84985051514124,44.464294,0.046891763001908,6021.6577,6231.107
RGI2000-v7.0-G-15-08765,Xiebupu Glacier,28.385017373873115,85.86275413627266,28.383878,85.86145970648671,22.459951,0.093842017553452,5493.878,5677.214
RGI2000-v7.0-G-15-08766,,28.387460272209537,85.83566938887715,28.385551,85.83638866832325,20.799625,0.09231315464121,5634.716,5800.782
RGI2000-v7.0-G-15-08767,,28.38511876254075,85.82153707346406,28.384034,85.82072219854368,39.21106,0.033523361637114,6040.206,6224.447
RGI2000-v7.0-G-15-08769,Xiebupu Glacier,28.392925125632576,85.80387159487589,28.390456,85.79628029232803,22.388098,0.548623252147745,5764.895,6275.3486
RGI2000-v7.0-G-15-08770,,28.400093938473855,85.80782816604868,28.401632,85.80205364903135,29.846594,0.558530073469732,5921.9424,6422.7285
RGI2000-v7.0-G-15-08773,,28.404970745933735,85.7818605916066,28.4033005,85.7804788712646,36.88799,0.054810275802153,6224.457,6474.387
RGI2000-v7.0-G-15-08774,,28.40386915968856,85.77192089848111,28.4010555,85.77542523192163,33.500717,0.230344550680641,5989.211,6524.8887
RGI2000-v7.0-G-15-08775,,28.413134372964656,85.77932978914139,28.410469,85.7798674948097,27.860025,0.128505558089767,5956.716,6285.6733
RGI2000-v7.0-G-15-08776,,28.392969888034283,85.76988135521187,28.38957,85.7738159924472,30.919243,0.218395389528147,6010.7866,6589.9004
RGI2000-v7.0-G-15-08778,,28.346088672228642,85.74931778204811,28.3471725,85.75248233828657,26.410984,0.177172653064667,5812.0684,6169.342
RGI2000-v7.0-G-15-08780,,28.315516297699077,85.77119225878288,28.327135,85.7847105254184,27.707232,3.320561330887783,5612.182,7344.4175
RGI2000-v7.0-G-15-08781,,28.287233266329938,85.78414876361063,28.3071445,85.79481670299145,25.7856,5.215995804537606,5420.1436,7074.2183
RGI2000-v7.0-G-15-08782,,28.288518855307153,85.79110606716084,28.2916955,85.7988375194322,24.226261,0.693181205344485,5548.9585,6112.3013
RGI2000-v7.0-G-15-08783,,28.281319869671094,85.7974430382464,28.284681,85.80076237234991,28.267286,0.356470576518324,5569.714,6080.899
RGI2000-v7.0-G-15-08784,,28.279676885298997,85.8006849072485,28.283621500000002,85.80480515058855,25.837738,0.387758389040596,5584.543,6060.5054
RGI2000-v7.0-G-15-08785,,28.27435705991987,85.81187716224407,28.2800955,85.80925008590249,22.269075,0.596595278272548,5579.3687,6075.3105
RGI2000-v7.0-G-15-08786,,28.28473844561576,85.81619986691479,28.284869999999998,85.81416226936642,38.069042,0.10487067453566,5762.0464,6109.4385
RGI2000-v7.0-G-15-08787,,28.290564776270028,85.81366121753176,28.288472499999997,85.81499267486379,49.47349,0.068937297504649,5450.7383,6051.026
RGI2000-v7.0-G-15-08788,,28.300942749527426,85.81322546308213,28.305092000000002,85.8126800673077,42.401493,0.337992055740677,5497.623,6609.254
RGI2000-v7.0-G-15-08789,,28.304326140276807,85.81693895421891,28.307138,85.82027210524194,49.53645,0.170776543173399,5747.7783,6481.4116
RGI2000-v7.0-G-15-08790,,28.310875333976337,85.82803047317798,28.309655,85.82711631612091,35.625183,0.233572138115227,5268.8286,5824.023
RGI2000-v7.0-G-15-08791,,28.32543893251135,85.83397767762297,28.333405499999998,85.82931051785714,28.045826,14.188526866457607,5060.013,7837.8315
RGI2000-v7.0-G-15-08792,,28.354948323000677,85.82642655440577,28.355351,85.82552298555166,47.788834,0.045675510036454,5925.019,6185.8433
RGI2000-v7.0-G-15-08793,,28.414400506497188,85.83993807470624,28.420166000000002,85.84088254101347,20.747517,0.404148459203774,5755.14,6135.9487
RGI2000-v7.0-G-15-08794,,28.427883235678955,85.84476022265343,28.425401,85.8448937624396,36.871162,0.191781625698805,5795.5103,6153.0015
RGI2000-v7.0-G-15-08795,,28.427764185306216,85.83718326820942,28.426847000000002,85.83787134511475,31.342316,0.067671576344323,6002.7847,6141.8794
RGI2000-v7.0-G-15-08796,,28.42851195916474,85.82997009536933,28.426923000000002,85.82858308770633,23.389242,0.105819140637667,5787.305,5952.938
RGI2000-v7.0-G-15-08797,,28.429987382729372,85.82027676430812,28.430417,85.81144046930964,22.487183,1.385975579706774,5733.584,6163.012
RGI2000-v7.0-G-15-08798,Kangbure Glacier,28.445183556980627,85.79643528960217,28.4416195,85.79909984661018,24.617933,0.476993647459979,5798.2036,6194.9365
RGI2000-v7.0-G-15-08803,,28.268161114667976,85.7510733835711,28.2703555,85.74937659299363,34.597027,0.120570678376121,5412.2617,5873.276
RGI2000-v7.0-G-15-08807,,28.219036888124105,85.83550635281694,28.210213500000002,85.79549013308764,24.189333,4.452776433292646,4490.6924,6897.9854
RGI2000-v7.0-G-15-08808,,28.214502398082256,85.78641323690012,28.211817500000002,85.77878657398898,31.893522,0.910632580075755,5953.184,6794.186
RGI2000-v7.0-G-15-08809,,28.13482165911655,85.73233113618527,28.155441500000002,85.76047859188071,22.87706,9.834984610450588,4375.371,6761.1646
RGI2000-v7.0-G-15-08810,,27.88128153329293,86.35264828525487,27.8805445,86.35403725909646,33.60012,0.07107576784515,4801.0596,5026.772
RGI2000-v7.0-G-15-08811,,27.878921835155385,86.361511,27.878092000000002,86.36002795332038,36.074406,0.025216211714822,5266.4575,5462.5933
RGI2000-v7.0-G-15-08812,,27.872047340655204,86.35928669450611,27.8709355,86.36198147468528,28.070713,0.091870073766655,5092.3594,5338.201
RGI2000-v7.0-G-15-08813,,27.869416583005258,86.35341814829837,27.865546000000002,86.35995822477766,24.688467,0.530842961400643,4816.055,5330.922
RGI2000-v7.0-G-15-08814,,27.85943758396521,86.36329427151512,27.8588565,86.36638756121931,37.241467,0.052178375497806,5172.6626,5370.582
RGI2000-v7.0-G-15-08815,,27.85708087137686,86.36689888435257,27.856777,86.36784994020356,30.785069,0.019896535819761,5235.9775,5305.857
RGI2000-v7.0-G-15-08816,,27.856245983477983,86.36518762762934,27.856180000000002,86.36616777143021,40.47048,0.016473133342214,5094.178,5239.426
RGI2000-v7.0-G-15-08818,,27.857599694353656,86.38248238839631,27.8582125,86.3838701925,27.02579,0.039182609238959,5068.7046,5262.0605
RGI2000-v7.0-G-15-08819,,27.863028411588804,86.38910516615275,27.8612225,86.38909631170887,38.69698,0.078929160821697,4982.6772,5296.6455
RGI2000-v7.0-G-15-08820,,27.86597672244067,86.39002951090818,27.8637485,86.38696003864675,29.52832,0.131911083485785,4763.8706,5058.639
RGI2000-v7.0-G-15-08821,,27.854151967221,86.39229394212586,27.8555725,86.39009359632712,20.25841,0.061579104417329,5162.1245,5315.689
RGI2000-v7.0-G-15-08822,,27.855100083782546,86.39590062889296,27.857107499999998,86.39572751993167,24.929312,0.069041300308514,5111.6025,5254.2817
RGI2000-v7.0-G-15-08823,,27.862860542636877,86.39974394570113,27.859911500000003,86.39821210127931,25.341902,0.244380417301155,5011.845,5274.356
RGI2000-v7.0-G-15-08825,,27.853806680185645,86.41911690347294,27.8548495,86.41613490308504,23.799543,0.347357365667403,5275.485,5584.2837
RGI2000-v7.0-G-15-08826,,27.858864154070933,86.41856446280185,27.859138,86.4174661660584,22.511644,0.035255307327752,5341.189,5429.2773
RGI2000-v7.0-G-15-08827,,27.825528057188322,86.40658739820465,27.826297,86.41170001981132,29.922445,0.233436678111893,4904.9365,5343.305
RGI2000-v7.0-G-15-08828,,27.81948600230735,86.41009069253647,27.819902,86.41153357489452,21.28569,0.039736747563844,4868.764,4974.049
RGI2000-v7.0-G-15-08829,,27.8183093249014,86.41392970238978,27.8165475,86.41492613107823,43.732567,0.070824026861412,5039.48,5500.8096
RGI2000-v7.0-G-15-08830,,27.81744377245425,86.41220742946761,27.8152765,86.4132054845152,40.28432,0.073879754273238,4956.6465,5459.7617
RGI2000-v7.0-G-15-08831,,27.822187057409508,86.41164223656375,27.8207015,86.4183659341754,23.432814,0.512976812448069,5039.2324,5669.9473
RGI2000-v7.0-G-15-08832,,27.810792998407383,86.42125600000004,27.810025,86.42027300000001,41.49313,0.022273502620529,5461.526,5635.801
RGI2000-v7.0-G-15-08833,,27.808669032062753,86.41203044418249,27.8062745,86.41599984971248,24.908064,0.193272123252517,4988.0083,5322.7437
RGI2000-v7.0-G-15-08834,,27.806391154975987,86.40914879482922,27.804225000000002,86.41528189355196,26.390583,0.187172788588151,4942.603,5386.312
RGI2000-v7.0-G-15-08835,,27.79727910697928,86.41367985341847,27.7972245,86.41534197243895,24.045095,0.073440665363931,5079.108,5211.653
RGI2000-v7.0-G-15-08836,,27.798118142635285,86.40963016813456,27.793893,86.41322451071392,27.864286,0.378165729929906,4957.573,5352.3
RGI2000-v7.0-G-15-08837,,27.79662480505957,86.40684252846056,27.793545,86.4071289226186,23.853735,0.192472629919913,5050.8794,5357.39
RGI2000-v7.0-G-15-08838,,27.79355177809644,86.42311568344844,27.7907595,86.41939231094304,20.14736,0.343417764227643,5004.538,5328.6304
RGI2000-v7.0-G-15-08839,,27.78318560412223,86.41437129410939,27.785369000000003,86.41734981969704,22.78914,0.195438328383458,5033.6426,5307.439
RGI2000-v7.0-G-15-08840,,27.782710019705593,86.42644800302021,27.7841955,86.42593006881236,23.252682,0.053453713183965,5155.494,5284.1943
RGI2000-v7.0-G-15-08841,,27.77778930791601,86.40519237581083,27.776268,86.4086008584485,20.186152,0.554872576121425,4923.695,5331.3853
RGI2000-v7.0-G-15-08842,,27.772634139539534,86.39475601902011,27.771352999999998,86.39563743991397,29.829643,0.058552906783941,4967.52,5150.053
RGI2000-v7.0-G-15-08843,,27.764208420928306,86.40845192448211,27.7633,86.4095009850322,24.441862,0.051604261582609,4981.6265,5102.2993
RGI2000-v7.0-G-15-08844,,27.764448400295667,86.41753267339925,27.7652465,86.4157934572163,21.178299,0.079533655735145,5143.6704,5289.5522
RGI2000-v7.0-G-15-08845,,27.766306227660074,86.42243303324206,27.766647,86.421410535865,50.84175,0.043636577238963,5151.669,5386.458
RGI2000-v7.0-G-15-08846,,27.756197967720674,86.41297420460023,27.755101500000002,86.41282638293305,27.507412,0.033762360186754,5075.065,5171.8403
RGI2000-v7.0-G-15-08847,,27.801057771817767,86.43993758255905,27.802478999999998,86.43912693254599,25.587486,0.0696930468637,5253.9565,5433.3687
RGI2000-v7.0-G-15-08848,,27.801606946867967,86.44378068507635,27.8028415,86.44361724156852,32.225906,0.029991189119056,5196.1514,5319.45
RGI2000-v7.0-G-15-08849,,27.80977307254739,86.43686362658231,27.8086545,86.43595875367978,38.769794,0.026986089325543,5451.249,5646.866
RGI2000-v7.0-G-15-08851,,27.876430537041298,86.35105166074511,27.8749205,86.35183021082949,23.32646,0.047708151603352,4933.5034,5085.114
RGI2000-v7.0-G-15-08852,,28.937612287477812,86.07293985289314,28.934393,86.07018912677572,21.030018,0.238084765044162,5579.9795,5864.1133
RGI2000-v7.0-G-15-08853,,28.93865601428583,86.07631454691425,28.937050499999998,86.07692401211757,39.211174,0.116912272464895,5601.023,5953.929
RGI2000-v7.0-G-15-08854,,28.946484152606292,86.08216001637992,28.9467945,86.08502020061147,38.422997,0.127047456404819,5913.2583,6298.215
RGI2000-v7.0-G-15-08855,,28.95476844305496,86.08684731305524,28.951063,86.09006,41.76401,0.334865799826458,5630.829,6295.848
RGI2000-v7.0-G-15-08856,Cangla Glacier,28.95030138002738,86.09729567591924,28.9495125,86.09327545955057,37.957676,0.338478014730789,5819.2246,6306.0107
RGI2000-v7.0-G-15-08857,,28.959501394720885,86.09886893756574,28.955128,86.09493363423587,30.396997,0.30595357130496,5562.979,6183.5503
RGI2000-v7.0-G-15-08858,,27.560964671119052,88.13971035064664,27.564905500000002,88.14054267326733,32.608086,0.459276640049115,5027.8594,5799.1343
RGI2000-v7.0-G-15-08859,,27.55676331061573,88.14478478310754,27.563273,88.14690395774647,33.335117,0.326744765752576,4949.548,5910.626
RGI2000-v7.0-G-15-08860,,27.563321094432744,88.15724090465537,27.566100499999997,88.15236644317092,36.459587,0.240973343615063,5106.7197,5823.1226
RGI2000-v7.0-G-15-08861,,27.559804820068475,88.15875367815173,27.561245,88.1543813461403,29.127867,0.332004024599514,4997.164,5573.8667
RGI2000-v7.0-G-15-08862,,27.576965152122167,88.18466558695229,27.5882395,88.18097684678708,23.512142,3.112182203179787,4513.0396,6213.369
RGI2000-v7.0-G-15-08863,,27.600091374386054,88.20631503650746,27.598201500000002,88.20110680605708,28.357,0.180619694777887,4741.6245,5050.6973
RGI2000-v7.0-G-15-08864,,27.60196748778351,88.21945088941399,27.5899775,88.2090897117508,36.516186,2.186294010677412,4419.6562,6624.3423
RGI2000-v7.0-G-15-08865,,27.57359683589118,88.20012103879105,27.574040500000002,88.20780041198603,47.682854,0.31656851069505,4929.78,6475.9478
RGI2000-v7.0-G-15-08866,,27.561416589322132,88.19951530535259,27.565581,88.21572747987707,39.189007,1.537377086937774,4531.082,6448.0513
RGI2000-v7.0-G-15-08867,,27.558029113348955,88.2052772561343,27.5550875,88.21384699183479,33.908386,0.716048155656778,4829.242,5875.1704
RGI2000-v7.0-G-15-08868,,27.548465054176347,88.20814245697895,27.5457565,88.21432837406898,24.59866,0.417964923868565,4930.9424,5443.7305
RGI2000-v7.0-G-15-08869,,27.545040790749376,88.20506780250878,27.541909,88.2115613608097,30.51446,0.628448090891268,4878.9136,5804.97
RGI2000-v7.0-G-15-08870,,27.534903896162525,88.21100251485888,27.53458,88.21350544718058,32.655632,0.177645755468478,5034.998,5677.643
RGI2000-v7.0-G-15-08871,,27.529699742804137,88.20743768311497,27.5291125,88.21330384619729,33.129726,0.552953607038811,4832.909,5767.3584
RGI2000-v7.0-G-15-08872,,27.522676703258785,88.21170227937958,27.5227185,88.21624656991276,29.611027,0.256030947858701,4966.168,5489.6685
RGI2000-v7.0-G-15-08873,,27.516353747791396,88.21434554207731,27.519124499999997,88.21924312026935,25.378036,0.42033632514255,4978.349,5508.0073
RGI2000-v7.0-G-15-08874,,27.513400845578968,88.2150649513246,27.5126015,88.22125885795705,21.36237,0.131029488218455,4940.968,5259.449
RGI2000-v7.0-G-15-08875,,27.509032670504972,88.22733155762913,27.511369000000002,88.22529558741752,21.667536,0.151796510526861,5101.4604,5362.1377
RGI2000-v7.0-G-15-08876,,27.51172089114428,88.22760996482354,27.5127405,88.22771035171306,20.71545,0.024160158384969,5246.3457,5316.3403
RGI2000-v7.0-G-15-08877,,27.507172693765156,88.23290164229321,27.513268,88.23156336858975,22.53524,0.402435097067958,4819.064,5329.0483
RGI2000-v7.0-G-15-08878,,27.509039791096576,88.23613245321503,27.5105445,88.2390581515625,25.605556,0.168102393913099,5053.4624,5325.265
RGI2000-v7.0-G-15-08879,,27.511870309743383,88.24687388662295,27.514949,88.24290987055335,35.73072,0.172827391243175,5012.116,5710.5312
RGI2000-v7.0-G-15-08880,,27.5150791167294,88.2449740605247,27.517235999999997,88.24320561206898,38.86959,0.132288389997883,5271.813,5565.9697
RGI2000-v7.0-G-15-08881,,27.524348895282735,88.23936142444182,27.523529500000002,88.24019334939342,40.285706,0.038730877991713,5118.5728,5279.2573
RGI2000-v7.0-G-15-08882,,27.530966113930376,88.2423108934152,27.52418,88.24571504534282,27.492826,0.62007322376744,4693.7925,5696.422
RGI2000-v7.0-G-15-08883,,27.517651048080346,88.25176100084937,27.5225895,88.24995821863362,25.066942,0.672969050429239,4976.595,5424.243
RGI2000-v7.0-G-15-08884,,27.53263654290601,88.25119659416653,27.5303855,88.25097838630143,27.657288,0.091735399604792,4859.514,5080.0195
RGI2000-v7.0-G-15-08885,,27.526376995961638,88.2625044287295,27.525708,88.26124111712727,29.674168,0.052928765752765,5197.388,5346.344
RGI2000-v7.0-G-15-08886,,27.521715642678533,88.2620563826538,27.5226635,88.26262858672376,22.013128,0.03516083007744,5104.364,5185.3066
RGI2000-v7.0-G-15-08887,,27.51874078969353,88.26200037399764,27.5202985,88.2605334039085,20.520525,0.178783809377944,4993.5093,5131.8257
RGI2000-v7.0-G-15-08888,,27.51521792717293,88.26591330968138,27.5162895,88.2695041536941,31.453768,0.235204205441961,5102.4873,5543.6343
RGI2000-v7.0-G-15-08889,,27.50730889849902,88.26993187055685,27.5088315,88.27149111310484,29.999102,1.120391621264253,5007.3833,5672.2036
RGI2000-v7.0-G-15-08890,,27.506261655822897,88.28473376070903,27.508542499999997,88.28159826121795,33.280357,0.181281840732757,5272.397,5707.1406
RGI2000-v7.0-G-15-08891,,27.49893994217182,88.27656739338094,27.501167,88.28283611648779,29.606993,0.444685340669556,4954.8843,5436.4614
RGI2000-v7.0-G-15-08892,,27.511755960814217,88.29375354313375,27.5163495,88.28918731608191,29.122139,0.45507620929062,4746.831,5360.3906
RGI2000-v7.0-G-15-08893,,27.522692031586704,88.28088141237554,27.520497499999998,88.27935049674475,27.942657,0.23549114451521,4787.4062,5061.7915
RGI2000-v7.0-G-15-08894,,27.53212235392036,88.23784313070999,27.527681,88.23667155844156,23.460077,0.381422508464763,4628.3403,5098.338
RGI2000-v7.0-G-15-08895,,27.531866745283324,88.23094539825385,27.531239,88.2296626325431,41.03314,0.080001032987198,5080.204,5642.7617
RGI2000-v7.0-G-15-08896,,27.521915748848276,88.23194436443889,27.5211715,88.23086847688172,39.106743,0.053082516873405,5207.2646,5442.3154
RGI2000-v7.0-G-15-08897,,27.509024804748147,88.2172666837621,27.509679,88.21795650345288,28.41292,0.017452526234755,5071.6655,5154.9966
RGI2000-v7.0-G-15-08898,,27.558693820778476,88.23582336484984,27.548330999999997,88.2295889731719,29.529922,3.065670784648881,4667.5728,5853.1816
RGI2000-v7.0-G-15-08899,,27.564625965392423,88.24100274718903,27.5698375,88.22936088994987,37.4051,2.458643011155676,4339.2446,6629.816
RGI2000-v7.0-G-15-08900,,27.58679056537619,88.22639522463665,27.5824395,88.22529136658676,44.19388,0.624101325506047,5307.232,6563.5864
RGI2000-v7.0-G-15-08901,,27.577529176588257,88.24882178560112,27.5794565,88.2419993601839,30.283237,1.026254296586091,4775.9634,5799.8643
RGI2000-v7.0-G-15-08902,,27.587050673286452,88.2503666140795,27.5889535,88.245841089375,27.533392,0.759968791347941,4911.0273,5455.8003
